255,255,255,255,255,255,255,255,255,255,255,255,255,255,255,255,255,255,255,255,255,255,255,255,255,255,255,255,255,255,255,255,255,255,255,255,255,255,255,255,255,255,255,255,255,255,255,255,255,255,255,255,255,255,255,255,255,255,255,255,255,255,255,255,255,255,255,255,255,255,255,255,255,255,255,255,255,255,255,255,255,255,255,255,255,255,255,255,255,255,255,255,255,255,255,255,255,255,255,255,255,255,255,255,255,255,255,255,255,255,255,255,255,255,255,255,255,255,255,255,255,255,255,255,255,255,255,255,255,255,255,255,255,255,255,255,255,255,255,255,255,255,255,255,255,255,255,255,255,255,255,255,255,255,255,255,255,255,255,255,255,255,255,255,255,255,255,255,255,255,255,255,255,255,255,255,255,255,255,255,255,255,255,255,255,255,255,255,255,255,255,255,255,255,255,255,255,255,255,255,255,255,255,255,255,255,255,255,255,255,255,255,255,255,255,255,255,255,255,255,255,255,255,255,255,255,255,255,255,255,255,255,255,255,255,255,255,255,255,255,255,255,255,255,255,255,255,255,255,255,255,255,255,255,255,255,255,255,255,255,255,255,255,255,255,255,255,255,255,255,255,255,255,255,255,255,255,255,255,255,255,255,255,255,255,255,255,255,255,255,255,255,255,255,255,255,255,255,255,255,255,255,255,255,255,255,255,255,255,255,255,255,255,255,255,255,255,255,255,255,255,255,255,255,255,255,255,255,255,255,255,255,255,255,255,255,255,255,255,255,255,255,255,255,255,255,255,255,255,255,255,255,255,255,255,255,255,255,255,255,255,255,255,255,255,255,255,255,255,255,255,255,255,255,255,255,255,255,255,255,255,255,255,255,255,255,255,255,255,255,255,255,255,255,255,255,255,255,255,255,255,255,255,255,255,255,255,255,255,255,255,255,255,255,255,255,255,255,255,255,255,255,255,255,255,255,255,255,255,255,255,255,255,255,255,255,255,255,255,255,255,255,255,255,255,255,255,255,255,255,255,255,255,255,255,255,255,255,255,255,255,255,255,255,255,255,255,255,255,255,255,255,255,255,255,255,255,255,255,255,255,255,255,255,255,255,255,255,255,255,255,255,255,255,255,255,255,255,255,255,255,255,255,255,255,255,255,255,255,255,255,255,255,255,255,255,255,255,255,255,255,255,255,255,255,255,255,255,255,255,255,255,255,255,255,255,255,255,255,255,255,255,255,255,255,255,255,255,255,255,255,255,255,255,255,255,255,255,255,255,255,255,255,255,255,255,255,255,255,255,255,255,255,255,255,255,255,255,255,252,252,252,255,255,255,254,254,254,253,253,251,255,255,253,253,253,251,245,245,243,235,235,233,219,219,217,227,227,225,242,242,240,242,242,240,196,196,194,121,121,119,143,143,141,129,129,127,74,74,72,117,117,115,163,163,161,211,211,209,236,236,234,255,255,253,255,255,253,252,252,250,245,245,243,251,251,249,255,255,253,254,254,254,253,253,253,241,241,241,232,232,232
255,255,255,255,255,255,255,255,255,255,255,255,255,255,255,255,255,255,255,255,255,255,255,255,255,255,255,255,255,255,255,255,255,255,255,255,255,255,255,255,255,255,255,255,255,255,255,255,255,255,255,255,255,255,255,255,255,255,255,255,255,255,255,255,255,255,255,255,255,255,255,255,255,255,255,255,255,255,255,255,255,255,255,255,255,255,255,255,255,255,255,255,255,255,255,255,255,255,255,255,255,255,255,255,255,255,255,255,255,255,255,255,255,255,255,255,255,255,255,255,255,255,255,255,255,255,255,255,255,255,255,255,255,255,255,255,255,255,255,255,255,255,255,255,255,255,255,255,255,255,255,255,255,255,255,255,255,255,255,255,255,255,255,255,255,255,255,255,255,255,255,255,255,255,255,255,255,255,255,255,255,255,255,255,255,255,255,255,255,255,255,255,255,255,255,255,255,255,255,255,255,255,255,255,255,255,255,255,255,255,255,255,255,255,255,255,255,255,255,255,255,255,255,255,255,255,255,255,255,255,255,255,255,255,255,255,255,255,255,255,255,255,255,255,255,255,255,255,255,255,255,255,255,255,255,255,255,255,255,255,255,255,255,255,255,255,255,255,255,255,255,255,255,255,255,255,255,255,255,255,255,255,255,255,255,255,255,255,255,255,255,255,255,255,255,255,255,255,255,255,255,255,255,255,255,255,255,255,255,255,255,255,255,255,255,255,255,255,255,255,255,255,255,255,255,255,255,255,255,255,255,255,255,255,255,255,255,255,255,255,255,255,255,255,255,255,255,255,255,255,255,255,255,255,255,255,255,255,255,255,255,255,255,255,255,255,255,255,255,255,255,255,255,255,255,255,255,255,255,255,255,255,255,255,255,255,255,255,255,255,255,255,255,255,255,255,255,255,255,255,255,255,255,255,255,255,255,255,255,255,255,255,255,255,255,255,255,255,255,255,255,255,255,255,255,255,255,255,255,255,255,255,255,255,255,255,255,255,255,255,255,255,255,255,255,255,255,255,255,255,255,255,255,255,255,255,255,255,255,255,255,255,255,255,255,255,255,255,255,255,255,255,255,255,255,255,255,255,255,255,255,255,255,255,255,255,255,255,255,255,255,255,255,255,255,255,255,255,255,255,255,255,255,255,255,255,255,255,255,255,255,255,255,255,255,255,255,255,255,255,255,255,255,255,255,255,255,255,255,255,255,255,255,255,255,255,255,255,255,255,255,255,255,255,255,255,255,255,255,255,255,255,255,255,255,255,255,255,255,255,255,255,255,255,255,255,255,255,255,255,255,255,255,255,255,255,254,254,254,253,253,253,255,255,255,245,245,245,246,246,244,254,254,252,254,254,252,245,245,243,235,235,233,231,231,229,237,237,235,249,249,247,234,234,232,185,185,183,111,111,109,115,115,113,112,112,110,99,99,97,139,139,137,168,168,166,175,175,173,188,188,186,199,199,197,206,206,204,211,211,209,228,228,226,252,252,250,253,253,251,253,253,253,253,253,253,253,253,253,237,237,237
255,255,255,255,255,255,255,255,255,255,255,255,255,255,255,255,255,255,255,255,255,255,255,255,255,255,255,255,255,255,255,255,255,255,255,255,255,255,255,255,255,255,255,255,255,255,255,255,255,255,255,255,255,255,255,255,255,255,255,255,255,255,255,255,255,255,255,255,255,255,255,255,255,255,255,255,255,255,255,255,255,255,255,255,255,255,255,255,255,255,255,255,255,255,255,255,255,255,255,255,255,255,255,255,255,255,255,255,255,255,255,255,255,255,255,255,255,255,255,255,255,255,255,255,255,255,255,255,255,255,255,255,255,255,255,255,255,255,255,255,255,255,255,255,255,255,255,255,255,255,255,255,255,255,255,255,255,255,255,255,255,255,255,255,255,255,255,255,255,255,255,255,255,255,255,255,255,255,255,255,255,255,255,255,255,255,255,255,255,255,255,255,255,255,255,255,255,255,255,255,255,255,255,255,255,255,255,255,255,255,255,255,255,255,255,255,255,255,255,255,255,255,255,255,255,255,255,255,255,255,255,255,255,255,255,255,255,255,255,255,255,255,255,255,255,255,255,255,255,255,255,255,255,255,255,255,255,255,255,255,255,255,255,255,255,255,255,255,255,255,255,255,255,255,255,255,255,255,255,255,255,255,255,255,255,255,255,255,255,255,255,255,255,255,255,255,255,255,255,255,255,255,255,255,255,255,255,255,255,255,255,255,255,255,255,255,255,255,255,255,255,255,255,255,255,255,255,255,255,255,255,255,255,255,255,255,255,255,255,255,255,255,255,255,255,255,255,255,255,255,255,255,255,255,255,255,255,255,255,255,255,255,255,255,255,255,255,255,255,255,255,255,255,255,255,255,255,255,255,255,255,255,255,255,255,255,255,255,255,255,255,255,255,255,255,255,255,255,255,255,255,255,255,255,255,255,255,255,255,255,255,255,255,255,255,255,255,255,255,255,255,255,255,255,255,255,255,255,255,255,255,255,255,255,255,255,255,255,255,255,255,255,255,255,255,255,255,255,255,255,255,255,255,255,255,255,255,255,255,255,255,255,255,255,255,255,255,255,255,255,255,255,255,255,255,255,255,255,255,255,255,255,255,255,255,255,255,255,255,255,255,255,255,255,255,255,255,255,255,255,255,255,255,255,255,255,255,255,255,255,255,255,255,255,255,255,255,255,255,255,255,255,255,255,255,255,255,255,255,255,255,255,255,255,255,255,255,255,255,255,255,255,255,255,255,255,255,255,255,255,255,255,255,255,255,255,255,255,255,255,255,255,255,255,255,255,255,255,255,255,255,255,255,255,255,255,255,255,255,255,255,255,249,249,249,234,234,234,237,237,235,249,249,247,251,251,249,243,243,241,232,232,230,248,248,246,249,249,247,245,245,243,204,204,202,159,159,157,95,95,93,75,75,73,81,81,79,115,115,113,151,151,149,149,149,147,113,113,111,124,124,122,136,136,134,154,154,152,169,169,167,188,188,186,217,217,215,232,232,230,245,245,245,249,249,249,250,250,250,255,255,255
255,255,255,255,255,255,255,255,255,255,255,255,255,255,255,255,255,255,255,255,255,255,255,255,255,255,255,255,255,255,255,255,255,255,255,255,255,255,255,255,255,255,255,255,255,255,255,255,255,255,255,255,255,255,255,255,255,255,255,255,255,255,255,255,255,255,255,255,255,255,255,255,255,255,255,255,255,255,255,255,255,255,255,255,255,255,255,255,255,255,255,255,255,255,255,255,255,255,255,255,255,255,255,255,255,255,255,255,255,255,255,255,255,255,255,255,255,255,255,255,255,255,255,255,255,255,255,255,255,255,255,255,255,255,255,255,255,255,255,255,255,255,255,255,255,255,255,255,255,255,255,255,255,255,255,255,255,255,255,255,255,255,255,255,255,255,255,255,255,255,255,255,255,255,255,255,255,255,255,255,255,255,255,255,255,255,255,255,255,255,255,255,255,255,255,255,255,255,255,255,255,255,255,255,255,255,255,255,255,255,255,255,255,255,255,255,255,255,255,255,255,255,255,255,255,255,255,255,255,255,255,255,255,255,255,255,255,255,255,255,255,255,255,255,255,255,255,255,255,255,255,255,255,255,255,255,255,255,255,255,255,255,255,255,255,255,255,255,255,255,255,255,255,255,255,255,255,255,255,255,255,255,255,255,255,255,255,255,255,255,255,255,255,255,255,255,255,255,255,255,255,255,255,255,255,255,255,255,255,255,255,255,255,255,255,255,255,255,255,255,255,255,255,255,255,255,255,255,255,255,255,255,255,255,255,255,255,255,255,255,255,255,255,255,255,255,255,255,255,255,255,255,255,255,255,255,255,255,255,255,255,255,255,255,255,255,255,255,255,255,255,255,255,255,255,255,255,255,255,255,255,255,255,255,255,255,255,255,255,255,255,255,255,255,255,255,255,255,255,255,255,255,255,255,255,255,255,255,255,255,255,255,255,255,255,255,255,255,255,255,255,255,255,255,255,255,255,255,255,255,255,255,255,255,255,255,255,255,255,255,255,255,255,255,255,255,255,255,255,255,255,255,255,255,255,255,255,255,255,255,255,255,255,255,255,255,255,255,255,255,255,255,255,255,255,255,255,255,255,255,255,255,255,255,255,255,255,255,255,255,255,255,255,255,255,255,255,255,255,255,255,255,255,255,255,255,255,255,255,255,255,255,255,255,255,255,255,255,255,255,255,255,255,255,255,255,255,255,255,255,255,255,255,255,255,255,255,255,255,255,255,255,255,255,255,255,255,255,255,255,255,255,255,255,255,255,255,255,255,255,255,255,255,255,255,255,255,255,255,255,255,255,255,255,255,255,254,254,254,255,255,255,254,254,254,247,247,247,250,250,248,251,251,249,248,248,246,241,241,239,236,236,234,252,252,250,240,240,238,211,211,209,127,127,125,64,64,62,27,27,25,22,22,20,28,28,26,36,36,34,53,53,51,55,55,53,46,46,44,83,83,81,125,125,123,167,167,165,145,145,143,109,109,107,69,69,67,135,135,133,205,205,205,226,226,226,245,245,245,255,255,255
255,255,255,255,255,255,255,255,255,255,255,255,255,255,255,255,255,255,255,255,255,255,255,255,255,255,255,255,255,255,255,255,255,255,255,255,255,255,255,255,255,255,255,255,255,255,255,255,255,255,255,255,255,255,255,255,255,255,255,255,255,255,255,255,255,255,255,255,255,255,255,255,255,255,255,255,255,255,255,255,255,255,255,255,255,255,255,255,255,255,255,255,255,255,255,255,255,255,255,255,255,255,255,255,255,255,255,255,255,255,255,255,255,255,255,255,255,255,255,255,255,255,255,255,255,255,255,255,255,255,255,255,255,255,255,255,255,255,255,255,255,255,255,255,255,255,255,255,255,255,255,255,255,255,255,255,255,255,255,255,255,255,255,255,255,255,255,255,255,255,255,255,255,255,255,255,255,255,255,255,255,255,255,255,255,255,255,255,255,255,255,255,255,255,255,255,255,255,255,255,255,255,255,255,255,255,255,255,255,255,255,255,255,255,255,255,255,255,255,255,255,255,255,255,255,255,255,255,255,255,255,255,255,255,255,255,255,255,255,255,255,255,255,255,255,255,255,255,255,255,255,255,255,255,255,255,255,255,255,255,255,255,255,255,255,255,255,255,255,255,255,255,255,255,255,255,255,255,255,255,255,255,255,255,255,255,255,255,255,255,255,255,255,255,255,255,255,255,255,255,255,255,255,255,255,255,255,255,255,255,255,255,255,255,255,255,255,255,255,255,255,255,255,255,255,255,255,255,255,255,255,255,255,255,255,255,255,255,255,255,255,255,255,255,255,255,255,255,255,255,255,255,255,255,255,255,255,255,255,255,255,255,255,255,255,255,255,255,255,255,255,255,255,255,255,255,255,255,255,255,255,255,255,255,255,255,255,255,255,255,255,255,255,255,255,255,255,255,255,255,255,255,255,255,255,255,255,255,255,255,255,255,255,255,255,255,255,255,255,255,255,255,255,255,255,255,255,255,255,255,255,255,255,255,255,255,255,255,255,255,255,255,255,255,255,255,255,255,255,255,255,255,255,255,255,255,255,255,255,255,255,255,255,255,255,255,255,255,255,255,255,255,255,255,255,255,255,255,255,255,255,255,255,255,255,255,255,255,255,255,255,255,255,255,255,255,255,255,255,255,255,255,255,255,255,255,255,255,255,255,255,255,255,255,255,255,255,255,255,255,255,255,255,255,255,255,255,255,255,255,255,255,255,255,255,255,255,255,255,255,255,255,255,255,255,255,255,255,255,255,255,255,255,255,255,255,255,255,255,255,255,255,255,255,255,255,255,255,255,255,255,255,255,255,255,255,254,254,254,255,255,255,255,255,255,255,255,255,251,251,249,238,238,236,236,236,234,239,239,237,245,245,243,248,248,246,216,216,214,162,162,160,74,74,72,21,21,19,4,4,2,1,1,0,2,2,0,5,5,3,43,43,41,59,59,57,74,74,72,92,92,90,104,104,102,106,106,104,99,99,97,94,94,92,91,91,89,118,118,116,155,155,155,195,195,195,228,228,228,252,252,252
255,255,255,255,255,255,255,255,255,255,255,255,255,255,255,255,255,255,255,255,255,255,255,255,255,255,255,255,255,255,255,255,255,255,255,255,255,255,255,255,255,255,255,255,255,255,255,255,255,255,255,255,255,255,255,255,255,255,255,255,255,255,255,255,255,255,255,255,255,255,255,255,255,255,255,255,255,255,255,255,255,255,255,255,255,255,255,255,255,255,255,255,255,255,255,255,255,255,255,255,255,255,255,255,255,255,255,255,255,255,255,255,255,255,255,255,255,255,255,255,255,255,255,255,255,255,255,255,255,255,255,255,255,255,255,255,255,255,255,255,255,255,255,255,255,255,255,255,255,255,255,255,255,255,255,255,255,255,255,255,255,255,255,255,255,255,255,255,255,255,255,255,255,255,255,255,255,255,255,255,255,255,255,255,255,255,255,255,255,255,255,255,255,255,255,255,255,255,255,255,255,255,255,255,255,255,255,255,255,255,255,255,255,255,255,255,255,255,255,255,255,255,255,255,255,255,255,255,255,255,255,255,255,255,255,255,255,255,255,255,255,255,255,255,255,255,255,255,255,255,255,255,255,255,255,255,255,255,255,255,255,255,255,255,255,255,255,255,255,255,255,255,255,255,255,255,255,255,255,255,255,255,255,255,255,255,255,255,255,255,255,255,255,255,255,255,255,255,255,255,255,255,255,255,255,255,255,255,255,255,255,255,255,255,255,255,255,255,255,255,255,255,255,255,255,255,255,255,255,255,255,255,255,255,255,255,255,255,255,255,255,255,255,255,255,255,255,255,255,255,255,255,255,255,255,255,255,255,255,255,255,255,255,255,255,255,255,255,255,255,255,255,255,255,255,255,255,255,255,255,255,255,255,255,255,255,255,255,255,255,255,255,255,255,255,255,255,255,255,255,255,255,255,255,255,255,255,255,255,255,255,255,255,255,255,255,255,255,255,255,255,255,255,255,255,255,255,255,255,255,255,255,255,255,255,255,255,255,255,255,255,255,255,255,255,255,255,255,255,255,255,255,255,255,255,255,255,255,255,255,255,255,255,255,255,255,255,255,255,255,255,255,255,255,255,255,255,255,255,255,255,255,255,255,255,255,255,255,255,255,255,255,255,255,255,255,255,255,255,255,255,255,255,255,255,255,255,255,255,255,255,255,255,255,255,255,255,255,255,255,255,255,255,255,255,255,255,255,255,255,255,255,255,255,255,255,255,255,255,255,255,255,255,255,255,255,255,255,255,255,255,255,255,255,255,255,255,255,255,255,255,255,255,255,255,255,255,255,255,255,255,255,255,255,255,255,255,255,255,254,254,254,255,255,255,251,251,251,240,240,238,224,224,222,232,232,230,244,244,242,254,254,252,241,241,239,190,190,188,104,104,102,31,31,29,3,3,1,6,6,4,8,8,6,6,6,4,10,10,8,74,74,72,126,126,124,155,155,153,120,120,118,67,67,65,11,11,9,40,40,38,102,102,100,201,201,199,145,145,143,104,104,104,159,159,159,207,207,207,251,251,251
255,255,255,255,255,255,255,255,255,255,255,255,255,255,255,255,255,255,255,255,255,255,255,255,255,255,255,255,255,255,255,255,255,255,255,255,255,255,255,255,255,255,255,255,255,255,255,255,255,255,255,255,255,255,255,255,255,255,255,255,255,255,255,255,255,255,255,255,255,255,255,255,255,255,255,255,255,255,255,255,255,255,255,255,255,255,255,255,255,255,255,255,255,255,255,255,255,255,255,255,255,255,255,255,255,255,255,255,255,255,255,255,255,255,255,255,255,255,255,255,255,255,255,255,255,255,255,255,255,255,255,255,255,255,255,255,255,255,255,255,255,255,255,255,255,255,255,255,255,255,255,255,255,255,255,255,255,255,255,255,255,255,255,255,255,255,255,255,255,255,255,255,255,255,255,255,255,255,255,255,255,255,255,255,255,255,255,255,255,255,255,255,255,255,255,255,255,255,255,255,255,255,255,255,255,255,255,255,255,255,255,255,255,255,255,255,255,255,255,255,255,255,255,255,255,255,255,255,255,255,255,255,255,255,255,255,255,255,255,255,255,255,255,255,255,255,255,255,255,255,255,255,255,255,255,255,255,255,255,255,255,255,255,255,255,255,255,255,255,255,255,255,255,255,255,255,255,255,255,255,255,255,255,255,255,255,255,255,255,255,255,255,255,255,255,255,255,255,255,255,255,255,255,255,255,255,255,255,255,255,255,255,255,255,255,255,255,255,255,255,255,255,255,255,255,255,255,255,255,255,255,255,255,255,255,255,255,255,255,255,255,255,255,255,255,255,255,255,255,255,255,255,255,255,255,255,255,255,255,255,255,255,255,255,255,255,255,255,255,255,255,255,255,255,255,255,255,255,255,255,255,255,255,255,255,255,255,255,255,255,255,255,255,255,255,255,255,255,255,255,255,255,255,255,255,255,255,255,255,255,255,255,255,255,255,255,255,255,255,255,255,255,255,255,255,255,255,255,255,255,255,255,255,255,255,255,255,255,255,255,255,255,255,255,255,255,255,255,255,255,255,255,255,255,255,255,255,255,255,255,255,255,255,255,255,255,255,255,255,255,255,255,255,255,255,255,255,255,255,255,255,255,255,255,255,255,255,255,255,255,255,255,255,255,255,255,255,255,255,255,255,255,255,255,255,255,255,255,255,255,255,255,255,255,255,255,255,255,255,255,255,255,255,255,255,255,255,255,255,255,255,255,255,255,255,255,255,255,255,255,255,255,255,255,255,255,255,255,255,255,255,255,255,255,255,255,255,255,255,255,255,255,255,255,255,255,255,255,255,255,255,255,255,255,255,255,254,254,254,254,254,254,255,255,255,254,254,254,245,245,243,237,237,235,247,247,245,251,251,249,245,245,243,180,180,178,109,109,107,36,36,34,19,19,17,10,10,8,15,15,13,29,29,27,60,60,58,91,91,89,137,137,135,169,169,167,182,182,180,158,158,156,112,112,110,46,46,44,56,56,54,92,92,90,161,161,159,110,110,108,83,83,83,139,139,139,206,206,206,248,248,248
255,255,255,255,255,255,255,255,255,255,255,255,255,255,255,255,255,255,255,255,255,255,255,255,255,255,255,255,255,255,255,255,255,255,255,255,255,255,255,255,255,255,255,255,255,255,255,255,255,255,255,255,255,255,255,255,255,255,255,255,255,255,255,255,255,255,255,255,255,255,255,255,255,255,255,255,255,255,255,255,255,255,255,255,255,255,255,255,255,255,255,255,255,255,255,255,255,255,255,255,255,255,255,255,255,255,255,255,255,255,255,255,255,255,255,255,255,255,255,255,255,255,255,255,255,255,255,255,255,255,255,255,255,255,255,255,255,255,255,255,255,255,255,255,255,255,255,255,255,255,255,255,255,255,255,255,255,255,255,255,255,255,255,255,255,255,255,255,255,255,255,255,255,255,255,255,255,255,255,255,255,255,255,255,255,255,255,255,255,255,255,255,255,255,255,255,255,255,255,255,255,255,255,255,255,255,255,255,255,255,255,255,255,255,255,255,255,255,255,255,255,255,255,255,255,255,255,255,255,255,255,255,255,255,255,255,255,255,255,255,255,255,255,255,255,255,255,255,255,255,255,255,255,255,255,255,255,255,255,255,255,255,255,255,255,255,255,255,255,255,255,255,255,255,255,255,255,255,255,255,255,255,255,255,255,255,255,255,255,255,255,255,255,255,255,255,255,255,255,255,255,255,255,255,255,255,255,255,255,255,255,255,255,255,255,255,255,255,255,255,255,255,255,255,255,255,255,255,255,255,255,255,255,255,255,255,255,255,255,255,255,255,255,255,255,255,255,255,255,255,255,255,255,255,255,255,255,255,255,255,255,255,255,255,255,255,255,255,255,255,255,255,255,255,255,255,255,255,255,255,255,255,255,255,255,255,255,255,255,255,255,255,255,255,255,255,255,255,255,255,255,255,255,255,255,255,255,255,255,255,255,255,255,255,255,255,255,255,255,255,255,255,255,255,255,255,255,255,255,255,255,255,255,255,255,255,255,255,255,255,255,255,255,255,255,255,255,255,255,255,255,255,255,255,255,255,255,255,255,255,255,255,255,255,255,255,255,255,255,255,255,255,255,255,255,255,255,255,255,255,255,255,255,255,255,255,255,255,255,255,255,255,255,255,255,255,255,255,255,255,255,255,255,255,255,255,255,255,255,255,255,255,255,255,255,255,255,255,255,255,255,255,255,255,255,255,255,255,255,255,255,255,255,255,255,255,255,255,255,255,255,255,255,255,255,255,255,255,255,255,255,255,255,255,255,255,255,255,255,255,255,255,255,255,255,255,255,255,255,255,255,255,255,255,255,255,255,255,255,255,255,255,253,253,253,247,247,247,242,242,240,242,242,240,251,251,249,244,244,242,219,219,217,131,131,129,67,67,65,27,27,25,62,62,60,68,68,66,63,63,61,75,75,73,102,102,100,150,150,148,169,169,167,179,179,177,166,166,164,145,145,143,106,106,104,42,42,40,34,34,32,54,54,52,97,97,95,76,76,74,75,75,75,129,129,129,199,199,199,252,252,252
255,255,255,255,255,255,255,255,255,255,255,255,255,255,255,255,255,255,255,255,255,255,255,255,255,255,255,255,255,255,255,255,255,255,255,255,255,255,255,255,255,255,255,255,255,255,255,255,255,255,255,255,255,255,255,255,255,255,255,255,255,255,255,255,255,255,255,255,255,255,255,255,255,255,255,255,255,255,255,255,255,255,255,255,255,255,255,255,255,255,255,255,255,255,255,255,255,255,255,255,255,255,255,255,255,255,255,255,255,255,255,255,255,255,255,255,255,255,255,255,255,255,255,255,255,255,255,255,255,255,255,255,255,255,255,255,255,255,255,255,255,255,255,255,255,255,255,255,255,255,255,255,255,255,255,255,255,255,255,255,255,255,255,255,255,255,255,255,255,255,255,255,255,255,255,255,255,255,255,255,255,255,255,255,255,255,255,255,255,255,255,255,255,255,255,255,255,255,255,255,255,255,255,255,255,255,255,255,255,255,255,255,255,255,255,255,255,255,255,255,255,255,255,255,255,255,255,255,255,255,255,255,255,255,255,255,255,255,255,255,255,255,255,255,255,255,255,255,255,255,255,255,255,255,255,255,255,255,255,255,255,255,255,255,255,255,255,255,255,255,255,255,255,255,255,255,255,255,255,255,255,255,255,255,255,255,255,255,255,255,255,255,255,255,255,255,255,255,255,255,255,255,255,255,255,255,255,255,255,255,255,255,255,255,255,255,255,255,255,255,255,255,255,255,255,255,255,255,255,255,255,255,255,255,255,255,255,255,255,255,255,255,255,255,255,255,255,255,255,255,255,255,255,255,255,255,255,255,255,255,255,255,255,255,255,255,255,255,255,255,255,255,255,255,255,255,255,255,255,255,255,255,255,255,255,255,255,255,255,255,255,255,255,255,255,255,255,255,255,255,255,255,255,255,255,255,255,255,255,255,255,255,255,255,255,255,255,255,255,255,255,255,255,255,255,255,255,255,255,255,255,255,255,255,255,255,255,255,255,255,255,255,255,255,255,255,255,255,255,255,255,255,255,255,255,255,255,255,255,255,255,255,255,255,255,255,255,255,255,255,255,255,255,255,255,255,255,255,255,255,255,255,255,255,255,255,255,255,255,255,255,255,255,255,255,255,255,255,255,255,255,255,255,255,255,255,255,255,255,255,255,255,255,255,255,255,255,255,255,255,255,255,255,255,255,255,255,255,255,255,255,254,254,254,254,254,254,255,255,255,255,255,255,255,255,255,255,255,255,255,255,255,254,254,254,255,255,255,255,255,255,255,255,255,255,255,255,255,255,255,255,255,255,255,255,255,255,255,255,252,252,252,251,251,251,234,234,234,229,229,227,235,235,233,251,251,249,226,226,224,179,179,177,85,85,83,53,53,51,73,73,71,153,153,151,170,170,168,141,141,139,129,129,127,140,140,138,176,176,174,172,172,170,164,164,162,132,132,130,101,101,99,57,57,55,5,5,3,2,2,0,0,0,0,0,0,0,35,35,33,78,78,78,126,126,126,202,202,202,251,251,251
255,255,255,255,255,255,255,255,255,255,255,255,255,255,255,255,255,255,255,255,255,255,255,255,255,255,255,255,255,255,255,255,255,255,255,255,255,255,255,255,255,255,255,255,255,255,255,255,255,255,255,255,255,255,255,255,255,255,255,255,255,255,255,255,255,255,255,255,255,255,255,255,255,255,255,255,255,255,255,255,255,255,255,255,255,255,255,255,255,255,255,255,255,255,255,255,255,255,255,255,255,255,255,255,255,255,255,255,255,255,255,255,255,255,255,255,255,255,255,255,255,255,255,255,255,255,255,255,255,255,255,255,255,255,255,255,255,255,255,255,255,255,255,255,255,255,255,255,255,255,255,255,255,255,255,255,255,255,255,255,255,255,255,255,255,255,255,255,255,255,255,255,255,255,255,255,255,255,255,255,255,255,255,255,255,255,255,255,255,255,255,255,255,255,255,255,255,255,255,255,255,255,255,255,255,255,255,255,255,255,255,255,255,255,255,255,255,255,255,255,255,255,255,255,255,255,255,255,255,255,255,255,255,255,255,255,255,255,255,255,255,255,255,255,255,255,255,255,255,255,255,255,255,255,255,255,255,255,255,255,255,255,255,255,255,255,255,255,255,255,255,255,255,255,255,255,255,255,255,255,255,255,255,255,255,255,255,255,255,255,255,255,255,255,255,255,255,255,255,255,255,255,255,255,255,255,255,255,255,255,255,255,255,255,255,255,255,255,255,255,255,255,255,255,255,255,255,255,255,255,255,255,255,255,255,255,255,255,255,255,255,255,255,255,255,255,255,255,255,255,255,255,255,255,255,255,255,255,255,255,255,255,255,255,255,255,255,255,255,255,255,255,255,255,255,255,255,255,255,255,255,255,255,255,255,255,255,255,255,255,255,255,255,255,255,255,255,255,255,255,255,255,255,255,255,255,255,255,255,255,255,255,255,255,255,255,255,255,255,255,255,255,255,255,255,255,255,255,255,255,255,255,255,255,255,255,255,255,255,255,255,255,255,255,255,255,255,255,255,255,255,255,255,255,255,255,255,255,255,255,255,255,255,255,255,255,255,255,255,255,255,255,255,255,255,255,255,255,255,255,255,255,255,255,255,255,255,255,255,255,255,255,255,255,255,255,255,255,255,255,255,255,255,255,255,255,255,255,255,255,255,255,255,255,255,255,255,255,255,255,255,255,255,255,255,255,255,255,255,255,255,255,255,255,255,255,255,255,255,255,255,255,255,255,255,255,255,255,255,255,255,255,255,255,255,255,255,255,254,254,254,255,255,255,255,255,255,255,255,255,254,254,254,253,253,253,254,254,254,255,255,255,254,254,254,246,246,246,244,244,242,249,249,247,250,250,248,214,214,212,146,146,144,54,54,52,39,39,37,68,68,66,149,149,147,169,169,167,141,141,139,126,126,124,96,96,94,64,64,62,71,71,69,95,95,93,149,149,147,145,145,143,118,118,116,54,54,52,39,39,37,29,29,27,19,19,17,45,45,43,87,87,87,138,138,138,193,193,193,248,248,248
255,255,255,255,255,255,255,255,255,255,255,255,255,255,255,255,255,255,255,255,255,255,255,255,255,255,255,255,255,255,255,255,255,255,255,255,255,255,255,255,255,255,255,255,255,255,255,255,255,255,255,255,255,255,255,255,255,255,255,255,255,255,255,255,255,255,255,255,255,255,255,255,255,255,255,255,255,255,255,255,255,255,255,255,255,255,255,255,255,255,255,255,255,255,255,255,255,255,255,255,255,255,255,255,255,255,255,255,255,255,255,255,255,255,255,255,255,255,255,255,255,255,255,255,255,255,255,255,255,255,255,255,255,255,255,255,255,255,255,255,255,255,255,255,255,255,255,255,255,255,255,255,255,255,255,255,255,255,255,255,255,255,255,255,255,255,255,255,255,255,255,255,255,255,255,255,255,255,255,255,255,255,255,255,255,255,255,255,255,255,255,255,255,255,255,255,255,255,255,255,255,255,255,255,255,255,255,255,255,255,255,255,255,255,255,255,255,255,255,255,255,255,255,255,255,255,255,255,255,255,255,255,255,255,255,255,255,255,255,255,255,255,255,255,255,255,255,255,255,255,255,255,255,255,255,255,255,255,255,255,255,255,255,255,255,255,255,255,255,255,255,255,255,255,255,255,255,255,255,255,255,255,255,255,255,255,255,255,255,255,255,255,255,255,255,255,255,255,255,255,255,255,255,255,255,255,255,255,255,255,255,255,255,255,255,255,255,255,255,255,255,255,255,255,255,255,255,255,255,255,255,255,255,255,255,255,255,255,255,255,255,255,255,255,255,255,255,255,255,255,255,255,255,255,255,255,255,255,255,255,255,255,255,255,255,255,255,255,255,255,255,255,255,255,255,255,255,255,255,255,255,255,255,255,255,255,255,255,255,255,255,255,255,255,255,255,255,255,255,255,255,255,255,255,255,255,255,255,255,255,255,255,255,255,255,255,255,255,255,255,255,255,255,255,255,255,255,255,255,255,255,255,255,255,255,255,255,255,255,255,255,255,255,255,255,255,255,255,255,255,255,255,255,255,255,255,255,255,255,255,255,255,255,255,255,255,255,255,255,255,255,255,255,255,255,255,255,255,255,255,255,255,255,255,255,255,255,255,255,255,255,255,255,255,255,255,255,255,255,255,255,255,255,255,255,255,255,255,255,255,255,255,255,255,255,255,255,255,255,255,255,255,255,255,255,255,255,255,255,255,255,255,255,255,255,255,255,255,255,255,255,255,255,255,255,255,255,255,255,255,255,255,255,255,255,255,255,255,255,255,255,254,254,254,254,254,254,254,254,254,255,255,255,255,255,255,255,255,255,255,255,255,253,253,253,254,254,254,252,252,250,255,255,253,251,251,249,208,208,206,134,134,132,41,41,39,18,18,16,55,55,53,127,127,125,154,154,152,162,162,160,111,111,109,66,66,64,28,28,26,23,23,21,49,49,47,110,110,108,138,138,136,133,133,131,95,95,93,87,87,85,79,79,77,35,35,33,60,60,58,95,95,95,136,136,136,196,196,196,251,251,251
255,255,255,255,255,255,255,255,255,255,255,255,255,255,255,255,255,255,255,255,255,255,255,255,255,255,255,255,255,255,255,255,255,255,255,255,255,255,255,255,255,255,255,255,255,255,255,255,255,255,255,255,255,255,255,255,255,255,255,255,255,255,255,255,255,255,255,255,255,255,255,255,255,255,255,255,255,255,255,255,255,255,255,255,255,255,255,255,255,255,255,255,255,255,255,255,255,255,255,255,255,255,255,255,255,255,255,255,255,255,255,255,255,255,255,255,255,255,255,255,255,255,255,255,255,255,255,255,255,255,255,255,255,255,255,255,255,255,255,255,255,255,255,255,255,255,255,255,255,255,255,255,255,255,255,255,255,255,255,255,255,255,255,255,255,255,255,255,255,255,255,255,255,255,255,255,255,255,255,255,255,255,255,255,255,255,255,255,255,255,255,255,255,255,255,255,255,255,255,255,255,255,255,255,255,255,255,255,255,255,255,255,255,255,255,255,255,255,255,255,255,255,255,255,255,255,255,255,255,255,255,255,255,255,255,255,255,255,255,255,255,255,255,255,255,255,255,255,255,255,255,255,255,255,255,255,255,255,255,255,255,255,255,255,255,255,255,255,255,255,255,255,255,255,255,255,255,255,255,255,255,255,255,255,255,255,255,255,255,255,255,255,255,255,255,255,255,255,255,255,255,255,255,255,255,255,255,255,255,255,255,255,255,255,255,255,255,255,255,255,255,255,255,255,255,255,255,255,255,255,255,255,255,255,255,255,255,255,255,255,255,255,255,255,255,255,255,255,255,255,255,255,255,255,255,255,255,255,255,255,255,255,255,255,255,255,255,255,255,255,255,255,255,255,255,255,255,255,255,255,255,255,255,255,255,255,255,255,255,255,255,255,255,255,255,255,255,255,255,255,255,255,255,255,255,255,255,255,255,255,255,255,255,255,255,255,255,255,255,255,255,255,255,255,255,255,255,255,255,255,255,255,255,255,255,255,255,255,255,255,255,255,255,255,255,255,255,255,255,255,255,255,255,255,255,255,255,255,255,255,255,255,255,255,255,255,255,255,255,255,255,255,255,255,255,255,255,255,255,255,255,255,255,255,255,255,255,255,255,255,255,255,255,255,255,255,255,255,255,255,255,255,255,255,255,255,255,255,255,255,255,255,255,255,255,255,255,255,255,255,255,255,255,255,255,255,255,255,254,254,254,255,255,255,254,254,254,254,254,254,254,254,254,255,255,255,255,255,255,255,255,255,255,255,255,254,254,254,255,255,255,255,255,255,255,255,255,255,255,255,254,254,254,255,255,255,255,255,255,254,254,254,253,253,253,255,255,255,251,251,249,251,251,249,255,255,253,212,212,210,145,145,143,44,44,42,8,8,6,20,20,18,78,78,76,144,144,142,185,185,183,97,97,95,60,60,58,80,80,78,54,54,52,26,26,24,13,13,11,54,54,52,99,99,97,132,132,130,151,151,149,133,133,131,62,62,60,73,73,71,99,99,99,136,136,136,202,202,202,251,251,251
255,255,255,255,255,255,255,255,255,255,255,255,255,255,255,255,255,255,255,255,255,255,255,255,255,255,255,255,255,255,255,255,255,255,255,255,255,255,255,255,255,255,255,255,255,255,255,255,255,255,255,255,255,255,255,255,255,255,255,255,255,255,255,255,255,255,255,255,255,255,255,255,255,255,255,255,255,255,255,255,255,255,255,255,255,255,255,255,255,255,255,255,255,255,255,255,255,255,255,255,255,255,255,255,255,255,255,255,255,255,255,255,255,255,255,255,255,255,255,255,255,255,255,255,255,255,255,255,255,255,255,255,255,255,255,255,255,255,255,255,255,255,255,255,255,255,255,255,255,255,255,255,255,255,255,255,255,255,255,255,255,255,255,255,255,255,255,255,255,255,255,255,255,255,255,255,255,255,255,255,255,255,255,255,255,255,255,255,255,255,255,255,255,255,255,255,255,255,255,255,255,255,255,255,255,255,255,255,255,255,255,255,255,255,255,255,255,255,255,255,255,255,255,255,255,255,255,255,255,255,255,255,255,255,255,255,255,255,255,255,255,255,255,255,255,255,255,255,255,255,255,255,255,255,255,255,255,255,255,255,255,255,255,255,255,255,255,255,255,255,255,255,255,255,255,255,255,255,255,255,255,255,255,255,255,255,255,255,255,255,255,255,255,255,255,255,255,255,255,255,255,255,255,255,255,255,255,255,255,255,255,255,255,255,255,255,255,255,255,255,255,255,255,255,255,255,255,255,255,255,255,255,255,255,255,255,255,255,255,255,255,255,255,255,255,255,255,255,255,255,255,255,255,255,255,255,255,255,255,255,255,255,255,255,255,255,255,255,255,255,255,255,255,255,255,255,255,255,255,255,255,255,255,255,255,255,255,255,255,255,255,255,255,255,255,255,255,255,255,255,255,255,255,255,255,255,255,255,255,255,255,255,255,255,255,255,255,255,255,255,255,255,255,255,255,255,255,255,255,255,255,255,255,255,255,255,255,255,255,255,255,255,255,255,255,255,255,255,255,255,255,255,255,255,255,255,255,255,255,255,255,255,255,255,255,255,255,255,255,255,255,255,255,255,255,255,255,255,255,255,255,255,255,255,255,255,255,255,255,255,255,255,255,255,255,255,255,255,255,255,255,255,255,255,255,255,255,255,255,255,255,255,255,255,255,255,255,255,255,255,255,255,255,255,255,255,255,255,255,255,255,255,255,255,255,255,255,255,255,255,255,255,255,255,255,255,255,255,255,254,254,254,251,251,251,245,245,245,240,240,240,241,241,241,248,248,248,254,254,254,254,254,254,251,251,251,252,252,252,250,250,250,255,255,255,255,255,255,246,246,244,243,243,241,251,251,249,199,199,197,113,113,111,42,42,40,48,48,46,102,102,100,165,165,163,163,163,161,111,111,109,96,96,94,104,104,102,126,126,124,135,135,133,129,129,127,90,90,88,48,48,46,43,43,41,83,83,81,126,126,124,153,153,151,141,141,139,103,103,101,86,86,86,125,125,125,162,162,162,192,192,192
255,255,255,255,255,255,255,255,255,255,255,255,255,255,255,255,255,255,255,255,255,255,255,255,255,255,255,255,255,255,255,255,255,255,255,255,255,255,255,255,255,255,255,255,255,255,255,255,255,255,255,255,255,255,255,255,255,255,255,255,255,255,255,255,255,255,255,255,255,255,255,255,255,255,255,255,255,255,255,255,255,255,255,255,255,255,255,255,255,255,255,255,255,255,255,255,255,255,255,255,255,255,255,255,255,255,255,255,255,255,255,255,255,255,255,255,255,255,255,255,255,255,255,255,255,255,255,255,255,255,255,255,255,255,255,255,255,255,255,255,255,255,255,255,255,255,255,255,255,255,255,255,255,255,255,255,255,255,255,255,255,255,255,255,255,255,255,255,255,255,255,255,255,255,255,255,255,255,255,255,255,255,255,255,255,255,255,255,255,255,255,255,255,255,255,255,255,255,255,255,255,255,255,255,255,255,255,255,255,255,255,255,255,255,255,255,255,255,255,255,255,255,255,255,255,255,255,255,255,255,255,255,255,255,255,255,255,255,255,255,255,255,255,255,255,255,255,255,255,255,255,255,255,255,255,255,255,255,255,255,255,255,255,255,255,255,255,255,255,255,255,255,255,255,255,255,255,255,255,255,255,255,255,255,255,255,255,255,255,255,255,255,255,255,255,255,255,255,255,255,255,255,255,255,255,255,255,255,255,255,255,255,255,255,255,255,255,255,255,255,255,255,255,255,255,255,255,255,255,255,255,255,255,255,255,255,255,255,255,255,255,255,255,255,255,255,255,255,255,255,255,255,255,255,255,255,255,255,255,255,255,255,255,255,255,255,255,255,255,255,255,255,255,255,255,255,255,255,255,255,255,255,255,255,255,255,255,255,255,255,255,255,255,255,255,255,255,255,255,255,255,255,255,255,255,255,255,255,255,255,255,255,255,255,255,255,255,255,255,255,255,255,255,255,255,255,255,255,255,255,255,255,255,255,255,255,255,255,255,255,255,255,255,255,255,255,255,255,255,255,255,255,255,255,255,255,255,255,255,255,255,255,255,255,255,255,255,255,255,255,255,255,255,255,255,255,255,255,255,255,255,255,255,255,255,255,255,255,255,255,255,255,255,255,255,255,255,255,255,255,255,255,255,255,255,255,255,255,255,255,255,255,255,255,255,255,255,255,255,255,255,255,255,255,255,255,255,255,255,255,255,255,255,255,255,255,255,255,255,255,255,255,255,255,255,255,253,253,253,250,250,250,247,247,247,243,243,243,237,237,237,235,235,235,242,242,242,250,250,250,252,252,252,250,250,250,245,245,245,247,247,247,255,255,255,250,250,250,243,243,241,244,244,242,247,247,245,189,189,187,102,102,100,63,63,61,88,88,86,156,156,154,192,192,190,152,152,150,54,54,52,91,91,89,118,118,116,132,132,130,182,182,180,182,182,180,133,133,131,54,54,52,13,13,11,32,32,30,81,81,79,126,126,124,156,156,154,101,101,99,64,64,64,104,104,104,130,130,130,150,150,150
255,255,255,255,255,255,255,255,255,255,255,255,255,255,255,255,255,255,255,255,255,255,255,255,255,255,255,255,255,255,255,255,255,255,255,255,255,255,255,255,255,255,255,255,255,255,255,255,255,255,255,255,255,255,255,255,255,255,255,255,255,255,255,255,255,255,255,255,255,255,255,255,255,255,255,255,255,255,255,255,255,255,255,255,255,255,255,255,255,255,255,255,255,255,255,255,255,255,255,255,255,255,255,255,255,255,255,255,255,255,255,255,255,255,255,255,255,255,255,255,255,255,255,255,255,255,255,255,255,255,255,255,255,255,255,255,255,255,255,255,255,255,255,255,255,255,255,255,255,255,255,255,255,255,255,255,255,255,255,255,255,255,255,255,255,255,255,255,255,255,255,255,255,255,255,255,255,255,255,255,255,255,255,255,255,255,255,255,255,255,255,255,255,255,255,255,255,255,255,255,255,255,255,255,255,255,255,255,255,255,255,255,255,255,255,255,255,255,255,255,255,255,255,255,255,255,255,255,255,255,255,255,255,255,255,255,255,255,255,255,255,255,255,255,255,255,255,255,255,255,255,255,255,255,255,255,255,255,255,255,255,255,255,255,255,255,255,255,255,255,255,255,255,255,255,255,255,255,255,255,255,255,255,255,255,255,255,255,255,255,255,255,255,255,255,255,255,255,255,255,255,255,255,255,255,255,255,255,255,255,255,255,255,255,255,255,255,255,255,255,255,255,255,255,255,255,255,255,255,255,255,255,255,255,255,255,255,255,255,255,255,255,255,255,255,255,255,255,255,255,255,255,255,255,255,255,255,255,255,255,255,255,255,255,255,255,255,255,255,255,255,255,255,255,255,255,255,255,255,255,255,255,255,255,255,255,255,255,255,255,255,255,255,255,255,255,255,255,255,255,255,255,255,255,255,255,255,255,255,255,255,255,255,255,255,255,255,255,255,255,255,255,255,255,255,255,255,255,255,255,255,255,255,255,255,255,255,255,255,255,255,255,255,255,255,255,255,255,255,255,255,255,255,255,255,255,255,255,255,255,255,255,255,255,255,255,255,255,255,255,255,255,255,255,255,255,255,255,255,255,255,255,255,255,255,255,255,255,255,255,255,255,255,255,255,255,255,255,255,255,255,255,255,255,255,255,255,255,255,255,255,255,255,255,255,255,255,255,255,255,255,255,255,255,255,255,255,255,255,255,255,255,255,255,255,255,255,255,255,255,255,255,255,255,255,255,251,251,251,246,246,246,248,248,248,253,253,253,254,254,254,250,250,250,247,247,247,249,249,249,248,248,248,244,244,244,242,242,242,247,247,247,252,252,252,247,247,247,248,248,246,250,250,248,242,242,240,191,191,189,122,122,120,131,131,129,133,133,131,136,136,134,118,118,116,78,78,76,22,22,20,69,69,67,87,87,85,76,76,74,122,122,120,137,137,135,109,109,107,52,52,50,10,10,8,13,13,11,18,18,16,21,21,19,34,34,32,33,33,31,41,41,41,84,84,84,115,115,115,136,136,136
255,255,255,255,255,255,255,255,255,255,255,255,255,255,255,255,255,255,255,255,255,255,255,255,255,255,255,255,255,255,255,255,255,255,255,255,255,255,255,255,255,255,255,255,255,255,255,255,255,255,255,255,255,255,255,255,255,255,255,255,255,255,255,255,255,255,255,255,255,255,255,255,255,255,255,255,255,255,255,255,255,255,255,255,255,255,255,255,255,255,255,255,255,255,255,255,255,255,255,255,255,255,255,255,255,255,255,255,255,255,255,255,255,255,255,255,255,255,255,255,255,255,255,255,255,255,255,255,255,255,255,255,255,255,255,255,255,255,255,255,255,255,255,255,255,255,255,255,255,255,255,255,255,255,255,255,255,255,255,255,255,255,255,255,255,255,255,255,255,255,255,255,255,255,255,255,255,255,255,255,255,255,255,255,255,255,255,255,255,255,255,255,255,255,255,255,255,255,255,255,255,255,255,255,255,255,255,255,255,255,255,255,255,255,255,255,255,255,255,255,255,255,255,255,255,255,255,255,255,255,255,255,255,255,255,255,255,255,255,255,255,255,255,255,255,255,255,255,255,255,255,255,255,255,255,255,255,255,255,255,255,255,255,255,255,255,255,255,255,255,255,255,255,255,255,255,255,255,255,255,255,255,255,255,255,255,255,255,255,255,255,255,255,255,255,255,255,255,255,255,255,255,255,255,255,255,255,255,255,255,255,255,255,255,255,255,255,255,255,255,255,255,255,255,255,255,255,255,255,255,255,255,255,255,255,255,255,255,255,255,255,255,255,255,255,255,255,255,255,255,255,255,255,255,255,255,255,255,255,255,255,255,255,255,255,255,255,255,255,255,255,255,255,255,255,255,255,255,255,255,255,255,255,255,255,255,255,255,255,255,255,255,255,255,255,255,255,255,255,255,255,255,255,255,255,255,255,255,255,255,255,255,255,255,255,255,255,255,255,255,255,255,255,255,255,255,255,255,255,255,255,255,255,255,255,255,255,255,255,255,255,255,255,255,255,255,255,255,255,255,255,255,255,255,255,255,255,255,255,255,255,255,255,255,255,255,255,255,255,255,255,255,255,255,255,255,255,255,255,255,255,255,255,255,255,255,255,255,255,255,255,255,255,255,255,255,255,255,255,255,255,255,255,255,255,255,255,255,255,255,255,255,255,255,255,255,255,255,255,255,255,255,255,255,255,255,255,255,254,254,254,255,255,255,255,255,255,255,255,255,255,255,255,255,255,255,250,250,250,244,244,244,250,250,250,255,255,255,254,254,254,247,247,247,243,243,243,247,247,247,250,250,250,248,248,248,249,249,249,253,253,253,251,251,251,247,247,247,247,247,245,240,240,238,218,218,216,178,178,176,142,142,140,150,150,148,136,136,134,92,92,90,59,59,57,52,52,50,42,42,40,54,54,52,60,60,58,72,72,70,124,124,122,134,134,132,94,94,92,37,37,35,13,13,11,21,21,19,15,15,13,8,8,6,7,7,5,15,15,13,33,33,33,82,82,82,120,120,120,143,143,143
255,255,255,255,255,255,255,255,255,255,255,255,255,255,255,255,255,255,255,255,255,255,255,255,255,255,255,255,255,255,255,255,255,255,255,255,255,255,255,255,255,255,255,255,255,255,255,255,255,255,255,255,255,255,255,255,255,255,255,255,255,255,255,255,255,255,255,255,255,255,255,255,255,255,255,255,255,255,255,255,255,255,255,255,255,255,255,255,255,255,255,255,255,255,255,255,255,255,255,255,255,255,255,255,255,255,255,255,255,255,255,255,255,255,255,255,255,255,255,255,255,255,255,255,255,255,255,255,255,255,255,255,255,255,255,255,255,255,255,255,255,255,255,255,255,255,255,255,255,255,255,255,255,255,255,255,255,255,255,255,255,255,255,255,255,255,255,255,255,255,255,255,255,255,255,255,255,255,255,255,255,255,255,255,255,255,255,255,255,255,255,255,255,255,255,255,255,255,255,255,255,255,255,255,255,255,255,255,255,255,255,255,255,255,255,255,255,255,255,255,255,255,255,255,255,255,255,255,255,255,255,255,255,255,255,255,255,255,255,255,255,255,255,255,255,255,255,255,255,255,255,255,255,255,255,255,255,255,255,255,255,255,255,255,255,255,255,255,255,255,255,255,255,255,255,255,255,255,255,255,255,255,255,255,255,255,255,255,255,255,255,255,255,255,255,255,255,255,255,255,255,255,255,255,255,255,255,255,255,255,255,255,255,255,255,255,255,255,255,255,255,255,255,255,255,255,255,255,255,255,255,255,255,255,255,255,255,255,255,255,255,255,255,255,255,255,255,255,255,255,255,255,255,255,255,255,255,255,255,255,255,255,255,255,255,255,255,255,255,255,255,255,255,255,255,255,255,255,255,255,255,255,255,255,255,255,255,255,255,255,255,255,255,255,255,255,255,255,255,255,255,255,255,255,255,255,255,255,255,255,255,255,255,255,255,255,255,255,255,255,255,255,255,255,255,255,255,255,255,255,255,255,255,255,255,255,255,255,255,255,255,255,255,255,255,255,255,255,255,255,255,255,255,255,255,255,255,255,255,255,255,255,255,255,255,255,255,255,255,255,255,255,255,255,255,255,255,255,255,255,255,255,255,255,255,255,255,255,255,255,255,255,255,255,255,255,255,255,255,255,255,255,255,255,255,255,255,255,255,255,255,255,255,255,255,255,255,255,255,255,255,255,255,255,255,255,255,255,255,255,255,255,255,255,255,255,255,254,254,254,254,254,254,255,255,255,255,255,255,250,250,250,252,252,252,251,251,251,244,244,244,241,241,241,237,237,237,247,247,247,251,251,251,250,250,250,251,251,251,252,252,250,250,250,248,250,250,248,234,234,232,214,214,212,181,181,179,156,156,154,143,143,141,154,154,152,115,115,113,43,43,41,36,36,34,53,53,51,90,90,88,58,58,56,51,51,49,66,66,64,118,118,116,130,130,128,86,86,84,48,48,46,41,41,39,58,58,56,32,32,30,9,9,7,3,3,1,9,9,9,24,24,24,81,81,81,117,117,117,150,150,150
255,255,255,255,255,255,255,255,255,255,255,255,255,255,255,255,255,255,255,255,255,255,255,255,255,255,255,255,255,255,255,255,255,255,255,255,255,255,255,255,255,255,255,255,255,255,255,255,255,255,255,255,255,255,255,255,255,255,255,255,255,255,255,255,255,255,255,255,255,255,255,255,255,255,255,255,255,255,255,255,255,255,255,255,255,255,255,255,255,255,255,255,255,255,255,255,255,255,255,255,255,255,255,255,255,255,255,255,255,255,255,255,255,255,255,255,255,255,255,255,255,255,255,255,255,255,255,255,255,255,255,255,255,255,255,255,255,255,255,255,255,255,255,255,255,255,255,255,255,255,255,255,255,255,255,255,255,255,255,255,255,255,255,255,255,255,255,255,255,255,255,255,255,255,255,255,255,255,255,255,255,255,255,255,255,255,255,255,255,255,255,255,255,255,255,255,255,255,255,255,255,255,255,255,255,255,255,255,255,255,255,255,255,255,255,255,255,255,255,255,255,255,255,255,255,255,255,255,255,255,255,255,255,255,255,255,255,255,255,255,255,255,255,255,255,255,255,255,255,255,255,255,255,255,255,255,255,255,255,255,255,255,255,255,255,255,255,255,255,255,255,255,255,255,255,255,255,255,255,255,255,255,255,255,255,255,255,255,255,255,255,255,255,255,255,255,255,255,255,255,255,255,255,255,255,255,255,255,255,255,255,255,255,255,255,255,255,255,255,255,255,255,255,255,255,255,255,255,255,255,255,255,255,255,255,255,255,255,255,255,255,255,255,255,255,255,255,255,255,255,255,255,255,255,255,255,255,255,255,255,255,255,255,255,255,255,255,255,255,255,255,255,255,255,255,255,255,255,255,255,255,255,255,255,255,255,255,255,255,255,255,255,255,255,255,255,255,255,255,255,255,255,255,255,255,255,255,255,255,255,255,255,255,255,255,255,255,255,255,255,255,255,255,255,255,255,255,255,255,255,255,255,255,255,255,255,255,255,255,255,255,255,255,255,255,255,255,255,255,255,255,255,255,255,255,255,255,255,255,255,255,255,255,255,255,255,255,255,255,255,255,255,255,255,255,255,255,255,255,255,255,255,255,255,255,255,255,255,255,255,255,255,255,255,255,255,255,255,255,255,255,255,255,255,255,255,255,255,255,255,255,255,255,255,255,255,255,255,255,255,255,255,255,255,255,255,255,255,255,255,255,254,254,254,255,255,255,255,255,255,255,255,255,255,255,255,255,255,255,254,254,254,243,243,243,233,233,233,222,222,222,225,225,225,233,233,233,251,251,251,255,255,255,252,252,252,243,243,243,236,236,234,230,230,228,228,228,226,198,198,196,161,161,159,139,139,137,132,132,130,123,123,121,108,108,106,72,72,70,21,21,19,70,70,68,117,117,115,160,160,158,119,119,117,70,70,68,25,25,23,72,72,70,100,100,98,123,123,121,127,127,125,131,131,129,123,123,121,56,56,54,12,12,10,14,14,12,6,6,6,17,17,17,73,73,73,115,115,115,141,141,141
255,255,255,255,255,255,255,255,255,255,255,255,255,255,255,255,255,255,255,255,255,255,255,255,255,255,255,255,255,255,255,255,255,255,255,255,255,255,255,255,255,255,255,255,255,255,255,255,255,255,255,255,255,255,255,255,255,255,255,255,255,255,255,255,255,255,255,255,255,255,255,255,255,255,255,255,255,255,255,255,255,255,255,255,255,255,255,255,255,255,255,255,255,255,255,255,255,255,255,255,255,255,255,255,255,255,255,255,255,255,255,255,255,255,255,255,255,255,255,255,255,255,255,255,255,255,255,255,255,255,255,255,255,255,255,255,255,255,255,255,255,255,255,255,255,255,255,255,255,255,255,255,255,255,255,255,255,255,255,255,255,255,255,255,255,255,255,255,255,255,255,255,255,255,255,255,255,255,255,255,255,255,255,255,255,255,255,255,255,255,255,255,255,255,255,255,255,255,255,255,255,255,255,255,255,255,255,255,255,255,255,255,255,255,255,255,255,255,255,255,255,255,255,255,255,255,255,255,255,255,255,255,255,255,255,255,255,255,255,255,255,255,255,255,255,255,255,255,255,255,255,255,255,255,255,255,255,255,255,255,255,255,255,255,255,255,255,255,255,255,255,255,255,255,255,255,255,255,255,255,255,255,255,255,255,255,255,255,255,255,255,255,255,255,255,255,255,255,255,255,255,255,255,255,255,255,255,255,255,255,255,255,255,255,255,255,255,255,255,255,255,255,255,255,255,255,255,255,255,255,255,255,255,255,255,255,255,255,255,255,255,255,255,255,255,255,255,255,255,255,255,255,255,255,255,255,255,255,255,255,255,255,255,255,255,255,255,255,255,255,255,255,255,255,255,255,255,255,255,255,255,255,255,255,255,255,255,255,255,255,255,255,255,255,255,255,255,255,255,255,255,255,255,255,255,255,255,255,255,255,255,255,255,255,255,255,255,255,255,255,255,255,255,255,255,255,255,255,255,255,255,255,255,255,255,255,255,255,255,255,255,255,255,255,255,255,255,255,255,255,255,255,255,255,255,255,255,255,255,255,255,255,255,255,255,255,255,255,255,255,255,255,255,255,255,255,255,255,255,255,255,255,255,255,255,255,255,255,255,255,255,255,255,255,255,255,255,255,255,255,255,255,255,255,255,255,255,255,255,255,255,255,255,255,255,255,255,255,255,255,255,255,255,255,255,255,255,255,255,255,255,254,254,254,255,255,255,255,255,255,255,255,255,254,254,254,255,255,255,255,255,255,247,247,247,234,234,234,227,227,227,233,233,233,240,240,240,250,250,250,240,240,240,222,222,222,197,197,197,188,188,188,177,177,175,154,154,152,135,135,133,119,119,117,115,115,113,106,106,104,95,95,93,91,91,89,72,72,70,54,54,52,134,134,132,181,181,179,201,201,199,100,100,98,57,57,55,54,54,52,120,120,118,162,162,160,165,165,163,181,181,179,176,176,174,160,160,158,71,71,69,6,6,4,4,4,2,20,20,20,47,47,47,91,91,91,134,134,134,156,156,156
255,255,255,255,255,255,255,255,255,255,255,255,255,255,255,255,255,255,255,255,255,255,255,255,255,255,255,255,255,255,255,255,255,255,255,255,255,255,255,255,255,255,255,255,255,255,255,255,255,255,255,255,255,255,255,255,255,255,255,255,255,255,255,255,255,255,255,255,255,255,255,255,255,255,255,255,255,255,255,255,255,255,255,255,255,255,255,255,255,255,255,255,255,255,255,255,255,255,255,255,255,255,255,255,255,255,255,255,255,255,255,255,255,255,255,255,255,255,255,255,255,255,255,255,255,255,255,255,255,255,255,255,255,255,255,255,255,255,255,255,255,255,255,255,255,255,255,255,255,255,255,255,255,255,255,255,255,255,255,255,255,255,255,255,255,255,255,255,255,255,255,255,255,255,255,255,255,255,255,255,255,255,255,255,255,255,255,255,255,255,255,255,255,255,255,255,255,255,255,255,255,255,255,255,255,255,255,255,255,255,255,255,255,255,255,255,255,255,255,255,255,255,255,255,255,255,255,255,255,255,255,255,255,255,255,255,255,255,255,255,255,255,255,255,255,255,255,255,255,255,255,255,255,255,255,255,255,255,255,255,255,255,255,255,255,255,255,255,255,255,255,255,255,255,255,255,255,255,255,255,255,255,255,255,255,255,255,255,255,255,255,255,255,255,255,255,255,255,255,255,255,255,255,255,255,255,255,255,255,255,255,255,255,255,255,255,255,255,255,255,255,255,255,255,255,255,255,255,255,255,255,255,255,255,255,255,255,255,255,255,255,255,255,255,255,255,255,255,255,255,255,255,255,255,255,255,255,255,255,255,255,255,255,255,255,255,255,255,255,255,255,255,255,255,255,255,255,255,255,255,255,255,255,255,255,255,255,255,255,255,255,255,255,255,255,255,255,255,255,255,255,255,255,255,255,255,255,255,255,255,255,255,255,255,255,255,255,255,255,255,255,255,255,255,255,255,255,255,255,255,255,255,255,255,255,255,255,255,255,255,255,255,255,255,255,255,255,255,255,255,255,255,255,255,255,255,255,255,255,255,255,255,255,255,255,255,255,255,255,255,255,255,255,255,255,255,255,255,255,255,255,255,255,255,255,255,255,255,255,255,255,255,255,255,255,255,255,255,255,255,255,255,255,255,255,255,255,255,255,255,255,255,255,255,255,255,255,255,255,255,255,255,255,255,255,255,255,255,255,255,255,255,255,255,255,255,255,255,255,255,254,254,254,255,255,255,255,255,255,252,252,252,248,248,248,241,241,241,241,241,241,249,249,249,253,253,253,247,247,247,215,215,215,176,176,176,134,134,134,114,114,114,101,101,101,71,71,69,78,78,76,91,91,89,94,94,92,80,80,78,68,68,66,70,70,68,78,78,76,95,95,93,164,164,162,199,199,197,193,193,191,73,73,71,43,43,41,116,116,114,189,189,187,214,214,212,185,185,183,191,191,189,187,187,185,165,165,163,70,70,68,5,5,3,9,9,7,46,46,46,92,92,92,137,137,137,164,164,164,193,193,193
255,255,255,255,255,255,255,255,255,255,255,255,255,255,255,255,255,255,255,255,255,255,255,255,255,255,255,255,255,255,255,255,255,255,255,255,255,255,255,255,255,255,255,255,255,255,255,255,255,255,255,255,255,255,255,255,255,255,255,255,255,255,255,255,255,255,255,255,255,255,255,255,255,255,255,255,255,255,255,255,255,255,255,255,255,255,255,255,255,255,255,255,255,255,255,255,255,255,255,255,255,255,255,255,255,255,255,255,255,255,255,255,255,255,255,255,255,255,255,255,255,255,255,255,255,255,255,255,255,255,255,255,255,255,255,255,255,255,255,255,255,255,255,255,255,255,255,255,255,255,255,255,255,255,255,255,255,255,255,255,255,255,255,255,255,255,255,255,255,255,255,255,255,255,255,255,255,255,255,255,255,255,255,255,255,255,255,255,255,255,255,255,255,255,255,255,255,255,255,255,255,255,255,255,255,255,255,255,255,255,255,255,255,255,255,255,255,255,255,255,255,255,255,255,255,255,255,255,255,255,255,255,255,255,255,255,255,255,255,255,255,255,255,255,255,255,255,255,255,255,255,255,255,255,255,255,255,255,255,255,255,255,255,255,255,255,255,255,255,255,255,255,255,255,255,255,255,255,255,255,255,255,255,255,255,255,255,255,255,255,255,255,255,255,255,255,255,255,255,255,255,255,255,255,255,255,255,255,255,255,255,255,255,255,255,255,255,255,255,255,255,255,255,255,255,255,255,255,255,255,255,255,255,255,255,255,255,255,255,255,255,255,255,255,255,255,255,255,255,255,255,255,255,255,255,255,255,255,255,255,255,255,255,255,255,255,255,255,255,255,255,255,255,255,255,255,255,255,255,255,255,255,255,255,255,255,255,255,255,255,255,255,255,255,255,255,255,255,255,255,255,255,255,255,255,255,255,255,255,255,255,255,255,255,255,255,255,255,255,255,255,255,255,255,255,255,255,255,255,255,255,255,255,255,255,255,255,255,255,255,255,255,255,255,255,255,255,255,255,255,255,255,255,255,255,255,255,255,255,255,255,255,255,255,255,255,255,255,255,255,255,255,255,255,255,255,255,255,255,255,255,255,255,255,255,255,255,255,255,255,255,255,255,255,255,255,255,255,255,255,255,255,255,255,255,255,255,255,255,255,255,255,255,255,255,255,255,255,255,255,255,255,255,255,255,255,255,255,255,255,255,255,255,255,255,255,255,254,254,254,255,255,255,255,255,255,253,253,253,244,244,244,248,248,248,248,248,248,251,251,251,250,250,250,240,240,240,207,207,207,147,147,147,89,89,89,48,48,48,29,29,29,27,27,27,21,21,21,61,61,61,102,102,100,81,81,79,52,52,50,29,29,27,54,54,52,51,51,49,30,30,28,61,61,59,64,64,62,53,53,51,57,57,55,94,94,92,171,171,169,191,191,189,158,158,156,82,82,80,98,98,96,129,129,127,148,148,146,78,78,76,27,27,25,39,39,37,106,106,106,171,171,171,204,204,204,224,224,224,234,234,234
255,255,255,255,255,255,255,255,255,255,255,255,255,255,255,255,255,255,255,255,255,255,255,255,255,255,255,255,255,255,255,255,255,255,255,255,255,255,255,255,255,255,255,255,255,255,255,255,255,255,255,255,255,255,255,255,255,255,255,255,255,255,255,255,255,255,255,255,255,255,255,255,255,255,255,255,255,255,255,255,255,255,255,255,255,255,255,255,255,255,255,255,255,255,255,255,255,255,255,255,255,255,255,255,255,255,255,255,255,255,255,255,255,255,255,255,255,255,255,255,255,255,255,255,255,255,255,255,255,255,255,255,255,255,255,255,255,255,255,255,255,255,255,255,255,255,255,255,255,255,255,255,255,255,255,255,255,255,255,255,255,255,255,255,255,255,255,255,255,255,255,255,255,255,255,255,255,255,255,255,255,255,255,255,255,255,255,255,255,255,255,255,255,255,255,255,255,255,255,255,255,255,255,255,255,255,255,255,255,255,255,255,255,255,255,255,255,255,255,255,255,255,255,255,255,255,255,255,255,255,255,255,255,255,255,255,255,255,255,255,255,255,255,255,255,255,255,255,255,255,255,255,255,255,255,255,255,255,255,255,255,255,255,255,255,255,255,255,255,255,255,255,255,255,255,255,255,255,255,255,255,255,255,255,255,255,255,255,255,255,255,255,255,255,255,255,255,255,255,255,255,255,255,255,255,255,255,255,255,255,255,255,255,255,255,255,255,255,255,255,255,255,255,255,255,255,255,255,255,255,255,255,255,255,255,255,255,255,255,255,255,255,255,255,255,255,255,255,255,255,255,255,255,255,255,255,255,255,255,255,255,255,255,255,255,255,255,255,255,255,255,255,255,255,255,255,255,255,255,255,255,255,255,255,255,255,255,255,255,255,255,255,255,255,255,255,255,255,255,255,255,255,255,255,255,255,255,255,255,255,255,255,255,255,255,255,255,255,255,255,255,255,255,255,255,255,255,255,255,255,255,255,255,255,255,255,255,255,255,255,255,255,255,255,255,255,255,255,255,255,255,255,255,255,255,255,255,255,255,255,255,255,255,255,255,255,255,255,255,255,255,255,255,255,255,255,255,255,255,255,255,255,255,255,255,255,255,255,255,255,255,255,255,255,255,255,255,255,255,255,255,255,255,255,255,255,255,255,255,255,255,255,255,255,255,255,255,255,255,255,255,255,255,255,255,255,255,255,255,255,255,255,255,255,255,255,255,254,254,254,255,255,255,255,255,255,247,247,247,234,234,234,245,245,245,248,248,248,242,242,242,216,216,216,183,183,183,139,139,139,88,88,88,45,45,45,10,10,10,2,2,2,5,5,5,16,16,16,61,61,61,118,118,118,100,100,98,89,89,87,82,82,80,106,106,104,86,86,84,46,46,44,64,64,62,69,69,67,66,66,64,104,104,102,128,128,126,137,137,135,120,120,118,85,85,83,23,23,21,44,44,42,65,65,63,88,88,86,63,63,61,65,65,63,126,126,124,179,179,179,219,219,219,235,235,235,253,253,253,253,253,253
255,255,255,255,255,255,255,255,255,255,255,255,255,255,255,255,255,255,255,255,255,255,255,255,255,255,255,255,255,255,255,255,255,255,255,255,255,255,255,255,255,255,255,255,255,255,255,255,255,255,255,255,255,255,255,255,255,255,255,255,255,255,255,255,255,255,255,255,255,255,255,255,255,255,255,255,255,255,255,255,255,255,255,255,255,255,255,255,255,255,255,255,255,255,255,255,255,255,255,255,255,255,255,255,255,255,255,255,255,255,255,255,255,255,255,255,255,255,255,255,255,255,255,255,255,255,255,255,255,255,255,255,255,255,255,255,255,255,255,255,255,255,255,255,255,255,255,255,255,255,255,255,255,255,255,255,255,255,255,255,255,255,255,255,255,255,255,255,255,255,255,255,255,255,255,255,255,255,255,255,255,255,255,255,255,255,255,255,255,255,255,255,255,255,255,255,255,255,255,255,255,255,255,255,255,255,255,255,255,255,255,255,255,255,255,255,255,255,255,255,255,255,255,255,255,255,255,255,255,255,255,255,255,255,255,255,255,255,255,255,255,255,255,255,255,255,255,255,255,255,255,255,255,255,255,255,255,255,255,255,255,255,255,255,255,255,255,255,255,255,255,255,255,255,255,255,255,255,255,255,255,255,255,255,255,255,255,255,255,255,255,255,255,255,255,255,255,255,255,255,255,255,255,255,255,255,255,255,255,255,255,255,255,255,255,255,255,255,255,255,255,255,255,255,255,255,255,255,255,255,255,255,255,255,255,255,255,255,255,255,255,255,255,255,255,255,255,255,255,255,255,255,255,255,255,255,255,255,255,255,255,255,255,255,255,255,255,255,255,255,255,255,255,255,255,255,255,255,255,255,255,255,255,255,255,255,255,255,255,255,255,255,255,255,255,255,255,255,255,255,255,255,255,255,255,255,255,255,255,255,255,255,255,255,255,255,255,255,255,255,255,255,255,255,255,255,255,255,255,255,255,255,255,255,255,255,255,255,255,255,255,255,255,255,255,255,255,255,255,255,255,255,255,255,255,255,255,255,255,255,255,255,255,255,255,255,255,255,255,255,255,255,255,255,255,255,255,255,255,255,255,255,255,255,255,255,255,255,255,255,255,255,255,255,255,255,255,255,255,255,255,255,255,255,255,255,255,255,255,255,255,255,255,255,255,255,255,255,255,255,255,255,255,255,255,255,255,255,255,255,255,255,255,255,255,255,255,255,255,255,255,255,255,254,254,254,247,247,247,236,236,236,245,245,245,244,244,244,220,220,220,162,162,162,105,105,105,58,58,58,36,36,36,28,28,28,26,26,26,17,17,17,17,17,17,23,23,23,69,69,69,117,117,117,132,132,132,154,154,152,183,183,181,193,193,191,151,151,149,86,86,84,120,120,118,138,138,136,150,150,148,167,167,165,139,139,137,64,64,62,31,31,29,8,8,6,9,9,7,16,16,14,15,15,13,19,19,17,54,54,52,119,119,117,232,232,230,246,246,246,245,245,245,255,255,255,248,248,248,252,252,252
255,255,255,255,255,255,255,255,255,255,255,255,255,255,255,255,255,255,255,255,255,255,255,255,255,255,255,255,255,255,255,255,255,255,255,255,255,255,255,255,255,255,255,255,255,255,255,255,255,255,255,255,255,255,255,255,255,255,255,255,255,255,255,255,255,255,255,255,255,255,255,255,255,255,255,255,255,255,255,255,255,255,255,255,255,255,255,255,255,255,255,255,255,255,255,255,255,255,255,255,255,255,255,255,255,255,255,255,255,255,255,255,255,255,255,255,255,255,255,255,255,255,255,255,255,255,255,255,255,255,255,255,255,255,255,255,255,255,255,255,255,255,255,255,255,255,255,255,255,255,255,255,255,255,255,255,255,255,255,255,255,255,255,255,255,255,255,255,255,255,255,255,255,255,255,255,255,255,255,255,255,255,255,255,255,255,255,255,255,255,255,255,255,255,255,255,255,255,255,255,255,255,255,255,255,255,255,255,255,255,255,255,255,255,255,255,255,255,255,255,255,255,255,255,255,255,255,255,255,255,255,255,255,255,255,255,255,255,255,255,255,255,255,255,255,255,255,255,255,255,255,255,255,255,255,255,255,255,255,255,255,255,255,255,255,255,255,255,255,255,255,255,255,255,255,255,255,255,255,255,255,255,255,255,255,255,255,255,255,255,255,255,255,255,255,255,255,255,255,255,255,255,255,255,255,255,255,255,255,255,255,255,255,255,255,255,255,255,255,255,255,255,255,255,255,255,255,255,255,255,255,255,255,255,255,255,255,255,255,255,255,255,255,255,255,255,255,255,255,255,255,255,255,255,255,255,255,255,255,255,255,255,255,255,255,255,255,255,255,255,255,255,255,255,255,255,255,255,255,255,255,255,255,255,255,255,255,255,255,255,255,255,255,255,255,255,255,255,255,255,255,255,255,255,255,255,255,255,255,255,255,255,255,255,255,255,255,255,255,255,255,255,255,255,255,255,255,255,255,255,255,255,255,255,255,255,255,255,255,255,255,255,255,255,255,255,255,255,255,255,255,255,255,255,255,255,255,255,255,255,255,255,255,255,255,255,255,255,255,255,255,255,255,255,255,255,255,255,255,255,255,255,255,255,255,255,255,255,255,255,255,255,255,255,255,255,255,255,255,255,255,255,255,255,255,255,255,255,255,255,255,255,255,255,255,255,255,255,255,255,255,255,255,255,255,255,255,255,255,255,255,254,254,254,255,255,255,255,255,255,255,255,255,255,255,255,253,253,253,247,247,247,248,248,248,230,230,230,177,177,177,97,97,97,42,42,42,25,25,25,55,55,55,91,91,91,118,118,118,124,124,124,107,107,107,34,34,34,26,26,26,49,49,49,120,120,120,178,178,178,228,228,226,164,164,162,98,98,96,31,31,29,109,109,107,147,147,145,136,136,134,103,103,101,72,72,70,45,45,43,75,75,73,87,87,85,76,76,74,62,62,60,76,76,74,123,123,121,167,167,165,208,208,206,234,234,232,248,248,248,254,254,254,252,252,252,246,246,246,238,238,238
255,255,255,255,255,255,255,255,255,255,255,255,255,255,255,255,255,255,255,255,255,255,255,255,255,255,255,255,255,255,255,255,255,255,255,255,255,255,255,255,255,255,255,255,255,255,255,255,255,255,255,255,255,255,255,255,255,255,255,255,255,255,255,255,255,255,255,255,255,255,255,255,255,255,255,255,255,255,255,255,255,255,255,255,255,255,255,255,255,255,255,255,255,255,255,255,255,255,255,255,255,255,255,255,255,255,255,255,255,255,255,255,255,255,255,255,255,255,255,255,255,255,255,255,255,255,255,255,255,255,255,255,255,255,255,255,255,255,255,255,255,255,255,255,255,255,255,255,255,255,255,255,255,255,255,255,255,255,255,255,255,255,255,255,255,255,255,255,255,255,255,255,255,255,255,255,255,255,255,255,255,255,255,255,255,255,255,255,255,255,255,255,255,255,255,255,255,255,255,255,255,255,255,255,255,255,255,255,255,255,255,255,255,255,255,255,255,255,255,255,255,255,255,255,255,255,255,255,255,255,255,255,255,255,255,255,255,255,255,255,255,255,255,255,255,255,255,255,255,255,255,255,255,255,255,255,255,255,255,255,255,255,255,255,255,255,255,255,255,255,255,255,255,255,255,255,255,255,255,255,255,255,255,255,255,255,255,255,255,255,255,255,255,255,255,255,255,255,255,255,255,255,255,255,255,255,255,255,255,255,255,255,255,255,255,255,255,255,255,255,255,255,255,255,255,255,255,255,255,255,255,255,255,255,255,255,255,255,255,255,255,255,255,255,255,255,255,255,255,255,255,255,255,255,255,255,255,255,255,255,255,255,255,255,255,255,255,255,255,255,255,255,255,255,255,255,255,255,255,255,255,255,255,255,255,255,255,255,255,255,255,255,255,255,255,255,255,255,255,255,255,255,255,255,255,255,255,255,255,255,255,255,255,255,255,255,255,255,255,255,255,255,255,255,255,255,255,255,255,255,255,255,255,255,255,255,255,255,255,255,255,255,255,255,255,255,255,255,255,255,255,255,255,255,255,255,255,255,255,255,255,255,255,255,255,255,255,255,255,255,255,255,255,255,255,255,255,255,255,255,255,255,255,255,255,255,255,255,255,255,255,255,255,255,255,255,255,255,255,255,255,255,255,255,255,255,255,254,254,254,253,253,253,251,251,251,252,252,252,255,255,255,255,255,255,255,255,255,255,255,255,252,252,252,251,251,251,253,253,253,253,253,253,250,250,250,251,251,251,254,254,254,250,250,250,216,216,216,137,137,137,74,74,74,40,40,40,71,71,71,113,113,113,149,149,149,165,165,165,171,171,171,154,154,154,76,76,76,63,63,63,86,86,86,140,140,140,183,183,183,214,214,212,163,163,161,100,100,98,38,38,36,101,101,99,129,129,127,111,111,109,114,114,112,115,115,115,118,118,118,151,151,149,170,170,168,161,161,159,147,147,145,156,156,154,199,199,197,234,234,232,248,248,246,247,247,245,247,247,247,255,255,255,254,254,254,246,246,246,241,241,241
255,255,255,255,255,255,255,255,255,255,255,255,255,255,255,255,255,255,255,255,255,255,255,255,255,255,255,255,255,255,255,255,255,255,255,255,255,255,255,255,255,255,255,255,255,255,255,255,255,255,255,255,255,255,255,255,255,255,255,255,255,255,255,255,255,255,255,255,255,255,255,255,255,255,255,255,255,255,255,255,255,255,255,255,255,255,255,255,255,255,255,255,255,255,255,255,255,255,255,255,255,255,255,255,255,255,255,255,255,255,255,255,255,255,255,255,255,255,255,255,255,255,255,255,255,255,255,255,255,255,255,255,255,255,255,255,255,255,255,255,255,255,255,255,255,255,255,255,255,255,255,255,255,255,255,255,255,255,255,255,255,255,255,255,255,255,255,255,255,255,255,255,255,255,255,255,255,255,255,255,255,255,255,255,255,255,255,255,255,255,255,255,255,255,255,255,255,255,255,255,255,255,255,255,255,255,255,255,255,255,255,255,255,255,255,255,255,255,255,255,255,255,255,255,255,255,255,255,255,255,255,255,255,255,255,255,255,255,255,255,255,255,255,255,255,255,255,255,255,255,255,255,255,255,255,255,255,255,255,255,255,255,255,255,255,255,255,255,255,255,255,255,255,255,255,255,255,255,255,255,255,255,255,255,255,255,255,255,255,255,255,255,255,255,255,255,255,255,255,255,255,255,255,255,255,255,255,255,255,255,255,255,255,255,255,255,255,255,255,255,255,255,255,255,255,255,255,255,255,255,255,255,255,255,255,255,255,255,255,255,255,255,255,255,255,255,255,255,255,255,255,255,255,255,255,255,255,255,255,255,255,255,255,255,255,255,255,255,255,255,255,255,255,255,255,255,255,255,255,255,255,255,255,255,255,255,255,255,255,255,255,255,255,255,255,255,255,255,255,255,255,255,255,255,255,255,255,255,255,255,255,255,255,255,255,255,255,255,255,255,255,255,255,255,255,255,255,255,255,255,255,255,255,255,255,255,255,255,255,255,255,255,255,255,255,255,255,255,255,255,255,255,255,255,255,255,255,255,255,255,255,255,255,255,255,255,255,255,255,255,255,255,255,255,255,255,255,255,255,255,255,255,255,255,255,255,255,255,255,255,255,255,255,255,255,255,255,255,255,255,255,255,255,255,255,255,255,254,254,254,251,251,251,249,249,249,251,251,251,253,253,253,254,254,254,253,253,253,248,248,248,247,247,247,246,246,246,247,247,247,245,245,245,243,243,243,246,246,246,251,251,251,244,244,244,198,198,198,98,98,98,67,67,67,91,91,91,180,180,180,208,208,208,206,206,206,172,172,172,171,171,171,173,173,173,140,140,140,164,164,164,199,199,199,194,194,194,177,177,177,163,163,163,174,174,172,142,142,140,86,86,84,106,106,104,95,95,93,67,67,65,194,194,192,255,255,255,254,254,254,255,255,255,253,253,251,253,253,251,255,255,253,252,252,250,254,254,252,251,251,249,255,255,253,254,254,254,253,253,253,255,255,255,255,255,255,254,254,254,255,255,255
255,255,255,255,255,255,255,255,255,255,255,255,255,255,255,255,255,255,255,255,255,255,255,255,255,255,255,255,255,255,255,255,255,255,255,255,255,255,255,255,255,255,255,255,255,255,255,255,255,255,255,255,255,255,255,255,255,255,255,255,255,255,255,255,255,255,255,255,255,255,255,255,255,255,255,255,255,255,255,255,255,255,255,255,255,255,255,255,255,255,255,255,255,255,255,255,255,255,255,255,255,255,255,255,255,255,255,255,255,255,255,255,255,255,255,255,255,255,255,255,255,255,255,255,255,255,255,255,255,255,255,255,255,255,255,255,255,255,255,255,255,255,255,255,255,255,255,255,255,255,255,255,255,255,255,255,255,255,255,255,255,255,255,255,255,255,255,255,255,255,255,255,255,255,255,255,255,255,255,255,255,255,255,255,255,255,255,255,255,255,255,255,255,255,255,255,255,255,255,255,255,255,255,255,255,255,255,255,255,255,255,255,255,255,255,255,255,255,255,255,255,255,255,255,255,255,255,255,255,255,255,255,255,255,255,255,255,255,255,255,255,255,255,255,255,255,255,255,255,255,255,255,255,255,255,255,255,255,255,255,255,255,255,255,255,255,255,255,255,255,255,255,255,255,255,255,255,255,255,255,255,255,255,255,255,255,255,255,255,255,255,255,255,255,255,255,255,255,255,255,255,255,255,255,255,255,255,255,255,255,255,255,255,255,255,255,255,255,255,255,255,255,255,255,255,255,255,255,255,255,255,255,255,255,255,255,255,255,255,255,255,255,255,255,255,255,255,255,255,255,255,255,255,255,255,255,255,255,255,255,255,255,255,255,255,255,255,255,255,255,255,255,255,255,255,255,255,255,255,255,255,255,255,255,255,255,255,255,255,255,255,255,255,255,255,255,255,255,255,255,255,255,255,255,255,255,255,255,255,255,255,255,255,255,255,255,255,255,255,255,255,255,255,255,255,255,255,255,255,255,255,255,255,255,255,255,255,255,255,255,255,255,255,255,255,255,255,255,255,255,255,255,255,255,255,255,255,255,255,255,255,255,255,255,255,255,255,255,255,255,255,255,255,255,255,255,255,255,255,255,255,255,255,255,255,255,255,255,255,255,255,255,255,255,255,255,255,255,255,255,255,255,255,255,255,255,255,255,255,255,253,253,253,251,251,251,252,252,252,254,254,254,254,254,254,252,252,252,252,252,252,251,251,251,251,251,251,253,253,253,252,252,252,250,250,250,251,251,251,254,254,254,250,250,250,210,210,210,98,98,98,47,47,47,45,45,45,126,126,126,153,153,153,154,154,154,109,109,109,83,83,83,67,67,67,50,50,50,89,89,89,142,142,142,127,127,127,90,90,90,53,53,53,70,70,70,60,60,58,43,43,41,100,100,98,143,143,141,150,150,148,222,222,220,255,255,255,253,253,253,254,254,254,255,255,255,255,255,255,255,255,253,254,254,252,255,255,253,255,255,253,255,255,253,255,255,255,255,255,255,255,255,255,253,253,253,254,254,254,255,255,255
255,255,255,255,255,255,255,255,255,255,255,255,255,255,255,255,255,255,255,255,255,255,255,255,255,255,255,255,255,255,255,255,255,255,255,255,255,255,255,255,255,255,255,255,255,255,255,255,255,255,255,255,255,255,255,255,255,255,255,255,255,255,255,255,255,255,255,255,255,255,255,255,255,255,255,255,255,255,255,255,255,255,255,255,255,255,255,255,255,255,255,255,255,255,255,255,255,255,255,255,255,255,255,255,255,255,255,255,255,255,255,255,255,255,255,255,255,255,255,255,255,255,255,255,255,255,255,255,255,255,255,255,255,255,255,255,255,255,255,255,255,255,255,255,255,255,255,255,255,255,255,255,255,255,255,255,255,255,255,255,255,255,255,255,255,255,255,255,255,255,255,255,255,255,255,255,255,255,255,255,255,255,255,255,255,255,255,255,255,255,255,255,255,255,255,255,255,255,255,255,255,255,255,255,255,255,255,255,255,255,255,255,255,255,255,255,255,255,255,255,255,255,255,255,255,255,255,255,255,255,255,255,255,255,255,255,255,255,255,255,255,255,255,255,255,255,255,255,255,255,255,255,255,255,255,255,255,255,255,255,255,255,255,255,255,255,255,255,255,255,255,255,255,255,255,255,255,255,255,255,255,255,255,255,255,255,255,255,255,255,255,255,255,255,255,255,255,255,255,255,255,255,255,255,255,255,255,255,255,255,255,255,255,255,255,255,255,255,255,255,255,255,255,255,255,255,255,255,255,255,255,255,255,255,255,255,255,255,255,255,255,255,255,255,255,255,255,255,255,255,255,255,255,255,255,255,255,255,255,255,255,255,255,255,255,255,255,255,255,255,255,255,255,255,255,255,255,255,255,255,255,255,255,255,255,255,255,255,255,255,255,255,255,255,255,255,255,255,255,255,255,255,255,255,255,255,255,255,255,255,255,255,255,255,255,255,255,255,255,255,255,255,255,255,255,255,255,255,255,255,255,255,255,255,255,255,255,255,255,255,255,255,255,255,255,255,255,255,255,255,255,255,255,255,255,255,255,255,255,255,255,255,255,255,255,255,255,255,255,255,255,255,255,255,255,255,255,255,255,255,255,255,255,255,255,255,255,255,255,255,255,255,255,255,255,255,255,255,255,255,255,255,255,255,255,255,255,255,255,255,255,255,255,254,254,254,255,255,255,255,255,255,254,254,254,252,252,252,251,251,251,250,250,250,251,251,251,254,254,254,255,255,255,254,254,254,252,252,252,251,251,251,254,254,254,211,211,211,98,98,98,37,37,37,25,25,25,87,87,87,114,114,114,114,114,114,59,59,59,28,28,28,7,7,7,5,5,5,50,50,50,99,99,99,92,92,92,53,53,53,6,6,6,19,19,19,12,12,12,14,14,12,110,110,108,166,166,164,214,214,212,237,237,235,253,253,253,255,255,255,255,255,255,255,255,255,254,254,254,252,252,252,253,253,251,253,253,251,253,253,251,253,253,251,253,253,253,255,255,255,255,255,255,253,253,253,254,254,254,254,254,254
255,255,255,255,255,255,255,255,255,255,255,255,255,255,255,255,255,255,255,255,255,255,255,255,255,255,255,255,255,255,255,255,255,255,255,255,255,255,255,255,255,255,255,255,255,255,255,255,255,255,255,255,255,255,255,255,255,255,255,255,255,255,255,255,255,255,255,255,255,255,255,255,255,255,255,255,255,255,255,255,255,255,255,255,255,255,255,255,255,255,255,255,255,255,255,255,255,255,255,255,255,255,255,255,255,255,255,255,255,255,255,255,255,255,255,255,255,255,255,255,255,255,255,255,255,255,255,255,255,255,255,255,255,255,255,255,255,255,255,255,255,255,255,255,255,255,255,255,255,255,255,255,255,255,255,255,255,255,255,255,255,255,255,255,255,255,255,255,255,255,255,255,255,255,255,255,255,255,255,255,255,255,255,255,255,255,255,255,255,255,255,255,255,255,255,255,255,255,255,255,255,255,255,255,255,255,255,255,255,255,255,255,255,255,255,255,255,255,255,255,255,255,255,255,255,255,255,255,255,255,255,255,255,255,255,255,255,255,255,255,255,255,255,255,255,255,255,255,255,255,255,255,255,255,255,255,255,255,255,255,255,255,255,255,255,255,255,255,255,255,255,255,255,255,255,255,255,255,255,255,255,255,255,255,255,255,255,255,255,255,255,255,255,255,255,255,255,255,255,255,255,255,255,255,255,255,255,255,255,255,255,255,255,255,255,255,255,255,255,255,255,255,255,255,255,255,255,255,255,255,255,255,255,255,255,255,255,255,255,255,255,255,255,255,255,255,255,255,255,255,255,255,255,255,255,255,255,255,255,255,255,255,255,255,255,255,255,255,255,255,255,255,255,255,255,255,255,255,255,255,255,255,255,255,255,255,255,255,255,255,255,255,255,255,255,255,255,255,255,255,255,255,255,255,255,255,255,255,255,255,255,255,255,255,255,255,255,255,255,255,255,255,255,255,255,255,255,255,255,255,255,255,255,255,255,255,255,255,255,255,255,255,255,255,255,255,255,255,255,255,255,255,255,255,255,255,255,255,255,255,255,255,255,255,255,255,255,255,255,255,255,255,255,255,255,255,255,255,255,255,255,255,255,255,255,255,255,255,255,255,255,255,255,255,255,255,255,255,255,255,255,255,255,255,253,253,253,255,255,255,255,255,255,255,255,255,254,254,254,254,254,254,254,254,254,254,254,254,254,254,254,253,253,253,253,253,253,254,254,254,255,255,255,255,255,255,255,255,255,254,254,254,250,250,250,208,208,208,107,107,107,47,47,47,26,26,26,70,70,70,83,83,83,73,73,73,31,31,31,11,11,11,1,1,1,0,0,0,45,45,45,96,96,96,99,99,99,67,67,67,15,15,15,14,14,14,13,13,13,10,10,10,102,102,102,186,186,184,255,255,253,252,252,250,253,253,253,254,254,254,251,251,251,251,251,251,253,253,253,255,255,255,255,255,255,251,251,249,254,254,252,253,253,251,253,253,253,255,255,255,254,254,254,254,254,254,255,255,255,255,255,255
255,255,255,255,255,255,255,255,255,255,255,255,255,255,255,255,255,255,255,255,255,255,255,255,255,255,255,255,255,255,255,255,255,255,255,255,255,255,255,255,255,255,255,255,255,255,255,255,255,255,255,255,255,255,255,255,255,255,255,255,255,255,255,255,255,255,255,255,255,255,255,255,255,255,255,255,255,255,255,255,255,255,255,255,255,255,255,255,255,255,255,255,255,255,255,255,255,255,255,255,255,255,255,255,255,255,255,255,255,255,255,255,255,255,255,255,255,255,255,255,255,255,255,255,255,255,255,255,255,255,255,255,255,255,255,255,255,255,255,255,255,255,255,255,255,255,255,255,255,255,255,255,255,255,255,255,255,255,255,255,255,255,255,255,255,255,255,255,255,255,255,255,255,255,255,255,255,255,255,255,255,255,255,255,255,255,255,255,255,255,255,255,255,255,255,255,255,255,255,255,255,255,255,255,255,255,255,255,255,255,255,255,255,255,255,255,255,255,255,255,255,255,255,255,255,255,255,255,255,255,255,255,255,255,255,255,255,255,255,255,255,255,255,255,255,255,255,255,255,255,255,255,255,255,255,255,255,255,255,255,255,255,255,255,255,255,255,255,255,255,255,255,255,255,255,255,255,255,255,255,255,255,255,255,255,255,255,255,255,255,255,255,255,255,255,255,255,255,255,255,255,255,255,255,255,255,255,255,255,255,255,255,255,255,255,255,255,255,255,255,255,255,255,255,255,255,255,255,255,255,255,255,255,255,255,255,255,255,255,255,255,255,255,255,255,255,255,255,255,255,255,255,255,255,255,255,255,255,255,255,255,255,255,255,255,255,255,255,255,255,255,255,255,255,255,255,255,255,255,255,255,255,255,255,255,255,255,255,255,255,255,255,255,255,255,255,255,255,255,255,255,255,255,255,255,255,255,255,255,255,255,255,255,255,255,255,255,255,255,255,255,255,255,255,255,255,255,255,255,255,255,255,255,255,255,255,255,255,255,255,255,255,255,255,255,255,255,255,255,255,255,255,255,255,255,255,255,255,255,255,255,255,255,255,255,255,255,255,255,255,255,255,255,255,255,255,255,255,255,255,255,255,255,255,255,255,255,255,255,255,255,255,255,255,255,255,255,255,255,255,255,255,255,255,254,254,254,255,255,255,255,255,255,253,253,253,252,252,252,253,253,253,255,255,255,255,255,255,254,254,254,253,253,253,251,251,251,249,249,249,249,249,249,252,252,252,254,254,254,255,255,255,210,210,210,154,154,154,69,69,69,40,40,40,30,30,30,60,60,60,51,51,51,32,32,32,12,12,12,17,17,17,26,26,26,3,3,3,29,29,29,75,75,75,104,104,104,93,93,93,63,63,63,43,43,43,24,24,24,7,7,7,102,102,102,183,183,183,254,254,252,255,255,253,254,254,254,253,253,253,252,252,252,255,255,255,254,254,254,249,249,249,251,251,251,255,255,253,253,253,251,253,253,251,252,252,252,253,253,253,254,254,254,255,255,255,255,255,255,253,253,253
255,255,255,255,255,255,255,255,255,255,255,255,255,255,255,255,255,255,255,255,255,255,255,255,255,255,255,255,255,255,255,255,255,255,255,255,255,255,255,255,255,255,255,255,255,255,255,255,255,255,255,255,255,255,255,255,255,255,255,255,255,255,255,255,255,255,255,255,255,255,255,255,255,255,255,255,255,255,255,255,255,255,255,255,255,255,255,255,255,255,255,255,255,255,255,255,255,255,255,255,255,255,255,255,255,255,255,255,255,255,255,255,255,255,255,255,255,255,255,255,255,255,255,255,255,255,255,255,255,255,255,255,255,255,255,255,255,255,255,255,255,255,255,255,255,255,255,255,255,255,255,255,255,255,255,255,255,255,255,255,255,255,255,255,255,255,255,255,255,255,255,255,255,255,255,255,255,255,255,255,255,255,255,255,255,255,255,255,255,255,255,255,255,255,255,255,255,255,255,255,255,255,255,255,255,255,255,255,255,255,255,255,255,255,255,255,255,255,255,255,255,255,255,255,255,255,255,255,255,255,255,255,255,255,255,255,255,255,255,255,255,255,255,255,255,255,255,255,255,255,255,255,255,255,255,255,255,255,255,255,255,255,255,255,255,255,255,255,255,255,255,255,255,255,255,255,255,255,255,255,255,255,255,255,255,255,255,255,255,255,255,255,255,255,255,255,255,255,255,255,255,255,255,255,255,255,255,255,255,255,255,255,255,255,255,255,255,255,255,255,255,255,255,255,255,255,255,255,255,255,255,255,255,255,255,255,255,255,255,255,255,255,255,255,255,255,255,255,255,255,255,255,255,255,255,255,255,255,255,255,255,255,255,255,255,255,255,255,255,255,255,255,255,255,255,255,255,255,255,255,255,255,255,255,255,255,255,255,255,255,255,255,255,255,255,255,255,255,255,255,255,255,255,255,255,255,255,255,255,255,255,255,255,255,255,255,255,255,255,255,255,255,255,255,255,255,255,255,255,255,255,255,255,255,255,255,255,255,255,255,255,255,255,255,255,255,255,255,255,255,255,255,255,255,255,255,255,255,255,255,255,255,255,255,255,255,255,255,255,255,255,255,255,255,255,255,255,255,255,255,255,255,255,255,255,255,255,255,255,255,255,255,255,255,255,255,255,255,255,255,255,255,255,255,255,255,255,255,255,255,254,254,254,252,252,252,252,252,252,253,253,253,255,255,255,255,255,255,253,253,253,251,251,251,248,248,248,246,246,246,249,249,249,253,253,253,253,253,253,250,250,250,175,175,175,96,96,96,35,35,35,39,39,39,47,47,47,52,52,52,25,25,25,4,4,4,0,0,0,16,16,16,32,32,32,26,26,26,38,38,38,71,71,71,128,128,128,128,128,128,89,89,89,55,55,55,24,24,24,6,6,6,108,108,108,183,183,183,252,252,252,252,252,250,252,252,252,253,253,253,254,254,254,253,253,253,254,254,254,255,255,255,253,253,253,251,251,251,252,252,250,254,254,254,253,253,253,255,255,255,255,255,255,255,255,255,255,255,255,254,254,254
255,255,255,255,255,255,255,255,255,255,255,255,255,255,255,255,255,255,255,255,255,255,255,255,255,255,255,255,255,255,255,255,255,255,255,255,255,255,255,255,255,255,255,255,255,255,255,255,255,255,255,255,255,255,255,255,255,255,255,255,255,255,255,255,255,255,255,255,255,255,255,255,255,255,255,255,255,255,255,255,255,255,255,255,255,255,255,255,255,255,255,255,255,255,255,255,255,255,255,255,255,255,255,255,255,255,255,255,255,255,255,255,255,255,255,255,255,255,255,255,255,255,255,255,255,255,255,255,255,255,255,255,255,255,255,255,255,255,255,255,255,255,255,255,255,255,255,255,255,255,255,255,255,255,255,255,255,255,255,255,255,255,255,255,255,255,255,255,255,255,255,255,255,255,255,255,255,255,255,255,255,255,255,255,255,255,255,255,255,255,255,255,255,255,255,255,255,255,255,255,255,255,255,255,255,255,255,255,255,255,255,255,255,255,255,255,255,255,255,255,255,255,255,255,255,255,255,255,255,255,255,255,255,255,255,255,255,255,255,255,255,255,255,255,255,255,255,255,255,255,255,255,255,255,255,255,255,255,255,255,255,255,255,255,255,255,255,255,255,255,255,255,255,255,255,255,255,255,255,255,255,255,255,255,255,255,255,255,255,255,255,255,255,255,255,255,255,255,255,255,255,255,255,255,255,255,255,255,255,255,255,255,255,255,255,255,255,255,255,255,255,255,255,255,255,255,255,255,255,255,255,255,255,255,255,255,255,255,255,255,255,255,255,255,255,255,255,255,255,255,255,255,255,255,255,255,255,255,255,255,255,255,255,255,255,255,255,255,255,255,255,255,255,255,255,255,255,255,255,255,255,255,255,255,255,255,255,255,255,255,255,255,255,255,255,255,255,255,255,255,255,255,255,255,255,255,255,255,255,255,255,255,255,255,255,255,255,255,255,255,255,255,255,255,255,255,255,255,255,255,255,255,255,255,255,255,255,255,255,255,255,255,255,255,255,255,255,255,255,255,255,255,255,255,255,255,255,255,255,255,255,255,255,255,255,255,255,255,255,255,255,255,255,255,255,255,255,255,255,255,255,255,255,255,255,255,255,255,255,255,255,255,255,255,255,255,255,255,255,255,255,255,255,255,255,255,255,255,255,255,253,253,253,251,251,251,252,252,252,254,254,254,254,254,254,252,252,252,250,250,250,246,246,246,243,243,243,245,245,245,252,252,252,255,255,255,249,249,249,240,240,240,137,137,137,54,54,54,23,23,23,44,44,44,67,67,67,52,52,52,23,23,23,2,2,2,2,2,2,7,7,7,15,15,15,60,60,60,91,91,91,111,111,111,171,171,171,151,151,151,90,90,90,32,32,32,6,6,6,14,14,14,123,123,123,204,204,204,254,254,254,255,255,253,255,255,255,252,252,252,253,253,253,252,252,252,253,253,253,254,254,254,252,252,252,254,254,254,253,253,251,254,254,254,252,252,252,253,253,253,255,255,255,253,253,253,255,255,255,255,255,255
255,255,255,255,255,255,255,255,255,255,255,255,255,255,255,255,255,255,255,255,255,255,255,255,255,255,255,255,255,255,255,255,255,255,255,255,255,255,255,255,255,255,255,255,255,255,255,255,255,255,255,255,255,255,255,255,255,255,255,255,255,255,255,255,255,255,255,255,255,255,255,255,255,255,255,255,255,255,255,255,255,255,255,255,255,255,255,255,255,255,255,255,255,255,255,255,255,255,255,255,255,255,255,255,255,255,255,255,255,255,255,255,255,255,255,255,255,255,255,255,255,255,255,255,255,255,255,255,255,255,255,255,255,255,255,255,255,255,255,255,255,255,255,255,255,255,255,255,255,255,255,255,255,255,255,255,255,255,255,255,255,255,255,255,255,255,255,255,255,255,255,255,255,255,255,255,255,255,255,255,255,255,255,255,255,255,255,255,255,255,255,255,255,255,255,255,255,255,255,255,255,255,255,255,255,255,255,255,255,255,255,255,255,255,255,255,255,255,255,255,255,255,255,255,255,255,255,255,255,255,255,255,255,255,255,255,255,255,255,255,255,255,255,255,255,255,255,255,255,255,255,255,255,255,255,255,255,255,255,255,255,255,255,255,255,255,255,255,255,255,255,255,255,255,255,255,255,255,255,255,255,255,255,255,255,255,255,255,255,255,255,255,255,255,255,255,255,255,255,255,255,255,255,255,255,255,255,255,255,255,255,255,255,255,255,255,255,255,255,255,255,255,255,255,255,255,255,255,255,255,255,255,255,255,255,255,255,255,255,255,255,255,255,255,255,255,255,255,255,255,255,255,255,255,255,255,255,255,255,255,255,255,255,255,255,255,255,255,255,255,255,255,255,255,255,255,255,255,255,255,255,255,255,255,255,255,255,255,255,255,255,255,255,255,255,255,255,255,255,255,255,255,255,255,255,255,255,255,255,255,255,255,255,255,255,255,255,255,255,255,255,255,255,255,255,255,255,255,255,255,255,255,255,255,255,255,255,255,255,255,255,255,255,255,255,255,255,255,255,255,255,255,255,255,255,255,255,255,255,255,255,255,255,255,255,255,255,255,255,255,255,255,255,255,255,255,255,255,255,255,255,255,255,255,255,255,255,255,255,255,255,255,255,255,255,255,255,255,255,255,255,255,255,255,255,255,255,253,253,253,255,255,255,251,251,251,253,253,253,254,254,254,254,254,254,251,251,251,248,248,248,243,243,243,248,248,248,253,253,253,252,252,252,251,251,251,235,235,235,198,198,198,117,117,117,57,57,57,42,42,42,60,60,60,72,72,72,50,50,50,39,39,39,33,33,33,36,36,36,19,19,19,20,20,20,102,102,102,133,133,133,158,158,158,203,203,203,157,157,157,70,70,70,27,27,27,38,38,38,87,87,87,174,174,174,230,230,230,253,253,253,250,250,250,253,253,253,253,253,253,253,253,253,253,253,253,253,253,253,253,253,253,253,253,253,253,253,253,253,253,253,253,253,253,253,253,253,254,254,254,254,254,254,255,255,255,255,255,255,255,255,255
255,255,255,255,255,255,255,255,255,255,255,255,255,255,255,255,255,255,255,255,255,255,255,255,255,255,255,255,255,255,255,255,255,255,255,255,255,255,255,255,255,255,255,255,255,255,255,255,255,255,255,255,255,255,255,255,255,255,255,255,255,255,255,255,255,255,255,255,255,255,255,255,255,255,255,255,255,255,255,255,255,255,255,255,255,255,255,255,255,255,255,255,255,255,255,255,255,255,255,255,255,255,255,255,255,255,255,255,255,255,255,255,255,255,255,255,255,255,255,255,255,255,255,255,255,255,255,255,255,255,255,255,255,255,255,255,255,255,255,255,255,255,255,255,255,255,255,255,255,255,255,255,255,255,255,255,255,255,255,255,255,255,255,255,255,255,255,255,255,255,255,255,255,255,255,255,255,255,255,255,255,255,255,255,255,255,255,255,255,255,255,255,255,255,255,255,255,255,255,255,255,255,255,255,255,255,255,255,255,255,255,255,255,255,255,255,255,255,255,255,255,255,255,255,255,255,255,255,255,255,255,255,255,255,255,255,255,255,255,255,255,255,255,255,255,255,255,255,255,255,255,255,255,255,255,255,255,255,255,255,255,255,255,255,255,255,255,255,255,255,255,255,255,255,255,255,255,255,255,255,255,255,255,255,255,255,255,255,255,255,255,255,255,255,255,255,255,255,255,255,255,255,255,255,255,255,255,255,255,255,255,255,255,255,255,255,255,255,255,255,255,255,255,255,255,255,255,255,255,255,255,255,255,255,255,255,255,255,255,255,255,255,255,255,255,255,255,255,255,255,255,255,255,255,255,255,255,255,255,255,255,255,255,255,255,255,255,255,255,255,255,255,255,255,255,255,255,255,255,255,255,255,255,255,255,255,255,255,255,255,255,255,255,255,255,255,255,255,255,255,255,255,255,255,255,255,255,255,255,255,255,255,255,255,255,255,255,255,255,255,255,255,255,255,255,255,255,255,255,255,255,255,255,255,255,255,255,255,255,255,255,255,255,255,255,255,255,255,255,255,255,255,255,255,255,255,255,255,255,255,255,255,255,255,255,255,255,255,255,255,255,255,255,255,255,255,255,255,255,255,255,255,255,255,255,255,255,255,255,255,255,255,255,255,255,255,255,255,255,255,255,255,255,255,255,255,255,255,255,255,254,254,254,249,249,249,254,254,254,255,255,255,253,253,253,247,247,247,246,246,246,249,249,249,247,247,247,250,250,250,249,249,249,239,239,239,206,206,206,149,149,149,95,95,95,62,62,62,61,61,61,63,63,63,59,59,59,44,44,44,54,54,54,66,66,66,63,63,63,34,34,34,28,28,28,112,112,112,153,153,153,167,167,167,194,194,194,142,142,142,43,43,43,37,37,37,88,88,88,169,169,169,226,226,226,248,248,248,245,245,245,255,255,255,253,253,253,253,253,253,253,253,253,253,253,253,253,253,253,253,253,253,253,253,253,253,253,253,253,253,253,254,254,254,254,254,254,254,254,254,255,255,255,255,255,255,255,255,255,255,255,255
255,255,255,255,255,255,255,255,255,255,255,255,255,255,255,255,255,255,255,255,255,255,255,255,255,255,255,255,255,255,255,255,255,255,255,255,255,255,255,255,255,255,255,255,255,255,255,255,255,255,255,255,255,255,255,255,255,255,255,255,255,255,255,255,255,255,255,255,255,255,255,255,255,255,255,255,255,255,255,255,255,255,255,255,255,255,255,255,255,255,255,255,255,255,255,255,255,255,255,255,255,255,255,255,255,255,255,255,255,255,255,255,255,255,255,255,255,255,255,255,255,255,255,255,255,255,255,255,255,255,255,255,255,255,255,255,255,255,255,255,255,255,255,255,255,255,255,255,255,255,255,255,255,255,255,255,255,255,255,255,255,255,255,255,255,255,255,255,255,255,255,255,255,255,255,255,255,255,255,255,255,255,255,255,255,255,255,255,255,255,255,255,255,255,255,255,255,255,255,255,255,255,255,255,255,255,255,255,255,255,255,255,255,255,255,255,255,255,255,255,255,255,255,255,255,255,255,255,255,255,255,255,255,255,255,255,255,255,255,255,255,255,255,255,255,255,255,255,255,255,255,255,255,255,255,255,255,255,255,255,255,255,255,255,255,255,255,255,255,255,255,255,255,255,255,255,255,255,255,255,255,255,255,255,255,255,255,255,255,255,255,255,255,255,255,255,255,255,255,255,255,255,255,255,255,255,255,255,255,255,255,255,255,255,255,255,255,255,255,255,255,255,255,255,255,255,255,255,255,255,255,255,255,255,255,255,255,255,255,255,255,255,255,255,255,255,255,255,255,255,255,255,255,255,255,255,255,255,255,255,255,255,255,255,255,255,255,255,255,255,255,255,255,255,255,255,255,255,255,255,255,255,255,255,255,255,255,255,255,255,255,255,255,255,255,255,255,255,255,255,255,255,255,255,255,255,255,255,255,255,255,255,255,255,255,255,255,255,255,255,255,255,255,255,255,255,255,255,255,255,255,255,255,255,255,255,255,255,255,255,255,255,255,255,255,255,255,255,255,255,255,255,255,255,255,255,255,255,255,255,255,255,255,255,255,255,255,255,255,255,255,255,255,255,255,255,255,255,255,255,255,255,255,255,255,255,255,255,255,255,255,255,255,255,255,255,255,255,255,255,255,255,255,255,254,254,254,255,255,255,254,254,254,248,248,248,253,253,253,255,255,255,253,253,253,247,247,247,248,248,248,255,255,255,253,253,253,246,246,246,225,225,225,196,196,196,150,150,150,81,81,81,66,66,66,56,56,56,52,52,52,34,34,34,19,19,19,26,26,26,51,51,51,67,67,67,64,64,64,46,46,46,28,28,28,59,59,59,73,73,73,84,84,84,111,111,111,71,71,71,19,19,19,84,84,84,158,158,158,233,233,233,247,247,247,254,254,254,246,246,246,249,249,249,255,255,255,255,255,255,255,255,255,255,255,255,255,255,255,255,255,255,255,255,255,255,255,255,254,254,254,255,255,255,255,255,255,255,255,255,255,255,255,255,255,255,255,255,255,255,255,255
255,255,255,255,255,255,255,255,255,255,255,255,255,255,255,255,255,255,255,255,255,255,255,255,255,255,255,255,255,255,255,255,255,255,255,255,255,255,255,255,255,255,255,255,255,255,255,255,255,255,255,255,255,255,255,255,255,255,255,255,255,255,255,255,255,255,255,255,255,255,255,255,255,255,255,255,255,255,255,255,255,255,255,255,255,255,255,255,255,255,255,255,255,255,255,255,255,255,255,255,255,255,255,255,255,255,255,255,255,255,255,255,255,255,255,255,255,255,255,255,255,255,255,255,255,255,255,255,255,255,255,255,255,255,255,255,255,255,255,255,255,255,255,255,255,255,255,255,255,255,255,255,255,255,255,255,255,255,255,255,255,255,255,255,255,255,255,255,255,255,255,255,255,255,255,255,255,255,255,255,255,255,255,255,255,255,255,255,255,255,255,255,255,255,255,255,255,255,255,255,255,255,255,255,255,255,255,255,255,255,255,255,255,255,255,255,255,255,255,255,255,255,255,255,255,255,255,255,255,255,255,255,255,255,255,255,255,255,255,255,255,255,255,255,255,255,255,255,255,255,255,255,255,255,255,255,255,255,255,255,255,255,255,255,255,255,255,255,255,255,255,255,255,255,255,255,255,255,255,255,255,255,255,255,255,255,255,255,255,255,255,255,255,255,255,255,255,255,255,255,255,255,255,255,255,255,255,255,255,255,255,255,255,255,255,255,255,255,255,255,255,255,255,255,255,255,255,255,255,255,255,255,255,255,255,255,255,255,255,255,255,255,255,255,255,255,255,255,255,255,255,255,255,255,255,255,255,255,255,255,255,255,255,255,255,255,255,255,255,255,255,255,255,255,255,255,255,255,255,255,255,255,255,255,255,255,255,255,255,255,255,255,255,255,255,255,255,255,255,255,255,255,255,255,255,255,255,255,255,255,255,255,255,255,255,255,255,255,255,255,255,255,255,255,255,255,255,255,255,255,255,255,255,255,255,255,255,255,255,255,255,255,255,255,255,255,255,255,255,255,255,255,255,255,255,255,255,255,255,254,254,254,255,255,255,255,255,255,255,255,255,255,255,255,255,255,255,255,255,255,255,255,255,255,255,255,255,255,255,255,255,255,255,255,255,255,255,255,255,255,255,255,255,255,254,254,254,255,255,255,251,251,251,246,246,246,252,252,252,253,253,253,255,255,255,252,252,252,248,248,248,254,254,254,252,252,252,234,234,234,194,194,194,150,150,150,103,103,103,46,46,46,40,40,40,42,42,42,32,32,32,16,16,16,12,12,12,45,45,45,64,64,64,64,64,64,37,37,37,23,23,23,16,16,16,28,28,28,32,32,32,34,34,34,54,54,54,40,40,40,23,23,23,140,140,140,211,211,211,254,254,254,231,231,231,232,232,232,252,252,252,254,254,254,255,255,255,255,255,255,255,255,255,255,255,255,255,255,255,255,255,255,255,255,255,255,255,255,255,255,255,255,255,255,255,255,255,255,255,255,255,255,255,255,255,255,255,255,255,255,255,255
255,255,255,255,255,255,255,255,255,255,255,255,255,255,255,255,255,255,255,255,255,255,255,255,255,255,255,255,255,255,255,255,255,255,255,255,255,255,255,255,255,255,255,255,255,255,255,255,255,255,255,255,255,255,255,255,255,255,255,255,255,255,255,255,255,255,255,255,255,255,255,255,255,255,255,255,255,255,255,255,255,255,255,255,255,255,255,255,255,255,255,255,255,255,255,255,255,255,255,255,255,255,255,255,255,255,255,255,255,255,255,255,255,255,255,255,255,255,255,255,255,255,255,255,255,255,255,255,255,255,255,255,255,255,255,255,255,255,255,255,255,255,255,255,255,255,255,255,255,255,255,255,255,255,255,255,255,255,255,255,255,255,255,255,255,255,255,255,255,255,255,255,255,255,255,255,255,255,255,255,255,255,255,255,255,255,255,255,255,255,255,255,255,255,255,255,255,255,255,255,255,255,255,255,255,255,255,255,255,255,255,255,255,255,255,255,255,255,255,255,255,255,255,255,255,255,255,255,255,255,255,255,255,255,255,255,255,255,255,255,255,255,255,255,255,255,255,255,255,255,255,255,255,255,255,255,255,255,255,255,255,255,255,255,255,255,255,255,255,255,255,255,255,255,255,255,255,255,255,255,255,255,255,255,255,255,255,255,255,255,255,255,255,255,255,255,255,255,255,255,255,255,255,255,255,255,255,255,255,255,255,255,255,255,255,255,255,255,255,255,255,255,255,255,255,255,255,255,255,255,255,255,255,255,255,255,255,255,255,255,255,255,255,255,255,255,255,255,255,255,255,255,255,255,255,255,255,255,255,255,255,255,255,255,255,255,255,255,255,255,255,255,255,255,255,255,255,255,255,255,255,255,255,255,255,255,255,255,255,255,255,255,255,255,255,255,255,255,255,255,255,255,255,255,255,255,255,255,255,255,255,255,255,255,255,255,255,255,255,255,255,255,255,255,255,255,255,255,255,255,255,255,255,255,255,255,255,255,255,255,255,255,255,255,255,255,255,255,255,255,255,255,255,255,255,255,255,255,255,255,255,255,255,255,255,255,255,255,255,255,255,255,255,255,254,254,254,253,253,253,254,254,254,255,255,255,255,255,255,255,255,255,255,255,255,254,254,254,255,255,255,255,255,255,255,255,255,255,255,255,249,249,249,245,245,245,250,250,250,250,250,250,255,255,255,255,255,255,254,254,254,251,251,251,251,251,251,227,227,227,178,178,178,106,106,106,51,51,51,26,26,26,27,27,27,24,24,24,11,11,11,16,16,16,32,32,32,74,74,74,70,70,70,55,55,55,18,18,18,11,11,11,17,17,17,19,19,19,21,21,21,24,24,24,38,38,38,48,48,48,76,76,76,198,198,198,253,253,253,248,248,248,211,211,211,215,215,215,254,254,254,255,255,255,255,255,255,255,255,255,255,255,255,255,255,255,255,255,255,255,255,255,255,255,255,255,255,255,255,255,255,255,255,255,255,255,255,255,255,255,255,255,255,255,255,255,255,255,255,255,255,255
255,255,255,255,255,255,255,255,255,255,255,255,255,255,255,255,255,255,255,255,255,255,255,255,255,255,255,255,255,255,255,255,255,255,255,255,255,255,255,255,255,255,255,255,255,255,255,255,255,255,255,255,255,255,255,255,255,255,255,255,255,255,255,255,255,255,255,255,255,255,255,255,255,255,255,255,255,255,255,255,255,255,255,255,255,255,255,255,255,255,255,255,255,255,255,255,255,255,255,255,255,255,255,255,255,255,255,255,255,255,255,255,255,255,255,255,255,255,255,255,255,255,255,255,255,255,255,255,255,255,255,255,255,255,255,255,255,255,255,255,255,255,255,255,255,255,255,255,255,255,255,255,255,255,255,255,255,255,255,255,255,255,255,255,255,255,255,255,255,255,255,255,255,255,255,255,255,255,255,255,255,255,255,255,255,255,255,255,255,255,255,255,255,255,255,255,255,255,255,255,255,255,255,255,255,255,255,255,255,255,255,255,255,255,255,255,255,255,255,255,255,255,255,255,255,255,255,255,255,255,255,255,255,255,255,255,255,255,255,255,255,255,255,255,255,255,255,255,255,255,255,255,255,255,255,255,255,255,255,255,255,255,255,255,255,255,255,255,255,255,255,255,255,255,255,255,255,255,255,255,255,255,255,255,255,255,255,255,255,255,255,255,255,255,255,255,255,255,255,255,255,255,255,255,255,255,255,255,255,255,255,255,255,255,255,255,255,255,255,255,255,255,255,255,255,255,255,255,255,255,255,255,255,255,255,255,255,255,255,255,255,255,255,255,255,255,255,255,255,255,255,255,255,255,255,255,255,255,255,255,255,255,255,255,255,255,255,255,255,255,255,255,255,255,255,255,255,255,255,255,255,255,255,255,255,255,255,255,255,255,255,255,255,255,255,255,255,255,255,255,255,255,255,255,255,255,255,255,255,255,255,255,255,255,255,255,255,255,255,255,255,255,255,255,255,255,255,255,255,255,255,255,255,255,255,255,255,255,255,255,255,255,255,255,255,255,255,255,255,255,255,255,255,255,255,255,255,255,255,255,255,255,255,255,255,255,255,255,255,255,255,254,254,254,253,253,253,252,252,252,254,254,254,255,255,255,255,255,255,254,254,254,253,253,253,253,253,253,254,254,254,255,255,255,254,254,254,255,255,255,252,252,252,247,247,247,244,244,244,243,243,243,255,255,255,254,254,254,243,243,243,232,232,232,243,243,243,235,235,235,192,192,192,93,93,93,29,29,29,25,25,25,15,15,15,10,10,10,13,13,13,50,50,50,78,78,78,89,89,89,52,52,52,23,23,23,30,30,30,67,67,67,106,106,106,111,111,111,118,118,118,143,143,143,169,169,169,191,191,191,205,205,205,237,237,237,250,250,250,246,246,246,241,241,241,240,240,240,253,253,253,255,255,255,255,255,255,255,255,255,255,255,255,255,255,255,255,255,255,255,255,255,255,255,255,255,255,255,255,255,255,255,255,255,255,255,255,255,255,255,255,255,255,255,255,255,255,255,255,255,255,255
255,255,255,255,255,255,255,255,255,255,255,255,255,255,255,255,255,255,255,255,255,255,255,255,255,255,255,255,255,255,255,255,255,255,255,255,255,255,255,255,255,255,255,255,255,255,255,255,255,255,255,255,255,255,255,255,255,255,255,255,255,255,255,255,255,255,255,255,255,255,255,255,255,255,255,255,255,255,255,255,255,255,255,255,255,255,255,255,255,255,255,255,255,255,255,255,255,255,255,255,255,255,255,255,255,255,255,255,255,255,255,255,255,255,255,255,255,255,255,255,255,255,255,255,255,255,255,255,255,255,255,255,255,255,255,255,255,255,255,255,255,255,255,255,255,255,255,255,255,255,255,255,255,255,255,255,255,255,255,255,255,255,255,255,255,255,255,255,255,255,255,255,255,255,255,255,255,255,255,255,255,255,255,255,255,255,255,255,255,255,255,255,255,255,255,255,255,255,255,255,255,255,255,255,255,255,255,255,255,255,255,255,255,255,255,255,255,255,255,255,255,255,255,255,255,255,255,255,255,255,255,255,255,255,255,255,255,255,255,255,255,255,255,255,255,255,255,255,255,255,255,255,255,255,255,255,255,255,255,255,255,255,255,255,255,255,255,255,255,255,255,255,255,255,255,255,255,255,255,255,255,255,255,255,255,255,255,255,255,255,255,255,255,255,255,255,255,255,255,255,255,255,255,255,255,255,255,255,255,255,255,255,255,255,255,255,255,255,255,255,255,255,255,255,255,255,255,255,255,255,255,255,255,255,255,255,255,255,255,255,255,255,255,255,255,255,255,255,255,255,255,255,255,255,255,255,255,255,255,255,255,255,255,255,255,255,255,255,255,255,255,255,255,255,255,255,255,255,255,255,255,255,255,255,255,255,255,255,255,255,255,255,255,255,255,255,255,255,255,255,255,255,255,255,255,255,255,255,255,255,255,255,255,255,255,255,255,255,255,255,255,255,255,255,255,255,255,255,255,255,255,255,255,255,255,255,255,255,255,255,255,255,255,255,255,255,255,255,255,255,255,255,255,255,255,255,255,255,255,255,255,255,255,255,255,255,255,255,255,255,255,255,255,255,253,253,253,252,252,252,254,254,254,254,254,254,253,253,253,252,252,252,252,252,252,252,252,252,253,253,253,253,253,253,249,249,249,251,251,251,251,251,251,245,245,245,240,240,240,241,241,241,253,253,253,246,246,246,230,230,230,202,202,202,216,216,216,223,223,223,210,210,210,141,141,141,77,77,77,23,23,23,11,11,11,8,8,8,21,21,21,48,48,48,63,63,63,62,62,62,58,58,58,70,70,70,113,113,113,151,151,151,179,179,179,187,187,187,194,194,194,212,212,212,231,231,231,247,247,247,254,254,254,251,251,251,248,248,248,243,243,243,247,247,247,252,252,252,255,255,255,255,255,255,255,255,255,255,255,255,255,255,255,255,255,255,255,255,255,255,255,255,255,255,255,255,255,255,255,255,255,255,255,255,255,255,255,255,255,255,255,255,255,255,255,255,255,255,255,255,255,255
255,255,255,255,255,255,255,255,255,255,255,255,255,255,255,255,255,255,255,255,255,255,255,255,255,255,255,255,255,255,255,255,255,255,255,255,255,255,255,255,255,255,255,255,255,255,255,255,255,255,255,255,255,255,255,255,255,255,255,255,255,255,255,255,255,255,255,255,255,255,255,255,255,255,255,255,255,255,255,255,255,255,255,255,255,255,255,255,255,255,255,255,255,255,255,255,255,255,255,255,255,255,255,255,255,255,255,255,255,255,255,255,255,255,255,255,255,255,255,255,255,255,255,255,255,255,255,255,255,255,255,255,255,255,255,255,255,255,255,255,255,255,255,255,255,255,255,255,255,255,255,255,255,255,255,255,255,255,255,255,255,255,255,255,255,255,255,255,255,255,255,255,255,255,255,255,255,255,255,255,255,255,255,255,255,255,255,255,255,255,255,255,255,255,255,255,255,255,255,255,255,255,255,255,255,255,255,255,255,255,255,255,255,255,255,255,255,255,255,255,255,255,255,255,255,255,255,255,255,255,255,255,255,255,255,255,255,255,255,255,255,255,255,255,255,255,255,255,255,255,255,255,255,255,255,255,255,255,255,255,255,255,255,255,255,255,255,255,255,255,255,255,255,255,255,255,255,255,255,255,255,255,255,255,255,255,255,255,255,255,255,255,255,255,255,255,255,255,255,255,255,255,255,255,255,255,255,255,255,255,255,255,255,255,255,255,255,255,255,255,255,255,255,255,255,255,255,255,255,255,255,255,255,255,255,255,255,255,255,255,255,255,255,255,255,255,255,255,255,255,255,255,255,255,255,255,255,255,255,255,255,255,255,255,255,255,255,255,255,255,255,255,255,255,255,255,255,255,255,255,255,255,255,255,255,255,255,255,255,255,255,255,255,255,255,255,255,255,255,255,255,255,255,255,255,255,255,255,255,255,255,255,255,255,255,255,255,255,255,255,255,255,255,255,255,255,255,255,255,255,255,255,255,255,255,255,255,255,255,255,255,255,255,255,255,255,255,255,255,255,255,255,255,255,255,255,255,255,255,254,254,254,254,254,254,255,255,255,255,255,255,255,255,255,254,254,254,253,253,253,255,255,255,253,253,253,251,251,251,250,250,250,251,251,251,252,252,252,252,252,252,251,251,251,247,247,247,245,245,245,242,242,242,239,239,239,240,240,240,247,247,247,254,254,254,235,235,235,206,206,206,163,163,163,169,169,169,180,180,180,212,212,212,217,217,217,161,161,161,26,26,26,8,8,8,14,14,14,29,29,29,21,21,21,12,12,12,18,18,18,86,86,86,164,164,164,224,224,224,244,244,244,241,241,241,245,245,245,251,251,251,255,255,255,255,255,255,251,251,251,250,250,250,251,251,251,248,248,248,249,249,249,250,250,250,255,255,255,255,255,255,254,254,254,255,255,255,255,255,255,255,255,255,255,255,255,255,255,255,255,255,255,255,255,255,255,255,255,255,255,255,255,255,255,255,255,255,255,255,255,255,255,255,255,255,255,255,255,255,255,255,255
255,255,255,255,255,255,255,255,255,255,255,255,255,255,255,255,255,255,255,255,255,255,255,255,255,255,255,255,255,255,255,255,255,255,255,255,255,255,255,255,255,255,255,255,255,255,255,255,255,255,255,255,255,255,255,255,255,255,255,255,255,255,255,255,255,255,255,255,255,255,255,255,255,255,255,255,255,255,255,255,255,255,255,255,255,255,255,255,255,255,255,255,255,255,255,255,255,255,255,255,255,255,255,255,255,255,255,255,255,255,255,255,255,255,255,255,255,255,255,255,255,255,255,255,255,255,255,255,255,255,255,255,255,255,255,255,255,255,255,255,255,255,255,255,255,255,255,255,255,255,255,255,255,255,255,255,255,255,255,255,255,255,255,255,255,255,255,255,255,255,255,255,255,255,255,255,255,255,255,255,255,255,255,255,255,255,255,255,255,255,255,255,255,255,255,255,255,255,255,255,255,255,255,255,255,255,255,255,255,255,255,255,255,255,255,255,255,255,255,255,255,255,255,255,255,255,255,255,255,255,255,255,255,255,255,255,255,255,255,255,255,255,255,255,255,255,255,255,255,255,255,255,255,255,255,255,255,255,255,255,255,255,255,255,255,255,255,255,255,255,255,255,255,255,255,255,255,255,255,255,255,255,255,255,255,255,255,255,255,255,255,255,255,255,255,255,255,255,255,255,255,255,255,255,255,255,255,255,255,255,255,255,255,255,255,255,255,255,255,255,255,255,255,255,255,255,255,255,255,255,255,255,255,255,255,255,255,255,255,255,255,255,255,255,255,255,255,255,255,255,255,255,255,255,255,255,255,255,255,255,255,255,255,255,255,255,255,255,255,255,255,255,255,255,255,255,255,255,255,255,255,255,255,255,255,255,255,255,255,255,255,255,255,255,255,255,255,255,255,255,255,255,255,255,255,255,255,255,255,255,255,255,255,255,255,255,255,255,255,255,255,255,255,255,255,255,255,255,255,255,255,255,255,255,255,255,255,255,255,255,255,255,255,255,255,255,255,255,255,255,255,255,255,255,255,255,255,255,255,255,255,255,255,255,255,255,255,255,255,255,255,255,255,255,254,254,254,253,253,253,253,253,253,251,251,251,250,250,250,252,252,252,254,254,254,254,254,254,253,253,253,253,253,253,253,253,253,247,247,247,236,236,236,224,224,224,241,241,241,252,252,252,255,255,255,200,200,200,149,149,149,83,83,83,70,70,70,86,86,86,143,143,143,206,206,206,204,204,204,115,115,115,49,49,49,7,7,7,10,10,10,23,23,23,46,46,46,75,75,75,147,147,147,219,219,219,245,245,245,245,245,245,241,241,241,249,249,249,250,250,250,251,251,251,252,252,252,252,252,252,250,250,250,251,251,251,252,252,252,253,253,253,255,255,255,254,254,254,253,253,253,255,255,255,255,255,255,255,255,255,255,255,255,255,255,255,255,255,255,255,255,255,255,255,255,255,255,255,255,255,255,255,255,255,255,255,255,255,255,255,255,255,255,255,255,255,255,255,255,255,255,255
255,255,255,255,255,255,255,255,255,255,255,255,255,255,255,255,255,255,255,255,255,255,255,255,255,255,255,255,255,255,255,255,255,255,255,255,255,255,255,255,255,255,255,255,255,255,255,255,255,255,255,255,255,255,255,255,255,255,255,255,255,255,255,255,255,255,255,255,255,255,255,255,255,255,255,255,255,255,255,255,255,255,255,255,255,255,255,255,255,255,255,255,255,255,255,255,255,255,255,255,255,255,255,255,255,255,255,255,255,255,255,255,255,255,255,255,255,255,255,255,255,255,255,255,255,255,255,255,255,255,255,255,255,255,255,255,255,255,255,255,255,255,255,255,255,255,255,255,255,255,255,255,255,255,255,255,255,255,255,255,255,255,255,255,255,255,255,255,255,255,255,255,255,255,255,255,255,255,255,255,255,255,255,255,255,255,255,255,255,255,255,255,255,255,255,255,255,255,255,255,255,255,255,255,255,255,255,255,255,255,255,255,255,255,255,255,255,255,255,255,255,255,255,255,255,255,255,255,255,255,255,255,255,255,255,255,255,255,255,255,255,255,255,255,255,255,255,255,255,255,255,255,255,255,255,255,255,255,255,255,255,255,255,255,255,255,255,255,255,255,255,255,255,255,255,255,255,255,255,255,255,255,255,255,255,255,255,255,255,255,255,255,255,255,255,255,255,255,255,255,255,255,255,255,255,255,255,255,255,255,255,255,255,255,255,255,255,255,255,255,255,255,255,255,255,255,255,255,255,255,255,255,255,255,255,255,255,255,255,255,255,255,255,255,255,255,255,255,255,255,255,255,255,255,255,255,255,255,255,255,255,255,255,255,255,255,255,255,255,255,255,255,255,255,255,255,255,255,255,255,255,255,255,255,255,255,255,255,255,255,255,255,255,255,255,255,255,255,255,255,255,255,255,255,255,255,255,255,255,255,255,255,255,255,255,255,255,255,255,255,255,255,255,255,255,255,255,255,255,255,255,255,255,255,255,255,255,255,255,255,255,255,255,255,255,255,255,255,255,255,255,255,255,255,255,255,255,255,255,255,255,255,255,255,255,255,255,255,255,255,255,255,255,255,254,254,254,253,253,253,250,250,250,252,252,252,253,253,253,253,253,253,254,254,254,254,254,254,253,253,253,253,253,253,248,248,248,248,248,248,244,244,244,229,229,229,247,247,247,242,242,242,228,228,228,166,166,166,98,98,98,34,34,34,19,19,19,34,34,34,89,89,89,164,164,164,200,200,200,185,185,185,103,103,103,38,38,38,31,31,31,65,65,65,113,113,113,156,156,156,205,205,205,247,247,247,248,248,248,244,244,244,238,238,238,246,246,246,248,248,248,249,249,249,249,249,249,251,251,251,254,254,254,254,254,254,253,253,253,254,254,254,253,253,253,248,248,248,248,248,248,252,252,252,255,255,255,255,255,255,255,255,255,255,255,255,255,255,255,255,255,255,255,255,255,255,255,255,255,255,255,255,255,255,255,255,255,255,255,255,255,255,255,255,255,255,255,255,255,255,255,255
255,255,255,255,255,255,255,255,255,255,255,255,255,255,255,255,255,255,255,255,255,255,255,255,255,255,255,255,255,255,255,255,255,255,255,255,255,255,255,255,255,255,255,255,255,255,255,255,255,255,255,255,255,255,255,255,255,255,255,255,255,255,255,255,255,255,255,255,255,255,255,255,255,255,255,255,255,255,255,255,255,255,255,255,255,255,255,255,255,255,255,255,255,255,255,255,255,255,255,255,255,255,255,255,255,255,255,255,255,255,255,255,255,255,255,255,255,255,255,255,255,255,255,255,255,255,255,255,255,255,255,255,255,255,255,255,255,255,255,255,255,255,255,255,255,255,255,255,255,255,255,255,255,255,255,255,255,255,255,255,255,255,255,255,255,255,255,255,255,255,255,255,255,255,255,255,255,255,255,255,255,255,255,255,255,255,255,255,255,255,255,255,255,255,255,255,255,255,255,255,255,255,255,255,255,255,255,255,255,255,255,255,255,255,255,255,255,255,255,255,255,255,255,255,255,255,255,255,255,255,255,255,255,255,255,255,255,255,255,255,255,255,255,255,255,255,255,255,255,255,255,255,255,255,255,255,255,255,255,255,255,255,255,255,255,255,255,255,255,255,255,255,255,255,255,255,255,255,255,255,255,255,255,255,255,255,255,255,255,255,255,255,255,255,255,255,255,255,255,255,255,255,255,255,255,255,255,255,255,255,255,255,255,255,255,255,255,255,255,255,255,255,255,255,255,255,255,255,255,255,255,255,255,255,255,255,255,255,255,255,255,255,255,255,255,255,255,255,255,255,255,255,255,255,255,255,255,255,255,255,255,255,255,255,255,255,255,255,255,255,255,255,255,255,255,255,255,255,255,255,255,255,255,255,255,255,255,255,255,255,255,255,255,255,255,255,255,255,255,255,255,255,255,255,255,255,255,255,255,255,255,255,255,255,255,255,255,255,255,255,255,255,255,255,255,255,255,255,255,255,255,255,255,255,255,255,255,255,255,255,255,255,255,255,255,255,255,255,255,255,255,255,255,255,255,255,255,255,255,255,255,255,255,255,255,255,255,255,255,255,255,255,255,255,254,254,254,252,252,252,249,249,249,255,255,255,255,255,255,253,253,253,254,254,254,252,252,252,247,247,247,247,247,247,249,249,249,249,249,249,253,253,253,252,252,252,249,249,249,220,220,220,177,177,177,113,113,113,57,57,57,6,6,6,1,1,1,19,19,19,49,49,49,96,96,96,160,160,160,241,241,241,165,165,165,101,101,101,92,92,92,140,140,140,201,201,201,243,243,243,252,252,252,251,251,251,242,242,242,236,236,236,232,232,232,241,241,241,246,246,246,249,249,249,251,251,251,253,253,253,255,255,255,254,254,254,252,252,252,252,252,252,249,249,249,243,243,243,243,243,243,249,249,249,255,255,255,255,255,255,255,255,255,255,255,255,255,255,255,255,255,255,255,255,255,255,255,255,255,255,255,255,255,255,255,255,255,255,255,255,255,255,255,255,255,255,255,255,255,255,255,255
255,255,255,255,255,255,255,255,255,255,255,255,255,255,255,255,255,255,255,255,255,255,255,255,255,255,255,255,255,255,255,255,255,255,255,255,255,255,255,255,255,255,255,255,255,255,255,255,255,255,255,255,255,255,255,255,255,255,255,255,255,255,255,255,255,255,255,255,255,255,255,255,255,255,255,255,255,255,255,255,255,255,255,255,255,255,255,255,255,255,255,255,255,255,255,255,255,255,255,255,255,255,255,255,255,255,255,255,255,255,255,255,255,255,255,255,255,255,255,255,255,255,255,255,255,255,255,255,255,255,255,255,255,255,255,255,255,255,255,255,255,255,255,255,255,255,255,255,255,255,255,255,255,255,255,255,255,255,255,255,255,255,255,255,255,255,255,255,255,255,255,255,255,255,255,255,255,255,255,255,255,255,255,255,255,255,255,255,255,255,255,255,255,255,255,255,255,255,255,255,255,255,255,255,255,255,255,255,255,255,255,255,255,255,255,255,255,255,255,255,255,255,255,255,255,255,255,255,255,255,255,255,255,255,255,255,255,255,255,255,255,255,255,255,255,255,255,255,255,255,255,255,255,255,255,255,255,255,255,255,255,255,255,255,255,255,255,255,255,255,255,255,255,255,255,255,255,255,255,255,255,255,255,255,255,255,255,255,255,255,255,255,255,255,255,255,255,255,255,255,255,255,255,255,255,255,255,255,255,255,255,255,255,255,255,255,255,255,255,255,255,255,255,255,255,255,255,255,255,255,255,255,255,255,255,255,255,255,255,255,255,255,255,255,255,255,255,255,255,255,255,255,255,255,255,255,255,255,255,255,255,255,255,255,255,255,255,255,255,255,255,255,255,255,255,255,255,255,255,255,255,255,255,255,255,255,255,255,255,255,255,255,255,255,255,255,255,255,255,255,255,255,255,255,255,255,255,255,255,255,255,255,255,255,255,255,255,255,255,255,255,255,255,255,255,255,255,255,255,255,255,255,255,255,255,255,255,255,255,255,255,255,255,255,255,255,255,255,255,255,255,255,255,255,255,255,255,255,255,255,255,255,255,255,255,255,255,255,255,255,255,255,255,255,253,253,253,251,251,251,251,251,251,255,255,255,254,254,254,251,251,251,249,249,249,244,244,244,239,239,239,239,239,239,249,249,249,250,250,250,252,252,252,251,251,251,191,191,191,137,137,137,87,87,87,58,58,58,41,41,41,35,35,35,51,51,51,62,62,62,64,64,64,57,57,57,78,78,78,157,157,157,179,179,179,184,184,184,193,193,193,216,216,216,234,234,234,252,252,252,254,254,254,255,255,255,252,252,252,249,249,249,247,247,247,250,250,250,251,251,251,252,252,252,253,253,253,253,253,253,255,255,255,254,254,254,252,252,252,252,252,252,251,251,251,247,247,247,248,248,248,253,253,253,255,255,255,255,255,255,255,255,255,255,255,255,255,255,255,255,255,255,255,255,255,255,255,255,255,255,255,255,255,255,255,255,255,255,255,255,255,255,255,255,255,255,255,255,255,255,255,255
255,255,255,255,255,255,255,255,255,255,255,255,255,255,255,255,255,255,255,255,255,255,255,255,255,255,255,255,255,255,255,255,255,255,255,255,255,255,255,255,255,255,255,255,255,255,255,255,255,255,255,255,255,255,255,255,255,255,255,255,255,255,255,255,255,255,255,255,255,255,255,255,255,255,255,255,255,255,255,255,255,255,255,255,255,255,255,255,255,255,255,255,255,255,255,255,255,255,255,255,255,255,255,255,255,255,255,255,255,255,255,255,255,255,255,255,255,255,255,255,255,255,255,255,255,255,255,255,255,255,255,255,255,255,255,255,255,255,255,255,255,255,255,255,255,255,255,255,255,255,255,255,255,255,255,255,255,255,255,255,255,255,255,255,255,255,255,255,255,255,255,255,255,255,255,255,255,255,255,255,255,255,255,255,255,255,255,255,255,255,255,255,255,255,255,255,255,255,255,255,255,255,255,255,255,255,255,255,255,255,255,255,255,255,255,255,255,255,255,255,255,255,255,255,255,255,255,255,255,255,255,255,255,255,255,255,255,255,255,255,255,255,255,255,255,255,255,255,255,255,255,255,255,255,255,255,255,255,255,255,255,255,255,255,255,255,255,255,255,255,255,255,255,255,255,255,255,255,255,255,255,255,255,255,255,255,255,255,255,255,255,255,255,255,255,255,255,255,255,255,255,255,255,255,255,255,255,255,255,255,255,255,255,255,255,255,255,255,255,255,255,255,255,255,255,255,255,255,255,255,255,255,255,255,255,255,255,255,255,255,255,255,255,255,255,255,255,255,255,255,255,255,255,255,255,255,255,255,255,255,255,255,255,255,255,255,255,255,255,255,255,255,255,255,255,255,255,255,255,255,255,255,255,255,255,255,255,255,255,255,255,255,255,255,255,255,255,255,255,255,255,255,255,255,255,255,255,255,255,255,255,255,255,255,255,255,255,255,255,255,255,255,255,255,255,255,255,255,255,255,255,255,255,255,255,255,255,255,255,255,255,255,255,255,255,255,255,255,255,255,255,255,255,255,255,255,255,255,255,255,255,255,255,255,255,255,255,255,255,255,255,255,255,255,253,253,253,251,251,251,251,251,251,254,254,254,251,251,251,246,246,246,242,242,242,238,238,238,238,238,238,242,242,242,249,249,249,253,253,253,239,239,239,218,218,218,134,134,134,75,75,75,26,26,26,28,28,28,42,42,42,60,60,60,76,76,76,77,77,77,65,65,65,30,30,30,37,37,37,110,110,110,183,183,183,244,244,244,254,254,254,252,252,252,250,250,250,255,255,255,251,251,251,247,247,247,249,249,249,252,252,252,254,254,254,249,249,249,248,248,248,250,250,250,252,252,252,253,253,253,248,248,248,250,250,250,249,249,249,249,249,249,251,251,251,252,252,252,254,254,254,255,255,255,255,255,255,255,255,255,255,255,255,255,255,255,255,255,255,255,255,255,255,255,255,255,255,255,255,255,255,255,255,255,255,255,255,255,255,255,255,255,255,255,255,255,255,255,255,255,255,255
255,255,255,255,255,255,255,255,255,255,255,255,255,255,255,255,255,255,255,255,255,255,255,255,255,255,255,255,255,255,255,255,255,255,255,255,255,255,255,255,255,255,255,255,255,255,255,255,255,255,255,255,255,255,255,255,255,255,255,255,255,255,255,255,255,255,255,255,255,255,255,255,255,255,255,255,255,255,255,255,255,255,255,255,255,255,255,255,255,255,255,255,255,255,255,255,255,255,255,255,255,255,255,255,255,255,255,255,255,255,255,255,255,255,255,255,255,255,255,255,255,255,255,255,255,255,255,255,255,255,255,255,255,255,255,255,255,255,255,255,255,255,255,255,255,255,255,255,255,255,255,255,255,255,255,255,255,255,255,255,255,255,255,255,255,255,255,255,255,255,255,255,255,255,255,255,255,255,255,255,255,255,255,255,255,255,255,255,255,255,255,255,255,255,255,255,255,255,255,255,255,255,255,255,255,255,255,255,255,255,255,255,255,255,255,255,255,255,255,255,255,255,255,255,255,255,255,255,255,255,255,255,255,255,255,255,255,255,255,255,255,255,255,255,255,255,255,255,255,255,255,255,255,255,255,255,255,255,255,255,255,255,255,255,255,255,255,255,255,255,255,255,255,255,255,255,255,255,255,255,255,255,255,255,255,255,255,255,255,255,255,255,255,255,255,255,255,255,255,255,255,255,255,255,255,255,255,255,255,255,255,255,255,255,255,255,255,255,255,255,255,255,255,255,255,255,255,255,255,255,255,255,255,255,255,255,255,255,255,255,255,255,255,255,255,255,255,255,255,255,255,255,255,255,255,255,255,255,255,255,255,255,255,255,255,255,255,255,255,255,255,255,255,255,255,255,255,255,255,255,255,255,255,255,255,255,255,255,255,255,255,255,255,255,255,255,255,255,255,255,255,255,255,255,255,255,255,255,255,255,255,255,255,255,255,255,255,255,255,255,255,255,255,255,255,255,255,255,255,255,255,255,255,255,255,255,255,255,255,255,255,255,255,255,255,255,255,255,255,255,255,255,255,255,255,255,255,255,255,255,255,255,255,255,255,255,255,255,255,255,255,255,255,255,253,253,253,250,250,250,251,251,251,251,251,251,249,249,249,244,244,244,239,239,239,239,239,239,245,245,245,250,250,250,253,253,253,253,253,253,213,213,213,146,146,146,70,70,70,23,23,23,2,2,2,35,35,35,54,54,54,74,74,74,70,70,70,56,56,56,48,48,48,28,28,28,37,37,37,88,88,88,188,188,188,254,254,254,254,254,254,245,245,245,244,244,244,252,252,252,245,245,245,237,237,237,241,241,241,248,248,248,252,252,252,242,242,242,237,237,237,239,239,239,242,242,242,242,242,242,244,244,244,246,246,246,245,245,245,245,245,245,249,249,249,253,253,253,254,254,254,254,254,254,255,255,255,255,255,255,255,255,255,255,255,255,255,255,255,255,255,255,255,255,255,255,255,255,255,255,255,255,255,255,255,255,255,255,255,255,255,255,255,255,255,255,255,255,255,255,255,255
255,255,255,255,255,255,255,255,255,255,255,255,255,255,255,255,255,255,255,255,255,255,255,255,255,255,255,255,255,255,255,255,255,255,255,255,255,255,255,255,255,255,255,255,255,255,255,255,255,255,255,255,255,255,255,255,255,255,255,255,255,255,255,255,255,255,255,255,255,255,255,255,255,255,255,255,255,255,255,255,255,255,255,255,255,255,255,255,255,255,255,255,255,255,255,255,255,255,255,255,255,255,255,255,255,255,255,255,255,255,255,255,255,255,255,255,255,255,255,255,255,255,255,255,255,255,255,255,255,255,255,255,255,255,255,255,255,255,255,255,255,255,255,255,255,255,255,255,255,255,255,255,255,255,255,255,255,255,255,255,255,255,255,255,255,255,255,255,255,255,255,255,255,255,255,255,255,255,255,255,255,255,255,255,255,255,255,255,255,255,255,255,255,255,255,255,255,255,255,255,255,255,255,255,255,255,255,255,255,255,255,255,255,255,255,255,255,255,255,255,255,255,255,255,255,255,255,255,255,255,255,255,255,255,255,255,255,255,255,255,255,255,255,255,255,255,255,255,255,255,255,255,255,255,255,255,255,255,255,255,255,255,255,255,255,255,255,255,255,255,255,255,255,255,255,255,255,255,255,255,255,255,255,255,255,255,255,255,255,255,255,255,255,255,255,255,255,255,255,255,255,255,255,255,255,255,255,255,255,255,255,255,255,255,255,255,255,255,255,255,255,255,255,255,255,255,255,255,255,255,255,255,255,255,255,255,255,255,255,255,255,255,255,255,255,255,255,255,255,255,255,255,255,255,255,255,255,255,255,255,255,255,255,255,255,255,255,255,255,255,255,255,255,255,255,255,255,255,255,255,255,255,255,255,255,255,255,255,255,255,255,255,255,255,255,255,255,255,255,255,255,255,255,255,255,255,255,255,255,255,255,255,255,255,255,255,255,255,255,255,255,255,255,255,255,255,255,255,255,255,255,255,255,255,255,255,255,255,255,255,255,255,255,255,255,255,255,255,255,255,255,255,255,255,255,255,255,255,255,255,255,255,255,255,255,255,255,255,255,255,255,255,255,255,253,253,253,250,250,250,251,251,251,248,248,248,247,247,247,243,243,243,241,241,241,248,248,248,251,251,251,245,245,245,234,234,234,208,208,208,163,163,163,102,102,102,66,66,66,41,41,41,31,31,31,57,57,57,71,71,71,68,68,68,42,42,42,32,32,32,37,37,37,62,62,62,113,113,113,188,188,188,225,225,225,248,248,248,234,234,234,229,229,229,234,234,234,251,251,251,248,248,248,242,242,242,233,233,233,242,242,242,252,252,252,245,245,245,245,245,245,248,248,248,251,251,251,251,251,251,249,249,249,249,249,249,248,248,248,248,248,248,251,251,251,253,253,253,254,254,254,255,255,255,255,255,255,255,255,255,255,255,255,255,255,255,255,255,255,255,255,255,255,255,255,255,255,255,255,255,255,255,255,255,255,255,255,255,255,255,255,255,255,255,255,255,255,255,255,255,255,255
255,255,255,255,255,255,255,255,255,255,255,255,255,255,255,255,255,255,255,255,255,255,255,255,255,255,255,255,255,255,255,255,255,255,255,255,255,255,255,255,255,255,255,255,255,255,255,255,255,255,255,255,255,255,255,255,255,255,255,255,255,255,255,255,255,255,255,255,255,255,255,255,255,255,255,255,255,255,255,255,255,255,255,255,255,255,255,255,255,255,255,255,255,255,255,255,255,255,255,255,255,255,255,255,255,255,255,255,255,255,255,255,255,255,255,255,255,255,255,255,255,255,255,255,255,255,255,255,255,255,255,255,255,255,255,255,255,255,255,255,255,255,255,255,255,255,255,255,255,255,255,255,255,255,255,255,255,255,255,255,255,255,255,255,255,255,255,255,255,255,255,255,255,255,255,255,255,255,255,255,255,255,255,255,255,255,255,255,255,255,255,255,255,255,255,255,255,255,255,255,255,255,255,255,255,255,255,255,255,255,255,255,255,255,255,255,255,255,255,255,255,255,255,255,255,255,255,255,255,255,255,255,255,255,255,255,255,255,255,255,255,255,255,255,255,255,255,255,255,255,255,255,255,255,255,255,255,255,255,255,255,255,255,255,255,255,255,255,255,255,255,255,255,255,255,255,255,255,255,255,255,255,255,255,255,255,255,255,255,255,255,255,255,255,255,255,255,255,255,255,255,255,255,255,255,255,255,255,255,255,255,255,255,255,255,255,255,255,255,255,255,255,255,255,255,255,255,255,255,255,255,255,255,255,255,255,255,255,255,255,255,255,255,255,255,255,255,255,255,255,255,255,255,255,255,255,255,255,255,255,255,255,255,255,255,255,255,255,255,255,255,255,255,255,255,255,255,255,255,255,255,255,255,255,255,255,255,255,255,255,255,255,255,255,255,255,255,255,255,255,255,255,255,255,255,255,255,255,255,255,255,255,255,255,255,255,255,255,255,255,255,255,255,255,255,255,255,255,255,255,255,255,255,255,255,255,255,255,255,255,255,255,255,255,255,255,255,255,255,255,255,255,255,255,255,255,255,255,255,255,255,255,255,255,255,255,255,255,255,255,255,255,255,255,253,253,253,250,250,250,252,252,252,246,246,246,243,243,243,242,242,242,245,245,245,255,255,255,250,250,250,230,230,230,196,196,196,146,146,146,113,113,113,83,83,83,69,69,69,57,57,57,49,49,49,65,65,65,66,66,66,58,58,58,24,24,24,18,18,18,45,45,45,118,118,118,183,183,183,247,247,247,253,253,253,240,240,240,226,226,226,230,230,230,233,233,233,248,248,248,247,247,247,244,244,244,233,233,233,242,242,242,255,255,255,251,251,251,253,253,253,253,253,253,254,254,254,254,254,254,253,253,253,252,252,252,249,249,249,250,250,250,252,252,252,251,251,251,252,252,252,255,255,255,255,255,255,255,255,255,255,255,255,255,255,255,255,255,255,255,255,255,255,255,255,255,255,255,255,255,255,255,255,255,255,255,255,255,255,255,255,255,255,255,255,255,255,255,255,255,255,255
255,255,255,255,255,255,255,255,255,255,255,255,255,255,255,255,255,255,255,255,255,255,255,255,255,255,255,255,255,255,255,255,255,255,255,255,255,255,255,255,255,255,255,255,255,255,255,255,255,255,255,255,255,255,255,255,255,255,255,255,255,255,255,255,255,255,255,255,255,255,255,255,255,255,255,255,255,255,255,255,255,255,255,255,255,255,255,255,255,255,255,255,255,255,255,255,255,255,255,255,255,255,255,255,255,255,255,255,255,255,255,255,255,255,255,255,255,255,255,255,255,255,255,255,255,255,255,255,255,255,255,255,255,255,255,255,255,255,255,255,255,255,255,255,255,255,255,255,255,255,255,255,255,255,255,255,255,255,255,255,255,255,255,255,255,255,255,255,255,255,255,255,255,255,255,255,255,255,255,255,255,255,255,255,255,255,255,255,255,255,255,255,255,255,255,255,255,255,255,255,255,255,255,255,255,255,255,255,255,255,255,255,255,255,255,255,255,255,255,255,255,255,255,255,255,255,255,255,255,255,255,255,255,255,255,255,255,255,255,255,255,255,255,255,255,255,255,255,255,255,255,255,255,255,255,255,255,255,255,255,255,255,255,255,255,255,255,255,255,255,255,255,255,255,255,255,255,255,255,255,255,255,255,255,255,255,255,255,255,255,255,255,255,255,255,255,255,255,255,255,255,255,255,255,255,255,255,255,255,255,255,255,255,255,255,255,255,255,255,255,255,255,255,255,255,255,255,255,255,255,255,255,255,255,255,255,255,255,255,255,255,255,255,255,255,255,255,255,255,255,255,255,255,255,255,255,255,255,255,255,255,255,255,255,255,255,255,255,255,255,255,255,255,255,255,255,255,255,255,255,255,255,255,255,255,255,255,255,255,255,255,255,255,254,254,254,255,255,255,255,255,255,255,255,255,255,255,255,255,255,255,255,255,255,254,254,254,254,254,254,254,254,254,255,255,255,255,255,255,254,254,254,255,255,255,254,254,254,255,255,255,255,255,255,255,255,253,255,255,253,255,255,253,255,255,253,255,255,253,254,254,252,254,254,252,255,255,253,255,255,253,254,254,252,255,255,253,255,255,253,251,251,249,248,248,246,242,242,240,246,246,244,249,249,247,254,254,252,250,250,248,205,205,203,141,141,139,69,69,67,63,63,63,97,97,97,92,92,92,73,73,73,41,41,41,42,42,44,45,45,45,52,52,52,30,30,30,36,36,36,77,77,77,177,177,177,243,243,243,251,251,251,248,248,248,249,249,249,247,247,247,243,243,243,238,238,238,239,239,239,245,245,245,252,252,252,245,245,245,247,247,247,250,250,250,253,253,253,254,254,254,253,253,253,252,252,252,251,251,251,249,249,249,249,249,249,250,250,250,251,251,251,253,253,253,254,254,254,255,255,255,255,255,255,255,255,255,255,255,255,255,255,255,255,255,255,255,255,255,255,255,255,255,255,255,255,255,255,255,255,255,255,255,255,255,255,255,255,255,255,255,255,255,255,255,255,255,255,255,255,255,255
255,255,255,255,255,255,255,255,255,255,255,255,255,255,255,255,255,255,255,255,255,255,255,255,255,255,255,255,255,255,255,255,255,255,255,255,255,255,255,255,255,255,255,255,255,255,255,255,255,255,255,255,255,255,255,255,255,255,255,255,255,255,255,255,255,255,255,255,255,255,255,255,255,255,255,255,255,255,255,255,255,255,255,255,255,255,255,255,255,255,255,255,255,255,255,255,255,255,255,255,255,255,255,255,255,255,255,255,255,255,255,255,255,255,255,255,255,255,255,255,255,255,255,255,255,255,255,255,255,255,255,255,255,255,255,255,255,255,255,255,255,255,255,255,255,255,255,255,255,255,255,255,255,255,255,255,255,255,255,255,255,255,255,255,255,255,255,255,255,255,255,255,255,255,255,255,255,255,255,255,255,255,255,255,255,255,255,255,255,255,255,255,255,255,255,255,255,255,255,255,255,255,255,255,255,255,255,255,255,255,255,255,255,255,255,255,255,255,255,255,255,255,255,255,255,255,255,255,255,255,255,255,255,255,255,255,255,255,255,255,255,255,255,255,255,255,255,255,255,255,255,255,255,255,255,255,255,255,255,255,255,255,255,255,255,255,255,255,255,255,255,255,255,255,255,255,255,255,255,255,255,255,255,255,255,255,255,255,255,255,255,255,255,255,255,255,255,255,255,255,255,255,255,255,255,255,255,255,255,255,255,255,255,255,255,255,255,255,255,255,255,255,255,255,255,255,255,255,255,255,255,255,255,255,255,255,255,255,255,255,255,255,255,255,255,255,255,255,255,255,255,255,255,255,255,255,255,255,255,255,255,255,255,255,255,255,255,255,255,255,255,255,255,255,255,255,255,255,255,255,255,255,255,255,255,255,255,255,255,255,255,255,255,255,255,255,255,255,255,255,255,255,255,255,255,254,254,254,255,255,255,255,255,255,255,255,255,255,255,255,254,254,254,254,254,254,254,254,254,254,254,254,255,255,255,253,253,253,253,253,253,254,254,254,253,253,251,253,253,251,255,255,253,255,255,253,254,254,252,252,252,250,252,252,250,252,252,250,252,252,250,254,254,252,255,255,253,254,254,252,244,244,242,240,240,238,232,232,230,245,245,243,249,249,247,240,240,238,201,201,199,140,140,138,72,72,70,29,29,27,32,32,32,68,68,68,92,92,92,101,101,101,89,89,89,56,56,58,36,36,36,35,35,35,68,68,68,111,111,111,173,173,173,223,223,223,252,252,252,251,251,251,252,252,252,253,253,253,253,253,253,251,251,251,248,248,248,247,247,247,250,250,250,253,253,253,250,250,250,251,251,251,253,253,253,254,254,254,255,255,255,254,254,254,253,253,253,252,252,252,252,252,252,252,252,252,253,253,253,253,253,253,254,254,254,254,254,254,255,255,255,255,255,255,255,255,255,255,255,255,255,255,255,255,255,255,255,255,255,255,255,255,255,255,255,255,255,255,255,255,255,255,255,255,255,255,255,255,255,255,255,255,255,255,255,255,255,255,255,255,255,255
255,255,255,255,255,255,255,255,255,255,255,255,255,255,255,255,255,255,255,255,255,255,255,255,255,255,255,255,255,255,255,255,255,255,255,255,255,255,255,255,255,255,255,255,255,255,255,255,255,255,255,255,255,255,255,255,255,255,255,255,255,255,255,255,255,255,255,255,255,255,255,255,255,255,255,255,255,255,255,255,255,255,255,255,255,255,255,255,255,255,255,255,255,255,255,255,255,255,255,255,255,255,255,255,255,255,255,255,255,255,255,255,255,255,255,255,255,255,255,255,255,255,255,255,255,255,255,255,255,255,255,255,255,255,255,255,255,255,255,255,255,255,255,255,255,255,255,255,255,255,255,255,255,255,255,255,255,255,255,255,255,255,255,255,255,255,255,255,255,255,255,255,255,255,255,255,255,255,255,255,255,255,255,255,255,255,255,255,255,255,255,255,255,255,255,255,255,255,255,255,255,255,255,255,255,255,255,255,255,255,255,255,255,255,255,255,255,255,255,255,255,255,255,255,255,255,255,255,255,255,255,255,255,255,255,255,255,255,255,255,255,255,255,255,255,255,255,255,255,255,255,255,255,255,255,255,255,255,255,255,255,255,255,255,255,255,255,255,255,255,255,255,255,255,255,255,255,255,255,255,255,255,255,255,255,255,255,255,255,255,255,255,255,255,255,255,255,255,255,255,255,255,255,255,255,255,255,255,255,255,255,255,255,255,255,255,255,255,255,255,255,255,255,255,255,255,255,255,255,255,255,255,255,255,255,255,255,255,255,255,255,255,255,255,255,255,255,255,255,255,255,255,255,255,255,255,255,255,255,255,255,255,255,255,255,255,255,255,255,255,255,255,255,255,255,255,255,255,255,255,255,255,255,255,255,255,255,255,255,255,255,255,255,255,255,255,255,255,255,255,255,255,255,255,255,254,254,254,253,253,253,255,255,255,255,255,255,255,255,255,254,254,254,253,253,253,253,253,253,254,254,254,254,254,254,252,252,252,252,252,252,252,252,252,251,251,249,252,252,250,254,254,252,255,255,253,252,252,250,250,250,248,250,250,248,251,251,249,252,252,250,253,253,251,250,250,248,243,243,241,242,242,240,239,239,237,232,232,230,246,246,244,235,235,233,202,202,200,138,138,136,79,79,77,16,16,14,19,19,17,30,30,30,53,53,53,86,86,86,105,105,105,108,108,108,67,67,69,45,45,45,44,44,44,115,115,115,184,184,184,246,246,246,247,247,247,248,248,248,255,255,255,254,254,254,255,255,255,255,255,255,255,255,255,255,255,255,254,254,254,254,254,254,254,254,254,255,255,255,255,255,255,255,255,255,255,255,255,255,255,255,255,255,255,255,255,255,255,255,255,255,255,255,255,255,255,255,255,255,255,255,255,255,255,255,255,255,255,255,255,255,255,255,255,255,255,255,255,255,255,255,255,255,255,255,255,255,255,255,255,255,255,255,255,255,255,255,255,255,255,255,255,255,255,255,255,255,255,255,255,255,255,255,255,255,255,255,255,255,255,255,255
255,255,255,255,255,255,255,255,255,255,255,255,255,255,255,255,255,255,255,255,255,255,255,255,255,255,255,255,255,255,255,255,255,255,255,255,255,255,255,255,255,255,255,255,255,255,255,255,255,255,255,255,255,255,255,255,255,255,255,255,255,255,255,255,255,255,255,255,255,255,255,255,255,255,255,255,255,255,255,255,255,255,255,255,255,255,255,255,255,255,255,255,255,255,255,255,255,255,255,255,255,255,255,255,255,255,255,255,255,255,255,255,255,255,255,255,255,255,255,255,255,255,255,255,255,255,255,255,255,255,255,255,255,255,255,255,255,255,255,255,255,255,255,255,255,255,255,255,255,255,255,255,255,255,255,255,255,255,255,255,255,255,255,255,255,255,255,255,255,255,255,255,255,255,255,255,255,255,255,255,255,255,255,255,255,255,255,255,255,255,255,255,255,255,255,255,255,255,255,255,255,255,255,255,255,255,255,255,255,255,255,255,255,255,255,255,255,255,255,255,255,255,255,255,255,255,255,255,255,255,255,255,255,255,255,255,255,255,255,255,255,255,255,255,255,255,255,255,255,255,255,255,255,255,255,255,255,255,255,255,255,255,255,255,255,255,255,255,255,255,255,255,255,255,255,255,255,255,255,255,255,255,255,255,255,255,255,255,255,255,255,255,255,255,255,255,255,255,255,255,255,255,255,255,255,255,255,255,255,255,255,255,255,255,255,255,255,255,255,255,255,255,255,255,255,255,255,255,255,255,255,255,255,255,255,255,255,255,255,255,255,255,255,255,255,255,255,255,255,255,255,255,255,255,255,255,255,255,255,255,255,255,255,255,255,255,255,255,255,255,255,255,255,255,255,255,255,255,255,255,255,255,255,255,255,255,255,255,255,255,255,255,255,255,255,255,255,255,255,255,255,255,254,254,254,253,253,253,252,252,252,253,253,253,254,254,254,255,255,255,254,254,254,253,253,253,253,253,253,253,253,253,253,253,253,251,251,251,251,251,251,252,252,252,251,251,249,252,252,250,254,254,252,254,254,252,254,254,252,251,251,249,250,250,248,250,250,248,249,249,247,245,245,243,235,235,233,224,224,222,239,239,237,246,246,244,247,247,245,237,237,235,184,184,182,115,115,113,56,56,54,28,28,26,29,29,27,70,70,68,83,83,83,75,75,75,60,60,60,46,46,46,47,47,47,54,54,56,78,78,78,116,116,116,176,176,176,219,219,219,254,254,254,255,255,255,253,253,253,255,255,255,255,255,255,255,255,255,255,255,255,255,255,255,255,255,255,255,255,255,255,255,255,255,255,255,255,255,255,255,255,255,255,255,255,255,255,255,255,255,255,255,255,255,255,255,255,255,255,255,255,255,255,255,255,255,255,255,255,255,255,255,255,255,255,255,255,255,255,255,255,255,255,255,255,255,255,255,255,255,255,255,255,255,255,255,255,255,255,255,255,255,255,255,255,255,255,255,255,255,255,255,255,255,255,255,255,255,255,255,255,255,255,255,255,255,255,255,255,255,255,255
255,255,255,255,255,255,255,255,255,255,255,255,255,255,255,255,255,255,255,255,255,255,255,255,255,255,255,255,255,255,255,255,255,255,255,255,255,255,255,255,255,255,255,255,255,255,255,255,255,255,255,255,255,255,255,255,255,255,255,255,255,255,255,255,255,255,255,255,255,255,255,255,255,255,255,255,255,255,255,255,255,255,255,255,255,255,255,255,255,255,255,255,255,255,255,255,255,255,255,255,255,255,255,255,255,255,255,255,255,255,255,255,255,255,255,255,255,255,255,255,255,255,255,255,255,255,255,255,255,255,255,255,255,255,255,255,255,255,255,255,255,255,255,255,255,255,255,255,255,255,255,255,255,255,255,255,255,255,255,255,255,255,255,255,255,255,255,255,255,255,255,255,255,255,255,255,255,255,255,255,255,255,255,255,255,255,255,255,255,255,255,255,255,255,255,255,255,255,255,255,255,255,255,255,255,255,255,255,255,255,255,255,255,255,255,255,255,255,255,255,255,255,255,255,255,255,255,255,255,255,255,255,255,255,255,255,255,255,255,255,255,255,255,255,255,255,255,255,255,255,255,255,255,255,255,255,255,255,255,255,255,255,255,255,255,255,255,255,255,255,255,255,255,255,255,255,255,255,255,255,255,255,255,255,255,255,255,255,255,255,255,255,255,255,255,255,255,255,255,255,255,255,255,255,255,255,255,255,255,255,255,255,255,255,255,255,255,255,255,255,255,255,255,255,255,255,255,255,255,255,255,255,255,255,255,255,255,255,255,255,255,255,255,255,255,255,255,255,255,255,255,255,255,255,255,255,255,255,255,255,255,255,255,255,255,255,255,255,255,255,255,255,255,255,255,255,255,255,255,255,255,255,255,255,254,254,254,255,255,255,255,255,255,255,255,255,255,255,255,255,255,255,254,254,254,253,253,253,251,251,251,251,251,251,252,252,252,253,253,253,254,254,254,254,254,254,254,254,254,253,253,253,249,249,249,248,248,248,250,250,250,253,253,253,253,253,251,254,254,252,254,254,252,252,252,250,253,253,251,250,250,248,250,250,248,251,251,249,248,248,246,244,244,242,238,238,236,233,233,231,252,252,250,248,248,246,233,233,231,195,195,193,132,132,130,61,61,59,29,29,27,21,21,19,29,29,27,60,60,58,73,73,73,72,72,72,38,38,38,20,20,20,20,20,20,77,77,79,132,132,132,190,190,190,218,218,218,242,242,242,253,253,253,252,252,252,250,250,250,255,255,255,255,255,255,255,255,255,255,255,255,254,254,254,255,255,255,255,255,255,255,255,255,255,255,255,255,255,255,255,255,255,255,255,255,255,255,255,255,255,255,255,255,255,255,255,255,255,255,255,255,255,255,255,255,255,255,255,255,255,255,255,255,255,255,255,255,255,255,255,255,255,255,255,255,255,255,255,255,255,255,255,255,255,255,255,255,255,255,255,255,255,255,255,255,255,255,255,255,255,255,255,255,255,255,255,255,255,255,255,255,255,255,255,255,255,255,255,255,255,255,255
255,255,255,255,255,255,255,255,255,255,255,255,255,255,255,255,255,255,255,255,255,255,255,255,255,255,255,255,255,255,255,255,255,255,255,255,255,255,255,255,255,255,255,255,255,255,255,255,255,255,255,255,255,255,255,255,255,255,255,255,255,255,255,255,255,255,255,255,255,255,255,255,255,255,255,255,255,255,255,255,255,255,255,255,255,255,255,255,255,255,255,255,255,255,255,255,255,255,255,255,255,255,255,255,255,255,255,255,255,255,255,255,255,255,255,255,255,255,255,255,255,255,255,255,255,255,255,255,255,255,255,255,255,255,255,255,255,255,255,255,255,255,255,255,255,255,255,255,255,255,255,255,255,255,255,255,255,255,255,255,255,255,255,255,255,255,255,255,255,255,255,255,255,255,255,255,255,255,255,255,255,255,255,255,255,255,255,255,255,255,255,255,255,255,255,255,255,255,255,255,255,255,255,255,255,255,255,255,255,255,255,255,255,255,255,255,255,255,255,255,255,255,255,255,255,255,255,255,255,255,255,255,255,255,255,255,255,255,255,255,255,255,255,255,255,255,255,255,255,255,255,255,255,255,255,255,255,255,255,255,255,255,255,255,255,255,255,255,255,255,255,255,255,255,255,255,255,255,255,255,255,255,255,255,255,255,255,255,255,255,255,255,255,255,255,255,255,255,255,255,255,255,255,255,255,255,255,255,255,255,255,255,255,255,255,255,255,255,255,255,255,255,255,255,255,255,255,255,255,255,255,255,255,255,255,255,255,255,255,255,255,255,255,255,255,255,255,255,255,255,255,255,255,255,255,255,255,255,255,255,255,255,255,255,255,255,255,255,255,255,255,255,255,255,255,255,255,255,255,255,255,255,255,255,254,254,254,255,255,255,255,255,255,255,255,255,255,255,255,255,255,255,254,254,254,253,253,253,251,251,251,250,250,250,250,250,250,252,252,252,255,255,255,255,255,255,254,254,254,252,252,252,248,248,248,248,248,248,250,250,250,254,254,254,255,255,253,255,255,253,254,254,252,251,251,249,249,249,247,247,247,245,248,248,246,249,249,247,247,247,245,247,247,245,251,251,249,255,255,253,249,249,247,231,231,229,199,199,197,140,140,138,81,81,79,32,32,30,41,41,39,49,49,47,52,52,50,52,52,50,57,57,57,52,52,52,20,20,20,16,16,16,36,36,36,116,116,118,185,185,185,245,245,245,251,251,251,250,250,250,249,249,249,251,251,251,255,255,255,254,254,254,255,255,255,255,255,255,255,255,255,255,255,255,255,255,255,255,255,255,255,255,255,255,255,255,255,255,255,255,255,255,255,255,255,255,255,255,255,255,255,255,255,255,255,255,255,255,255,255,255,255,255,255,255,255,255,255,255,255,255,255,255,255,255,255,255,255,255,255,255,255,255,255,255,255,255,255,255,255,255,255,255,255,255,255,255,255,255,255,255,255,255,255,255,255,255,255,255,255,255,255,255,255,255,255,255,255,255,255,255,255,255,255,255,255,255,255,255,255,255,255
255,255,255,255,255,255,255,255,255,255,255,255,255,255,255,255,255,255,255,255,255,255,255,255,255,255,255,255,255,255,255,255,255,255,255,255,255,255,255,255,255,255,255,255,255,255,255,255,255,255,255,255,255,255,255,255,255,255,255,255,255,255,255,255,255,255,255,255,255,255,255,255,255,255,255,255,255,255,255,255,255,255,255,255,255,255,255,255,255,255,255,255,255,255,255,255,255,255,255,255,255,255,255,255,255,255,255,255,255,255,255,255,255,255,255,255,255,255,255,255,255,255,255,255,255,255,255,255,255,255,255,255,255,255,255,255,255,255,255,255,255,255,255,255,255,255,255,255,255,255,255,255,255,255,255,255,255,255,255,255,255,255,255,255,255,255,255,255,255,255,255,255,255,255,255,255,255,255,255,255,255,255,255,255,255,255,255,255,255,255,255,255,255,255,255,255,255,255,255,255,255,255,255,255,255,255,255,255,255,255,255,255,255,255,255,255,255,255,255,255,255,255,255,255,255,255,255,255,255,255,255,255,255,255,255,255,255,255,255,255,255,255,255,255,255,255,255,255,255,255,255,255,255,255,255,255,255,255,255,255,255,255,255,255,255,255,255,255,255,255,255,255,255,255,255,255,255,255,255,255,255,255,255,255,255,255,255,255,255,255,255,255,255,255,255,255,255,255,255,255,255,255,255,255,255,255,255,255,255,255,255,255,255,255,255,255,255,255,255,255,255,255,255,255,255,255,255,255,255,255,255,255,255,255,255,255,255,255,255,255,255,255,255,255,255,255,255,255,255,255,255,255,255,255,255,255,255,255,255,255,255,255,255,255,255,255,255,255,255,255,255,255,255,255,255,255,255,255,255,255,255,255,255,255,255,255,255,255,255,255,255,255,255,255,255,255,255,255,255,255,255,255,254,254,254,253,253,253,251,251,251,250,250,250,250,250,250,252,252,252,255,255,255,255,255,255,254,254,254,253,253,253,250,250,250,248,248,248,250,250,250,253,253,253,254,254,252,254,254,252,252,252,250,248,248,246,245,245,243,244,244,242,245,245,243,246,246,244,246,246,244,247,247,245,250,250,248,250,250,248,232,232,230,185,185,183,129,129,127,77,77,75,54,54,52,57,57,55,116,116,114,142,142,140,154,154,152,110,110,108,64,64,64,20,20,20,25,25,25,57,57,57,111,111,111,178,178,180,228,228,228,252,252,252,250,250,250,247,247,247,242,242,242,241,241,241,249,249,249,255,255,255,255,255,255,255,255,255,255,255,255,255,255,255,255,255,255,255,255,255,255,255,255,255,255,255,255,255,255,255,255,255,255,255,255,255,255,255,255,255,255,255,255,255,255,255,255,255,255,255,255,255,255,255,255,255,255,255,255,255,255,255,255,255,255,255,255,255,255,255,255,255,255,255,255,255,255,255,255,255,255,255,255,255,255,255,255,255,255,255,255,255,255,255,255,255,255,255,255,255,255,255,255,255,255,255,255,255,255,255,255,255,255,255,255,255,255,255,255,255,255,255
255,255,255,255,255,255,255,255,255,255,255,255,255,255,255,255,255,255,255,255,255,255,255,255,255,255,255,255,255,255,255,255,255,255,255,255,255,255,255,255,255,255,255,255,255,255,255,255,255,255,255,255,255,255,255,255,255,255,255,255,255,255,255,255,255,255,255,255,255,255,255,255,255,255,255,255,255,255,255,255,255,255,255,255,255,255,255,255,255,255,255,255,255,255,255,255,255,255,255,255,255,255,255,255,255,255,255,255,255,255,255,255,255,255,255,255,255,255,255,255,255,255,255,255,255,255,255,255,255,255,255,255,255,255,255,255,255,255,255,255,255,255,255,255,255,255,255,255,255,255,255,255,255,255,255,255,255,255,255,255,255,255,255,255,255,255,255,255,255,255,255,255,255,255,255,255,255,255,255,255,255,255,255,255,255,255,255,255,255,255,255,255,255,255,255,255,255,255,255,255,255,255,255,255,255,255,255,255,255,255,255,255,255,255,255,255,255,255,255,255,255,255,255,255,255,255,255,255,255,255,255,255,255,255,255,255,255,255,255,255,255,255,255,255,255,255,255,255,255,255,255,255,255,255,255,255,255,255,255,255,255,255,255,255,255,255,255,255,255,255,255,255,255,255,255,255,255,255,255,255,255,255,255,255,255,255,255,255,255,255,255,255,255,255,255,255,255,255,255,255,255,255,255,255,255,255,255,255,255,255,255,255,255,255,255,255,255,255,255,255,255,255,255,255,255,255,255,255,255,255,255,255,255,255,255,255,255,255,255,255,255,255,255,255,255,255,255,255,255,255,255,255,255,255,255,255,255,255,255,255,255,255,255,255,255,255,255,255,255,255,255,255,255,255,255,255,255,255,255,255,255,255,255,255,255,255,255,255,255,255,255,255,255,255,255,255,255,255,255,255,255,255,255,255,255,254,254,254,252,252,252,251,251,251,251,251,251,252,252,252,254,254,254,255,255,255,254,254,254,253,253,253,250,250,250,248,248,248,248,248,248,251,251,251,252,252,250,251,251,249,248,248,246,244,244,242,239,239,237,239,239,237,242,242,240,248,248,246,252,252,250,254,254,252,249,249,247,240,240,238,206,206,204,147,147,145,88,88,86,49,49,47,40,40,38,55,55,53,128,128,126,157,157,155,154,154,152,115,115,113,60,60,60,6,6,6,60,60,60,113,113,113,181,181,181,224,224,226,248,248,248,250,250,250,247,247,247,244,244,244,239,239,239,250,250,250,251,251,251,254,254,254,255,255,255,255,255,255,254,254,254,254,254,254,255,255,255,255,255,255,255,255,255,255,255,255,255,255,255,255,255,255,255,255,255,255,255,255,255,255,255,255,255,255,255,255,255,255,255,255,255,255,255,255,255,255,255,255,255,255,255,255,255,255,255,255,255,255,255,255,255,255,255,255,255,255,255,255,255,255,255,255,255,255,255,255,255,255,255,255,255,255,255,255,255,255,255,255,255,255,255,255,255,255,255,255,255,255,255,255,255,255,255,255,255,255,255,255,255,255,255,255
255,255,255,255,255,255,255,255,255,255,255,255,255,255,255,255,255,255,255,255,255,255,255,255,255,255,255,255,255,255,255,255,255,255,255,255,255,255,255,255,255,255,255,255,255,255,255,255,255,255,255,255,255,255,255,255,255,255,255,255,255,255,255,255,255,255,255,255,255,255,255,255,255,255,255,255,255,255,255,255,255,255,255,255,255,255,255,255,255,255,255,255,255,255,255,255,255,255,255,255,255,255,255,255,255,255,255,255,255,255,255,255,255,255,255,255,255,255,255,255,255,255,255,255,255,255,255,255,255,255,255,255,255,255,255,255,255,255,255,255,255,255,255,255,255,255,255,255,255,255,255,255,255,255,255,255,255,255,255,255,255,255,255,255,255,255,255,255,255,255,255,255,255,255,255,255,255,255,255,255,255,255,255,255,255,255,255,255,255,255,255,255,255,255,255,255,255,255,255,255,255,255,255,255,255,255,255,255,255,255,255,255,255,255,255,255,255,255,255,255,255,255,255,255,255,255,255,255,255,255,255,255,255,255,255,255,255,255,255,255,255,255,255,255,255,255,255,255,255,255,255,255,255,255,255,255,255,255,255,255,255,255,255,255,255,255,255,255,255,255,255,255,255,255,255,255,255,255,255,255,255,255,255,255,255,255,255,255,255,255,255,255,255,255,255,255,255,255,255,255,255,255,255,255,255,255,255,255,255,255,255,255,255,255,255,255,255,255,255,255,255,255,255,255,255,255,255,255,255,255,255,255,255,255,255,255,255,255,255,255,255,255,255,255,255,255,255,255,255,255,255,255,255,255,255,255,255,255,255,255,255,255,255,255,255,255,255,255,255,255,255,255,255,255,255,255,255,255,255,255,255,255,255,255,255,255,255,255,255,255,255,255,255,254,254,254,255,255,255,255,255,255,255,255,255,255,255,255,252,252,252,253,253,253,253,253,253,254,254,254,255,255,255,255,255,255,255,255,255,254,254,254,252,252,252,255,255,255,243,243,243,243,243,243,248,248,246,248,248,246,248,248,246,237,237,235,239,239,237,239,239,237,245,245,243,250,250,248,255,255,253,253,253,251,239,239,237,216,216,214,171,171,169,114,114,112,58,58,56,44,44,42,45,45,43,64,64,62,112,112,110,124,124,122,115,115,113,75,75,73,48,48,48,28,28,28,105,105,105,177,177,177,242,242,242,250,250,252,252,252,252,247,247,247,243,243,243,244,244,244,248,248,248,252,252,252,254,254,254,254,254,254,255,255,255,255,255,255,255,255,255,255,255,255,255,255,255,255,255,255,255,255,255,255,255,255,255,255,255,255,255,255,255,255,255,255,255,255,255,255,255,255,255,255,255,255,255,255,255,255,255,255,255,255,255,255,255,255,255,255,255,255,255,255,255,255,255,255,255,255,255,255,255,255,255,255,255,255,255,255,255,255,255,255,255,255,255,255,255,255,255,255,255,255,255,255,255,255,255,255,255,255,255,255,255,255,255,255,255,255,255,255,255,255,255,255,255,255,255,255,255,255
255,255,255,255,255,255,255,255,255,255,255,255,255,255,255,255,255,255,255,255,255,255,255,255,255,255,255,255,255,255,255,255,255,255,255,255,255,255,255,255,255,255,255,255,255,255,255,255,255,255,255,255,255,255,255,255,255,255,255,255,255,255,255,255,255,255,255,255,255,255,255,255,255,255,255,255,255,255,255,255,255,255,255,255,255,255,255,255,255,255,255,255,255,255,255,255,255,255,255,255,255,255,255,255,255,255,255,255,255,255,255,255,255,255,255,255,255,255,255,255,255,255,255,255,255,255,255,255,255,255,255,255,255,255,255,255,255,255,255,255,255,255,255,255,255,255,255,255,255,255,255,255,255,255,255,255,255,255,255,255,255,255,255,255,255,255,255,255,255,255,255,255,255,255,255,255,255,255,255,255,255,255,255,255,255,255,255,255,255,255,255,255,255,255,255,255,255,255,255,255,255,255,255,255,255,255,255,255,255,255,255,255,255,255,255,255,255,255,255,255,255,255,255,255,255,255,255,255,255,255,255,255,255,255,255,255,255,255,255,255,255,255,255,255,255,255,255,255,255,255,255,255,255,255,255,255,255,255,255,255,255,255,255,255,255,255,255,255,255,255,255,255,255,255,255,255,255,255,255,255,255,255,255,255,255,255,255,255,255,255,255,255,255,255,255,255,255,255,255,255,255,255,255,255,255,255,255,255,255,255,255,255,255,255,255,255,255,255,255,255,255,255,255,255,255,255,255,255,255,255,255,255,255,255,255,255,255,255,255,255,255,255,255,255,255,255,255,255,255,255,255,255,255,255,255,255,255,255,255,255,255,255,255,255,255,255,255,255,255,255,255,255,255,255,255,255,255,255,255,255,255,255,255,255,255,255,255,255,255,255,255,255,255,255,255,255,255,255,255,255,255,255,255,255,255,255,255,255,255,255,255,254,254,254,253,253,253,253,253,253,253,253,253,253,253,253,253,253,253,253,253,253,254,254,254,251,251,251,247,247,247,246,246,246,250,250,248,251,251,249,248,248,246,250,250,248,246,246,244,248,248,246,255,255,253,250,250,248,247,247,245,235,235,233,167,167,165,95,95,93,54,54,52,32,32,30,34,34,32,92,92,90,136,136,134,164,164,162,169,169,167,140,140,138,93,93,91,51,51,49,65,65,65,119,119,119,172,172,172,215,215,215,250,250,250,247,247,249,247,247,247,247,247,247,248,248,248,251,251,251,253,253,253,253,253,253,253,253,253,255,255,255,255,255,255,255,255,255,255,255,255,255,255,255,255,255,255,255,255,255,255,255,255,255,255,255,255,255,255,255,255,255,255,255,255,255,255,255,255,255,255,255,255,255,255,255,255,255,255,255,255,255,255,255,255,255,255,255,255,255,255,255,255,255,255,255,255,255,255,255,255,255,255,255,255,255,255,255,255,255,255,255,255,255,255,255,255,255,255,255,255,255,255,255,255,255,255,255,255,255,255,255,255,255,255,255,255,255,255,255,255,255,255,255,255,255,255,255,255,255,255,255
255,255,255,255,255,255,255,255,255,255,255,255,255,255,255,255,255,255,255,255,255,255,255,255,255,255,255,255,255,255,255,255,255,255,255,255,255,255,255,255,255,255,255,255,255,255,255,255,255,255,255,255,255,255,255,255,255,255,255,255,255,255,255,255,255,255,255,255,255,255,255,255,255,255,255,255,255,255,255,255,255,255,255,255,255,255,255,255,255,255,255,255,255,255,255,255,255,255,255,255,255,255,255,255,255,255,255,255,255,255,255,255,255,255,255,255,255,255,255,255,255,255,255,255,255,255,255,255,255,255,255,255,255,255,255,255,255,255,255,255,255,255,255,255,255,255,255,255,255,255,255,255,255,255,255,255,255,255,255,255,255,255,255,255,255,255,255,255,255,255,255,255,255,255,255,255,255,255,255,255,255,255,255,255,255,255,255,255,255,255,255,255,255,255,255,255,255,255,255,255,255,255,255,255,255,255,255,255,255,255,255,255,255,255,255,255,255,255,255,255,255,255,255,255,255,255,255,255,255,255,255,255,255,255,255,255,255,255,255,255,255,255,255,255,255,255,255,255,255,255,255,255,255,255,255,255,255,255,255,255,255,255,255,255,255,255,255,255,255,255,255,255,255,255,255,255,255,255,255,255,255,255,255,255,255,255,255,255,255,255,255,255,255,255,255,255,255,255,255,255,255,255,255,255,255,255,255,255,255,255,255,255,255,255,255,255,255,255,255,255,255,255,255,255,255,255,255,255,255,255,255,255,255,255,255,255,255,255,255,255,255,255,255,255,255,255,255,255,255,255,255,255,255,255,255,255,255,255,255,255,255,255,255,255,255,255,255,255,255,255,255,255,255,255,255,255,255,255,255,255,255,255,255,255,255,255,255,255,255,255,255,255,255,255,255,255,255,255,255,255,255,255,255,255,255,255,255,255,255,255,255,255,255,255,255,255,255,254,254,254,250,250,250,247,247,247,248,248,248,252,252,252,254,254,254,255,255,255,253,253,253,247,247,247,250,250,248,255,255,253,252,252,250,251,251,249,254,254,252,255,255,253,250,250,248,236,236,234,218,218,216,192,192,190,116,116,114,39,39,37,22,22,20,27,27,25,53,53,51,135,135,133,183,183,181,208,208,206,178,178,176,123,123,121,56,56,54,33,33,31,79,79,79,192,192,192,222,222,222,241,241,241,249,249,249,249,249,251,242,242,242,246,246,246,251,251,251,254,254,254,251,251,251,248,248,248,249,249,249,253,253,253,255,255,255,255,255,255,255,255,255,255,255,255,255,255,255,255,255,255,255,255,255,255,255,255,255,255,255,255,255,255,255,255,255,255,255,255,255,255,255,255,255,255,255,255,255,255,255,255,255,255,255,255,255,255,255,255,255,255,255,255,255,255,255,255,255,255,255,255,255,255,255,255,255,255,255,255,255,255,255,255,255,255,255,255,255,255,255,255,255,255,255,255,255,255,255,255,255,255,255,255,255,255,255,255,255,255,255,255,255,255,255,255,255,255,255,255,255,255,255,255
255,255,255,255,255,255,255,255,255,255,255,255,255,255,255,255,255,255,255,255,255,255,255,255,255,255,255,255,255,255,255,255,255,255,255,255,255,255,255,255,255,255,255,255,255,255,255,255,255,255,255,255,255,255,255,255,255,255,255,255,255,255,255,255,255,255,255,255,255,255,255,255,255,255,255,255,255,255,255,255,255,255,255,255,255,255,255,255,255,255,255,255,255,255,255,255,255,255,255,255,255,255,255,255,255,255,255,255,255,255,255,255,255,255,255,255,255,255,255,255,255,255,255,255,255,255,255,255,255,255,255,255,255,255,255,255,255,255,255,255,255,255,255,255,255,255,255,255,255,255,255,255,255,255,255,255,255,255,255,255,255,255,255,255,255,255,255,255,255,255,255,255,255,255,255,255,255,255,255,255,255,255,255,255,255,255,255,255,255,255,255,255,255,255,255,255,255,255,255,255,255,255,255,255,255,255,255,255,255,255,255,255,255,255,255,255,255,255,255,255,255,255,255,255,255,255,255,255,255,255,255,255,255,255,255,255,255,255,255,255,255,255,255,255,255,255,255,255,255,255,255,255,255,255,255,255,255,255,255,255,255,255,255,255,255,255,255,255,255,255,255,255,255,255,255,255,255,255,255,255,255,255,255,255,255,255,255,255,255,255,255,255,255,255,255,255,255,255,255,255,255,255,255,255,255,255,255,255,255,255,255,255,255,255,255,255,255,255,255,255,255,255,255,255,255,255,255,255,255,255,255,255,255,255,255,255,255,255,255,255,255,255,255,255,255,255,255,255,255,255,255,255,255,255,255,255,255,255,255,255,255,255,255,255,255,255,255,255,255,255,255,255,255,255,255,255,255,255,255,255,255,255,255,255,255,255,255,255,255,255,255,255,255,255,255,255,255,255,255,254,254,254,254,254,254,254,254,254,253,253,253,253,253,253,253,253,253,250,250,250,243,243,243,239,239,239,240,240,240,244,244,244,250,250,250,255,255,255,250,250,250,251,251,251,255,255,253,255,255,253,255,255,253,253,253,251,252,252,250,253,253,251,244,244,242,212,212,210,173,173,171,129,129,127,71,71,69,31,31,29,37,37,35,70,70,68,111,111,109,178,178,176,202,202,200,198,198,196,147,147,145,90,90,88,22,22,20,9,9,7,102,102,102,255,255,255,254,254,254,250,250,250,250,250,250,237,237,239,244,244,244,249,249,249,253,253,253,250,250,250,246,246,246,245,245,245,250,250,250,254,254,254,255,255,255,255,255,255,255,255,255,255,255,255,255,255,255,255,255,255,255,255,255,255,255,255,255,255,255,255,255,255,255,255,255,255,255,255,255,255,255,255,255,255,255,255,255,255,255,255,255,255,255,255,255,255,255,255,255,255,255,255,255,255,255,255,255,255,255,255,255,255,255,255,255,255,255,255,255,255,255,255,255,255,255,255,255,255,255,255,255,255,255,255,255,255,255,255,255,255,255,255,255,255,255,255,255,255,255,255,255,255,255,255,255,255,255,255,255,255,255,255
255,255,255,255,255,255,255,255,255,255,255,255,255,255,255,255,255,255,255,255,255,255,255,255,255,255,255,255,255,255,255,255,255,255,255,255,255,255,255,255,255,255,255,255,255,255,255,255,255,255,255,255,255,255,255,255,255,255,255,255,255,255,255,255,255,255,255,255,255,255,255,255,255,255,255,255,255,255,255,255,255,255,255,255,255,255,255,255,255,255,255,255,255,255,255,255,255,255,255,255,255,255,255,255,255,255,255,255,255,255,255,255,255,255,255,255,255,255,255,255,255,255,255,255,255,255,255,255,255,255,255,255,255,255,255,255,255,255,255,255,255,255,255,255,255,255,255,255,255,255,255,255,255,255,255,255,255,255,255,255,255,255,255,255,255,255,255,255,255,255,255,255,255,255,255,255,255,255,255,255,255,255,255,255,255,255,255,255,255,255,255,255,255,255,255,255,255,255,255,255,255,255,255,255,255,255,255,255,255,255,255,255,255,255,255,255,255,255,255,255,255,255,255,255,255,255,255,255,255,255,255,255,255,255,255,255,255,255,255,255,255,255,255,255,255,255,255,255,255,255,255,255,255,255,255,255,255,255,255,255,255,255,255,255,255,255,255,255,255,255,255,255,255,255,255,255,255,255,255,255,255,255,255,255,255,255,255,255,255,255,255,255,255,255,255,255,255,255,255,255,255,255,255,255,255,255,255,255,255,255,255,255,255,255,255,255,255,255,255,255,255,255,255,255,255,255,255,255,255,255,255,255,255,255,255,255,255,255,255,255,255,255,255,255,255,255,255,255,255,255,255,255,255,255,255,255,255,255,255,255,255,255,255,255,255,255,255,255,255,255,255,255,255,255,255,255,255,255,255,255,255,255,255,255,255,255,255,255,255,255,255,255,255,255,255,255,255,255,255,254,254,254,254,254,254,254,254,254,255,255,255,254,254,254,249,249,249,243,243,243,235,235,235,232,232,232,235,235,235,240,240,240,249,249,249,253,253,253,249,249,249,248,248,248,247,247,245,246,246,244,249,249,247,245,245,243,252,252,250,244,244,242,225,225,223,171,171,169,112,112,110,53,53,51,46,46,44,80,80,78,142,142,140,180,180,178,195,195,193,181,181,179,127,127,125,75,75,73,57,57,55,61,61,59,89,89,87,146,146,144,199,199,199,251,251,251,248,248,248,250,250,250,244,244,244,243,243,245,247,247,247,252,252,252,251,251,251,244,244,244,240,240,240,244,244,244,251,251,251,255,255,255,255,255,255,255,255,255,255,255,255,255,255,255,255,255,255,255,255,255,255,255,255,255,255,255,255,255,255,255,255,255,255,255,255,255,255,255,255,255,255,255,255,255,255,255,255,255,255,255,255,255,255,255,255,255,255,255,255,255,255,255,255,255,255,255,255,255,255,255,255,255,255,255,255,255,255,255,255,255,255,255,255,255,255,255,255,255,255,255,255,255,255,255,255,255,255,255,255,255,255,255,255,255,255,255,255,255,255,255,255,255,255,255,255,255,255,255,255,255,255,255
255,255,255,255,255,255,255,255,255,255,255,255,255,255,255,255,255,255,255,255,255,255,255,255,255,255,255,255,255,255,255,255,255,255,255,255,255,255,255,255,255,255,255,255,255,255,255,255,255,255,255,255,255,255,255,255,255,255,255,255,255,255,255,255,255,255,255,255,255,255,255,255,255,255,255,255,255,255,255,255,255,255,255,255,255,255,255,255,255,255,255,255,255,255,255,255,255,255,255,255,255,255,255,255,255,255,255,255,255,255,255,255,255,255,255,255,255,255,255,255,255,255,255,255,255,255,255,255,255,255,255,255,255,255,255,255,255,255,255,255,255,255,255,255,255,255,255,255,255,255,255,255,255,255,255,255,255,255,255,255,255,255,255,255,255,255,255,255,255,255,255,255,255,255,255,255,255,255,255,255,255,255,255,255,255,255,255,255,255,255,255,255,255,255,255,255,255,255,255,255,255,255,255,255,255,255,255,255,255,255,255,255,255,255,255,255,255,255,255,255,255,255,255,255,255,255,255,255,255,255,255,255,255,255,255,255,255,255,255,255,255,255,255,255,255,255,255,255,255,255,255,255,255,255,255,255,255,255,255,255,255,255,255,255,255,255,255,255,255,255,255,255,255,255,255,255,255,255,255,255,255,255,255,255,255,255,255,255,255,255,255,255,255,255,255,255,255,255,255,255,255,255,255,255,255,255,255,255,255,255,255,255,255,255,255,255,255,255,255,255,255,255,255,255,255,255,255,255,255,255,255,255,255,255,255,255,255,255,255,255,255,255,255,255,255,255,255,255,255,255,255,255,255,255,255,255,255,255,255,255,255,255,255,255,255,255,255,255,255,255,255,255,255,255,255,255,255,255,255,255,255,255,255,255,255,255,255,255,255,255,255,255,255,255,255,255,255,255,255,255,255,255,254,254,254,253,253,253,252,252,252,252,252,252,247,247,247,235,235,235,223,223,223,221,221,221,230,230,230,240,240,240,247,247,247,239,239,239,248,248,248,249,249,249,245,245,243,246,246,244,246,246,244,252,252,250,238,238,236,228,228,226,183,183,181,135,135,133,77,77,75,15,15,13,64,64,62,132,132,130,192,192,190,218,218,216,218,218,216,165,165,163,82,82,80,11,11,9,32,32,30,88,88,86,168,168,166,230,230,228,251,251,251,249,249,249,252,252,252,248,248,248,241,241,241,250,250,252,250,250,250,253,253,253,251,251,251,245,245,245,243,243,243,248,248,248,254,254,254,255,255,255,255,255,255,255,255,255,255,255,255,255,255,255,255,255,255,255,255,255,255,255,255,255,255,255,255,255,255,255,255,255,255,255,255,255,255,255,255,255,255,255,255,255,255,255,255,255,255,255,255,255,255,255,255,255,255,255,255,255,255,255,255,255,255,255,255,255,255,255,255,255,255,255,255,255,255,255,255,255,255,255,255,255,255,255,255,255,255,255,255,255,255,255,255,255,255,255,255,255,255,255,255,255,255,255,255,255,255,255,255,255,255,255,255,255,255,255,255,255,255,255
255,255,255,255,255,255,255,255,255,255,255,255,255,255,255,255,255,255,255,255,255,255,255,255,255,255,255,255,255,255,255,255,255,255,255,255,255,255,255,255,255,255,255,255,255,255,255,255,255,255,255,255,255,255,255,255,255,255,255,255,255,255,255,255,255,255,255,255,255,255,255,255,255,255,255,255,255,255,255,255,255,255,255,255,255,255,255,255,255,255,255,255,255,255,255,255,255,255,255,255,255,255,255,255,255,255,255,255,255,255,255,255,255,255,255,255,255,255,255,255,255,255,255,255,255,255,255,255,255,255,255,255,255,255,255,255,255,255,255,255,255,255,255,255,255,255,255,255,255,255,255,255,255,255,255,255,255,255,255,255,255,255,255,255,255,255,255,255,255,255,255,255,255,255,255,255,255,255,255,255,255,255,255,255,255,255,255,255,255,255,255,255,255,255,255,255,255,255,255,255,255,255,255,255,255,255,255,255,255,255,255,255,255,255,255,255,255,255,255,255,255,255,255,255,255,255,255,255,255,255,255,255,255,255,255,255,255,255,255,255,255,255,255,255,255,255,255,255,255,255,255,255,255,255,255,255,255,255,255,255,255,255,255,255,255,255,255,255,255,255,255,255,255,255,255,255,255,255,255,255,255,255,255,255,255,255,255,255,255,255,255,255,255,255,255,255,255,255,255,255,255,255,255,255,255,255,255,255,255,255,255,255,255,255,255,255,255,255,255,255,255,255,255,255,255,255,255,255,255,255,255,255,255,255,255,255,255,255,255,255,255,255,255,255,255,255,255,255,255,255,255,255,255,255,255,255,255,255,255,255,255,255,255,255,255,255,255,255,255,255,255,255,255,255,255,255,255,255,255,255,255,255,255,255,255,255,255,255,255,255,255,255,255,255,255,255,255,255,255,254,254,254,252,252,252,249,249,249,255,255,255,252,252,252,237,237,237,215,215,215,203,203,203,210,210,210,232,232,232,251,251,251,240,240,240,224,224,224,240,240,240,255,255,255,255,255,253,253,253,251,248,248,246,252,252,250,235,235,233,192,192,190,126,126,124,107,107,105,67,67,65,17,17,15,110,110,108,209,209,207,195,195,193,195,195,193,178,178,176,120,120,118,58,58,56,21,21,19,89,89,87,173,173,171,247,247,245,252,252,250,253,253,253,252,252,252,255,255,255,255,255,255,254,254,254,255,255,255,255,255,255,255,255,255,255,255,255,253,253,253,252,252,252,255,255,255,255,255,255,255,255,255,255,255,255,255,255,255,255,255,255,255,255,255,255,255,255,255,255,255,255,255,255,255,255,255,255,255,255,255,255,255,255,255,255,255,255,255,255,255,255,255,255,255,255,255,255,255,255,255,255,255,255,255,255,255,255,255,255,255,255,255,255,255,255,255,255,255,255,255,255,255,255,255,255,255,255,255,255,255,255,255,255,255,255,255,255,255,255,255,255,255,255,255,255,255,255,255,255,255,255,255,255,255,255,255,255,255,255,255,255,255,255,255,255,255,255,255,255,255,255,255
255,255,255,255,255,255,255,255,255,255,255,255,255,255,255,255,255,255,255,255,255,255,255,255,255,255,255,255,255,255,255,255,255,255,255,255,255,255,255,255,255,255,255,255,255,255,255,255,255,255,255,255,255,255,255,255,255,255,255,255,255,255,255,255,255,255,255,255,255,255,255,255,255,255,255,255,255,255,255,255,255,255,255,255,255,255,255,255,255,255,255,255,255,255,255,255,255,255,255,255,255,255,255,255,255,255,255,255,255,255,255,255,255,255,255,255,255,255,255,255,255,255,255,255,255,255,255,255,255,255,255,255,255,255,255,255,255,255,255,255,255,255,255,255,255,255,255,255,255,255,255,255,255,255,255,255,255,255,255,255,255,255,255,255,255,255,255,255,255,255,255,255,255,255,255,255,255,255,255,255,255,255,255,255,255,255,255,255,255,255,255,255,255,255,255,255,255,255,255,255,255,255,255,255,255,255,255,255,255,255,255,255,255,255,255,255,255,255,255,255,255,255,255,255,255,255,255,255,255,255,255,255,255,255,255,255,255,255,255,255,255,255,255,255,255,255,255,255,255,255,255,255,255,255,255,255,255,255,255,255,255,255,255,255,255,255,255,255,255,255,255,255,255,255,255,255,255,255,255,255,255,255,255,255,255,255,255,255,255,255,255,255,255,255,255,255,255,255,255,255,255,255,255,255,255,255,255,255,255,255,255,255,255,255,255,255,255,255,255,255,255,255,255,255,255,255,255,255,255,255,255,255,255,255,255,255,255,255,255,255,255,255,255,255,255,255,255,255,255,255,255,255,255,255,255,255,255,255,255,255,255,255,255,255,255,255,255,255,255,255,255,255,255,255,255,255,255,255,255,255,255,255,255,255,255,255,255,255,255,255,255,255,255,255,255,255,255,255,255,253,253,253,249,249,249,245,245,245,239,239,239,243,243,243,242,242,242,236,236,236,230,230,230,229,229,229,230,230,230,230,230,230,236,236,236,238,238,238,247,247,247,248,248,248,244,244,242,250,250,248,237,237,235,202,202,200,161,161,159,112,112,110,67,67,65,70,70,68,91,91,89,107,107,105,155,155,153,194,194,192,168,168,166,156,156,154,148,148,146,120,120,118,98,98,96,84,84,82,143,143,141,198,198,196,247,247,245,242,242,240,249,249,249,253,253,253,254,254,254,255,255,255,255,255,255,254,254,255,255,255,255,254,254,254,254,254,254,255,255,255,255,255,255,254,254,254,254,254,254,254,254,254,255,255,255,255,255,255,255,255,255,255,255,255,255,255,255,255,255,255,255,255,255,255,255,255,255,255,255,255,255,255,255,255,255,255,255,255,255,255,255,255,255,255,255,255,255,255,255,255,255,255,255,255,255,255,255,255,255,255,255,255,255,255,255,255,255,255,255,255,255,255,255,255,255,255,255,255,255,255,255,255,255,255,255,255,255,255,255,255,255,255,255,255,255,255,255,255,255,255,255,255,255,255,255,255,255,255,255,255,255,255,255,255,255,255,255,255,255,255,255,255
255,255,255,255,255,255,255,255,255,255,255,255,255,255,255,255,255,255,255,255,255,255,255,255,255,255,255,255,255,255,255,255,255,255,255,255,255,255,255,255,255,255,255,255,255,255,255,255,255,255,255,255,255,255,255,255,255,255,255,255,255,255,255,255,255,255,255,255,255,255,255,255,255,255,255,255,255,255,255,255,255,255,255,255,255,255,255,255,255,255,255,255,255,255,255,255,255,255,255,255,255,255,255,255,255,255,255,255,255,255,255,255,255,255,255,255,255,255,255,255,255,255,255,255,255,255,255,255,255,255,255,255,255,255,255,255,255,255,255,255,255,255,255,255,255,255,255,255,255,255,255,255,255,255,255,255,255,255,255,255,255,255,255,255,255,255,255,255,255,255,255,255,255,255,255,255,255,255,255,255,255,255,255,255,255,255,255,255,255,255,255,255,255,255,255,255,255,255,255,255,255,255,255,255,255,255,255,255,255,255,255,255,255,255,255,255,255,255,255,255,255,255,255,255,255,255,255,255,255,255,255,255,255,255,255,255,255,255,255,255,255,255,255,255,255,255,255,255,255,255,255,255,255,255,255,255,255,255,255,255,255,255,255,255,255,255,255,255,255,255,255,255,255,255,255,255,255,255,255,255,255,255,255,255,255,255,255,255,255,255,255,255,255,255,255,255,255,255,255,255,255,255,255,255,255,255,255,255,255,255,255,255,255,255,255,255,255,255,255,255,255,255,255,255,255,255,255,255,255,255,255,255,255,255,255,255,255,255,255,255,255,255,255,255,255,255,255,255,255,255,255,255,255,255,255,255,255,255,255,255,255,255,255,255,255,255,255,255,255,255,255,255,255,255,255,255,255,255,255,255,255,255,255,255,254,254,254,255,255,255,255,255,255,254,254,254,255,255,255,255,255,255,249,249,249,241,241,241,235,235,235,231,231,231,241,241,241,250,250,250,253,253,253,243,243,243,219,219,219,207,207,207,208,208,208,228,228,228,205,205,205,203,203,203,226,226,226,239,239,237,217,217,215,141,141,139,88,88,86,49,49,47,24,24,22,52,52,50,98,98,96,172,172,170,172,172,170,144,144,142,113,114,109,101,102,97,101,102,97,115,115,113,133,133,131,149,149,147,188,188,186,221,221,219,245,245,243,240,240,238,242,242,242,254,254,254,255,255,255,255,255,255,254,254,254,255,255,255,255,255,255,255,255,255,255,255,255,255,255,255,255,255,255,255,255,255,255,255,255,255,255,255,255,255,255,255,255,255,255,255,255,255,255,255,255,255,255,255,255,255,255,255,255,255,255,255,255,255,255,255,255,255,255,255,255,255,255,255,255,255,255,255,255,255,255,255,255,255,255,255,255,255,255,255,255,255,255,255,255,255,255,255,255,255,255,255,255,255,255,255,255,255,255,255,255,255,255,255,255,255,255,255,255,255,255,255,255,255,255,255,255,255,255,255,255,255,255,255,255,255,255,255,255,255,255,255,255,255,255,255,255,255,255,255,255,255,255,255,255,255,255,255
255,255,255,255,255,255,255,255,255,255,255,255,255,255,255,255,255,255,255,255,255,255,255,255,255,255,255,255,255,255,255,255,255,255,255,255,255,255,255,255,255,255,255,255,255,255,255,255,255,255,255,255,255,255,255,255,255,255,255,255,255,255,255,255,255,255,255,255,255,255,255,255,255,255,255,255,255,255,255,255,255,255,255,255,255,255,255,255,255,255,255,255,255,255,255,255,255,255,255,255,255,255,255,255,255,255,255,255,255,255,255,255,255,255,255,255,255,255,255,255,255,255,255,255,255,255,255,255,255,255,255,255,255,255,255,255,255,255,255,255,255,255,255,255,255,255,255,255,255,255,255,255,255,255,255,255,255,255,255,255,255,255,255,255,255,255,255,255,255,255,255,255,255,255,255,255,255,255,255,255,255,255,255,255,255,255,255,255,255,255,255,255,255,255,255,255,255,255,255,255,255,255,255,255,255,255,255,255,255,255,255,255,255,255,255,255,255,255,255,255,255,255,255,255,255,255,255,255,255,255,255,255,255,255,255,255,255,255,255,255,255,255,255,255,255,255,255,255,255,255,255,255,255,255,255,255,255,255,255,255,255,255,255,255,255,255,255,255,255,255,255,255,255,255,255,255,255,255,255,255,255,255,255,255,255,255,255,255,255,255,255,255,255,255,255,255,255,255,255,255,255,255,255,255,255,255,255,255,255,255,255,255,255,255,255,255,255,255,255,255,255,255,255,255,255,255,255,255,255,255,255,255,255,255,255,255,255,255,255,255,255,255,255,255,255,255,255,255,255,255,255,255,255,255,255,255,255,255,255,255,255,255,255,255,255,255,255,255,255,255,255,255,255,255,255,255,255,255,255,255,255,255,255,255,255,255,255,255,255,255,255,255,255,255,255,255,255,255,255,253,253,253,250,250,250,246,246,246,249,249,249,237,237,237,234,234,234,240,240,240,248,248,248,240,240,240,215,215,215,172,172,172,158,158,158,161,161,161,91,91,91,93,93,93,186,186,186,220,220,218,191,191,189,80,80,78,34,34,32,22,22,20,13,13,11,32,32,30,86,86,84,197,197,195,137,137,135,50,50,48,22,23,18,13,14,9,31,32,27,92,92,90,155,155,153,205,205,203,234,234,232,245,245,243,253,253,251,254,254,252,254,254,254,255,255,255,254,254,254,255,255,255,254,254,254,253,253,253,255,255,255,255,255,255,255,255,255,255,255,255,255,255,255,255,255,255,255,255,255,255,255,255,255,255,255,255,255,255,255,255,255,255,255,255,255,255,255,255,255,255,255,255,255,255,255,255,255,255,255,255,255,255,255,255,255,255,255,255,255,255,255,255,255,255,255,255,255,255,255,255,255,255,255,255,255,255,255,255,255,255,255,255,255,255,255,255,255,255,255,255,255,255,255,255,255,255,255,255,255,255,255,255,255,255,255,255,255,255,255,255,255,255,255,255,255,255,255,255,255,255,255,255,255,255,255,255,255,255,255,255,255,255,255,255,255,255,255,255,255,255,255,255
255,255,255,255,255,255,255,255,255,255,255,255,255,255,255,255,255,255,255,255,255,255,255,255,255,255,255,255,255,255,255,255,255,255,255,255,255,255,255,255,255,255,255,255,255,255,255,255,255,255,255,255,255,255,255,255,255,255,255,255,255,255,255,255,255,255,255,255,255,255,255,255,255,255,255,255,255,255,255,255,255,255,255,255,255,255,255,255,255,255,255,255,255,255,255,255,255,255,255,255,255,255,255,255,255,255,255,255,255,255,255,255,255,255,255,255,255,255,255,255,255,255,255,255,255,255,255,255,255,255,255,255,255,255,255,255,255,255,255,255,255,255,255,255,255,255,255,255,255,255,255,255,255,255,255,255,255,255,255,255,255,255,255,255,255,255,255,255,255,255,255,255,255,255,255,255,255,255,255,255,255,255,255,255,255,255,255,255,255,255,255,255,255,255,255,255,255,255,255,255,255,255,255,255,255,255,255,255,255,255,255,255,255,255,255,255,255,255,255,255,255,255,255,255,255,255,255,255,255,255,255,255,255,255,255,255,255,255,255,255,255,255,255,255,255,255,255,255,255,255,255,255,255,255,255,255,255,255,255,255,255,255,255,255,255,255,255,255,255,255,255,255,255,255,255,255,255,255,255,255,255,255,255,255,255,255,255,255,255,255,255,255,255,255,255,255,255,255,255,255,255,255,255,255,255,255,255,255,255,255,255,255,255,255,255,255,255,255,255,255,255,255,255,255,255,255,255,255,255,255,255,255,255,255,255,255,255,255,255,255,255,255,255,255,255,255,255,255,255,255,255,255,255,255,255,255,255,255,255,255,255,255,255,255,255,255,255,255,255,255,255,255,255,255,255,255,255,255,255,255,255,255,255,255,255,255,255,255,255,255,255,255,255,255,255,255,255,255,255,253,253,253,251,251,251,251,251,251,248,248,248,241,241,241,237,237,237,242,242,242,249,249,249,246,246,246,232,232,232,173,173,173,130,130,130,95,95,95,89,89,89,95,95,93,123,123,121,130,130,128,108,108,106,50,50,48,63,63,61,78,78,76,96,96,94,107,107,105,126,126,124,200,200,198,130,130,128,61,61,59,53,54,49,62,63,58,90,91,86,153,153,151,201,201,199,238,238,236,245,245,243,240,240,238,232,232,230,237,237,235,245,245,245,254,254,254,254,254,254,255,255,255,253,253,253,255,255,255,255,255,255,255,255,255,255,255,255,255,255,255,255,255,255,255,255,255,255,255,255,255,255,255,255,255,255,255,255,255,255,255,255,255,255,255,255,255,255,255,255,255,255,255,255,255,255,255,255,255,255,255,255,255,255,255,255,255,255,255,255,255,255,255,255,255,255,255,255,255,255,255,255,255,255,255,255,255,255,255,255,255,255,255,255,255,255,255,255,255,255,255,255,255,255,255,255,255,255,255,255,255,255,255,255,255,255,255,255,255,255,255,255,255,255,255,255,255,255,255,255,255,255,255,255,255,255,255,255,255,255,255,255,255,255,255,255,255,255,255,255,255,255,255
255,255,255,255,255,255,255,255,255,255,255,255,255,255,255,255,255,255,255,255,255,255,255,255,255,255,255,255,255,255,255,255,255,255,255,255,255,255,255,255,255,255,255,255,255,255,255,255,255,255,255,255,255,255,255,255,255,255,255,255,255,255,255,255,255,255,255,255,255,255,255,255,255,255,255,255,255,255,255,255,255,255,255,255,255,255,255,255,255,255,255,255,255,255,255,255,255,255,255,255,255,255,255,255,255,255,255,255,255,255,255,255,255,255,255,255,255,255,255,255,255,255,255,255,255,255,255,255,255,255,255,255,255,255,255,255,255,255,255,255,255,255,255,255,255,255,255,255,255,255,255,255,255,255,255,255,255,255,255,255,255,255,255,255,255,255,255,255,255,255,255,255,255,255,255,255,255,255,255,255,255,255,255,255,255,255,255,255,255,255,255,255,255,255,255,255,255,255,255,255,255,255,255,255,255,255,255,255,255,255,255,255,255,255,255,255,255,255,255,255,255,255,255,255,255,255,255,255,255,255,255,255,255,255,255,255,255,255,255,255,255,255,255,255,255,255,255,255,255,255,255,255,255,255,255,255,255,255,255,255,255,255,255,255,255,255,255,255,255,255,255,255,255,255,255,255,255,255,255,255,255,255,255,255,255,255,255,255,255,255,255,255,255,255,255,255,255,255,255,255,255,255,255,255,255,255,255,255,255,255,255,255,255,255,255,255,255,255,255,255,255,255,255,255,255,255,255,255,255,255,255,255,255,255,255,255,255,255,255,255,255,255,255,255,255,255,255,255,255,255,255,255,255,255,255,255,255,255,255,255,255,255,255,255,255,255,255,255,255,255,255,255,255,255,255,255,255,255,255,255,255,255,255,255,255,255,255,255,255,255,255,255,255,255,255,255,255,255,255,255,255,255,253,253,253,252,252,252,252,252,252,245,245,245,236,236,236,240,240,240,248,248,248,250,250,250,245,245,245,192,192,192,131,131,129,77,77,75,116,116,114,125,125,123,72,72,70,56,56,54,54,54,52,67,67,65,114,114,112,151,151,149,168,168,166,163,163,161,155,155,153,157,157,155,109,109,107,66,66,64,86,87,82,123,124,119,164,164,162,211,211,209,238,238,236,254,254,252,246,246,244,236,236,234,225,225,223,232,232,230,242,242,242,254,254,254,255,255,255,255,255,255,253,253,253,255,255,255,255,255,255,255,255,255,255,255,255,255,255,255,255,255,255,255,255,255,255,255,255,255,255,255,255,255,255,255,255,255,255,255,255,255,255,255,255,255,255,255,255,255,255,255,255,255,255,255,255,255,255,255,255,255,255,255,255,255,255,255,255,255,255,255,255,255,255,255,255,255,255,255,255,255,255,255,255,255,255,255,255,255,255,255,255,255,255,255,255,255,255,255,255,255,255,255,255,255,255,255,255,255,255,255,255,255,255,255,255,255,255,255,255,255,255,255,255,255,255,255,255,255,255,255,255,255,255,255,255,255,255,255,255,255,255,255,255,255,255,255,255,255,255,255
255,255,255,255,255,255,255,255,255,255,255,255,255,255,255,255,255,255,255,255,255,255,255,255,255,255,255,255,255,255,255,255,255,255,255,255,255,255,255,255,255,255,255,255,255,255,255,255,255,255,255,255,255,255,255,255,255,255,255,255,255,255,255,255,255,255,255,255,255,255,255,255,255,255,255,255,255,255,255,255,255,255,255,255,255,255,255,255,255,255,255,255,255,255,255,255,255,255,255,255,255,255,255,255,255,255,255,255,255,255,255,255,255,255,255,255,255,255,255,255,255,255,255,255,255,255,255,255,255,255,255,255,255,255,255,255,255,255,255,255,255,255,255,255,255,255,255,255,255,255,255,255,255,255,255,255,255,255,255,255,255,255,255,255,255,255,255,255,255,255,255,255,255,255,255,255,255,255,255,255,255,255,255,255,255,255,255,255,255,255,255,255,255,255,255,255,255,255,255,255,255,255,255,255,255,255,255,255,255,255,255,255,255,255,255,255,255,255,255,255,255,255,255,255,255,255,255,255,255,255,255,255,255,255,255,255,255,255,255,255,255,255,255,255,255,255,255,255,255,255,255,255,255,255,255,255,255,255,255,255,255,255,255,255,255,255,255,255,255,255,255,255,255,255,255,255,255,255,255,255,255,255,255,255,255,255,255,255,255,255,255,255,255,255,255,255,255,255,255,255,255,255,255,255,255,255,255,255,255,255,255,255,255,255,255,255,255,255,255,255,255,255,255,255,255,255,255,255,255,255,255,255,255,255,255,255,255,255,255,255,255,255,255,255,255,255,255,255,255,255,255,255,255,255,255,255,255,255,255,255,255,255,255,255,255,255,255,255,255,255,255,255,255,255,255,255,255,255,255,255,255,255,255,255,254,254,254,255,255,255,255,255,255,254,254,254,255,255,255,255,255,255,254,254,254,249,249,249,236,236,236,245,245,245,248,248,248,253,253,253,249,249,249,249,249,249,255,255,255,235,235,235,204,204,202,156,156,154,184,184,182,167,167,165,86,86,84,63,63,61,81,81,79,142,142,140,181,181,179,193,193,191,175,175,173,158,158,156,126,126,124,52,52,50,31,31,29,37,37,35,93,93,91,159,159,157,215,215,213,242,242,240,252,252,250,251,251,249,247,247,245,246,246,244,245,245,243,250,250,248,252,252,252,255,255,255,254,254,254,255,255,255,255,255,255,254,254,254,255,255,255,255,255,255,255,255,255,255,255,255,255,255,255,255,255,255,255,255,255,255,255,255,255,255,255,255,255,255,255,255,255,255,255,255,255,255,255,255,255,255,255,255,255,255,255,255,255,255,255,255,255,255,255,255,255,255,255,255,255,255,255,255,255,255,255,255,255,255,255,255,255,255,255,255,255,255,255,255,255,255,255,255,255,255,255,255,255,255,255,255,255,255,255,255,255,255,255,255,255,255,255,255,255,255,255,255,255,255,255,255,255,255,255,255,255,255,255,255,255,255,255,255,255,255,255,255,255,255,255,255,255,255,255,255,255,255,255,255,255,255,255,255
255,255,255,255,255,255,255,255,255,255,255,255,255,255,255,255,255,255,255,255,255,255,255,255,255,255,255,255,255,255,255,255,255,255,255,255,255,255,255,255,255,255,255,255,255,255,255,255,255,255,255,255,255,255,255,255,255,255,255,255,255,255,255,255,255,255,255,255,255,255,255,255,255,255,255,255,255,255,255,255,255,255,255,255,255,255,255,255,255,255,255,255,255,255,255,255,255,255,255,255,255,255,255,255,255,255,255,255,255,255,255,255,255,255,255,255,255,255,255,255,255,255,255,255,255,255,255,255,255,255,255,255,255,255,255,255,255,255,255,255,255,255,255,255,255,255,255,255,255,255,255,255,255,255,255,255,255,255,255,255,255,255,255,255,255,255,255,255,255,255,255,255,255,255,255,255,255,255,255,255,255,255,255,255,255,255,255,255,255,255,255,255,255,255,255,255,255,255,255,255,255,255,255,255,255,255,255,255,255,255,255,255,255,255,255,255,255,255,255,255,255,255,255,255,255,255,255,255,255,255,255,255,255,255,255,255,255,255,255,255,255,255,255,255,255,255,255,255,255,255,255,255,255,255,255,255,255,255,255,255,255,255,255,255,255,255,255,255,255,255,255,255,255,255,255,255,255,255,255,255,255,255,255,255,255,255,255,255,255,255,255,255,255,255,255,255,255,255,255,255,255,255,255,255,255,255,255,255,255,255,255,255,255,255,255,255,255,255,255,255,255,255,255,255,255,255,255,255,255,255,255,255,255,255,255,255,255,255,255,255,255,255,255,255,255,255,255,255,255,255,255,255,255,255,255,255,255,255,255,255,255,255,255,255,255,255,255,255,255,255,255,255,255,255,255,255,255,255,255,255,255,255,255,255,254,254,254,255,255,255,255,255,255,254,254,254,255,255,255,255,255,255,251,251,251,245,245,245,237,237,237,247,247,247,251,251,251,253,253,253,246,246,246,246,246,246,254,254,254,250,250,250,216,216,214,159,159,157,131,131,129,109,109,107,107,107,105,78,78,76,68,68,66,98,98,96,155,155,153,190,190,188,175,175,173,152,152,150,117,117,115,53,53,51,55,55,53,89,89,87,142,142,140,199,199,197,241,241,239,246,246,244,250,250,248,242,242,240,243,243,241,245,245,243,253,253,251,248,248,248,248,248,248,255,255,255,253,253,253,255,255,255,255,255,255,255,255,255,255,255,255,255,255,255,255,255,255,255,255,255,255,255,255,255,255,255,255,255,255,255,255,255,255,255,255,255,255,255,255,255,255,255,255,255,255,255,255,255,255,255,255,255,255,255,255,255,255,255,255,255,255,255,255,255,255,255,255,255,255,255,255,255,255,255,255,255,255,255,255,255,255,255,255,255,255,255,255,255,255,255,255,255,255,255,255,255,255,255,255,255,255,255,255,255,255,255,255,255,255,255,255,255,255,255,255,255,255,255,255,255,255,255,255,255,255,255,255,255,255,255,255,255,255,255,255,255,255,255,255,255,255,255,255,255,255,255,255,255,255,255,255,255
255,255,255,255,255,255,255,255,255,255,255,255,255,255,255,255,255,255,255,255,255,255,255,255,255,255,255,255,255,255,255,255,255,255,255,255,255,255,255,255,255,255,255,255,255,255,255,255,255,255,255,255,255,255,255,255,255,255,255,255,255,255,255,255,255,255,255,255,255,255,255,255,255,255,255,255,255,255,255,255,255,255,255,255,255,255,255,255,255,255,255,255,255,255,255,255,255,255,255,255,255,255,255,255,255,255,255,255,255,255,255,255,255,255,255,255,255,255,255,255,255,255,255,255,255,255,255,255,255,255,255,255,255,255,255,255,255,255,255,255,255,255,255,255,255,255,255,255,255,255,255,255,255,255,255,255,255,255,255,255,255,255,255,255,255,255,255,255,255,255,255,255,255,255,255,255,255,255,255,255,255,255,255,255,255,255,255,255,255,255,255,255,255,255,255,255,255,255,255,255,255,255,255,255,255,255,255,255,255,255,255,255,255,255,255,255,255,255,255,255,255,255,255,255,255,255,255,255,255,255,255,255,255,255,255,255,255,255,255,255,255,255,255,255,255,255,255,255,255,255,255,255,255,255,255,255,255,255,255,255,255,255,255,255,255,255,255,255,255,255,255,255,255,255,255,255,255,255,255,255,255,255,255,255,255,255,255,255,255,255,255,255,255,255,255,255,255,255,255,255,255,255,255,255,255,255,255,255,255,255,255,255,255,255,255,255,255,255,255,255,255,255,255,255,255,255,255,255,255,255,255,255,255,255,255,255,255,255,255,255,255,255,255,255,255,255,255,255,255,255,255,255,255,255,255,255,255,255,255,255,255,255,255,255,255,255,255,255,255,255,255,255,255,255,255,255,255,255,255,255,255,255,255,255,255,255,255,255,255,255,255,255,255,255,255,255,255,255,255,255,255,255,250,250,250,245,245,245,242,242,242,251,251,251,254,254,254,251,251,251,244,244,244,242,242,242,250,250,250,237,237,237,200,200,198,136,136,134,56,56,54,54,54,52,143,143,141,99,99,97,59,59,57,31,31,29,117,117,115,178,178,176,173,173,171,141,141,139,108,108,106,86,86,84,113,113,111,156,156,154,199,199,197,232,232,230,253,253,251,244,244,242,236,236,234,229,229,227,243,243,241,252,252,250,253,253,251,239,239,239,241,241,241,255,255,255,255,255,255,253,253,253,254,254,254,255,255,255,255,255,255,255,255,255,255,255,255,255,255,255,255,255,255,255,255,255,255,255,255,255,255,255,255,255,255,255,255,255,255,255,255,255,255,255,255,255,255,255,255,255,255,255,255,255,255,255,255,255,255,255,255,255,255,255,255,255,255,255,255,255,255,255,255,255,255,255,255,255,255,255,255,255,255,255,255,255,255,255,255,255,255,255,255,255,255,255,255,255,255,255,255,255,255,255,255,255,255,255,255,255,255,255,255,255,255,255,255,255,255,255,255,255,255,255,255,255,255,255,255,255,255,255,255,255,255,255,255,255,255,255,255,255,255,255,255,255,255,255,255,255,255,255
255,255,255,255,255,255,255,255,255,255,255,255,255,255,255,255,255,255,255,255,255,255,255,255,255,255,255,255,255,255,255,255,255,255,255,255,255,255,255,255,255,255,255,255,255,255,255,255,255,255,255,255,255,255,255,255,255,255,255,255,255,255,255,255,255,255,255,255,255,255,255,255,255,255,255,255,255,255,255,255,255,255,255,255,255,255,255,255,255,255,255,255,255,255,255,255,255,255,255,255,255,255,255,255,255,255,255,255,255,255,255,255,255,255,255,255,255,255,255,255,255,255,255,255,255,255,255,255,255,255,255,255,255,255,255,255,255,255,255,255,255,255,255,255,255,255,255,255,255,255,255,255,255,255,255,255,255,255,255,255,255,255,255,255,255,255,255,255,255,255,255,255,255,255,255,255,255,255,255,255,255,255,255,255,255,255,255,255,255,255,255,255,255,255,255,255,255,255,255,255,255,255,255,255,255,255,255,255,255,255,255,255,255,255,255,255,255,255,255,255,255,255,255,255,255,255,255,255,255,255,255,255,255,255,255,255,255,255,255,255,255,255,255,255,255,255,255,255,255,255,255,255,255,255,255,255,255,255,255,255,255,255,255,255,255,255,255,255,255,255,255,255,255,255,255,255,255,255,255,255,255,255,255,255,255,255,255,255,255,255,255,255,255,255,255,255,255,255,255,255,255,255,255,255,255,255,255,255,255,255,255,255,255,255,255,255,255,255,255,255,255,255,255,255,255,255,255,255,255,255,255,255,255,255,255,255,255,255,255,255,255,255,255,255,255,255,255,255,255,255,255,255,255,255,255,255,255,255,255,255,255,255,255,255,255,255,255,255,255,255,255,255,255,255,255,255,255,255,255,255,253,255,255,253,255,255,255,255,255,255,255,255,255,255,255,255,255,255,255,254,254,254,250,250,250,248,248,248,248,248,248,250,250,250,250,250,250,252,252,252,255,255,255,241,241,241,221,221,221,167,167,167,108,108,106,44,44,42,58,58,56,113,113,111,211,211,209,153,153,151,92,92,90,46,46,44,135,135,133,193,193,191,163,163,161,88,88,86,33,33,31,49,49,47,145,145,143,233,233,231,242,242,240,245,245,243,246,246,244,238,238,236,236,236,234,238,238,236,250,250,248,249,249,247,253,253,253,239,239,239,242,242,242,255,255,255,253,253,253,255,255,255,255,255,255,254,254,254,255,255,255,255,255,255,255,255,255,255,255,255,255,255,255,255,255,255,255,255,255,255,255,255,255,255,255,255,255,255,255,255,255,255,255,255,255,255,255,255,255,255,255,255,255,255,255,255,255,255,255,255,255,255,255,255,255,255,255,255,255,255,255,255,255,255,255,255,255,255,255,255,255,255,255,255,255,255,255,255,255,255,255,255,255,255,255,255,255,255,255,255,255,255,255,255,255,255,255,255,255,255,255,255,255,255,255,255,255,255,255,255,255,255,255,255,255,255,255,255,255,255,255,255,255,255,255,255,255,255,255,255,255,255,255,255,255,255,255,255,255,255,255,255
255,255,255,255,255,255,255,255,255,255,255,255,255,255,255,255,255,255,255,255,255,255,255,255,255,255,255,255,255,255,255,255,255,255,255,255,255,255,255,255,255,255,255,255,255,255,255,255,255,255,255,255,255,255,255,255,255,255,255,255,255,255,255,255,255,255,255,255,255,255,255,255,255,255,255,255,255,255,255,255,255,255,255,255,255,255,255,255,255,255,255,255,255,255,255,255,255,255,255,255,255,255,255,255,255,255,255,255,255,255,255,255,255,255,255,255,255,255,255,255,255,255,255,255,255,255,255,255,255,255,255,255,255,255,255,255,255,255,255,255,255,255,255,255,255,255,255,255,255,255,255,255,255,255,255,255,255,255,255,255,255,255,255,255,255,255,255,255,255,255,255,255,255,255,255,255,255,255,255,255,255,255,255,255,255,255,255,255,255,255,255,255,255,255,255,255,255,255,255,255,255,255,255,255,255,255,255,255,255,255,255,255,255,255,255,255,255,255,255,255,255,255,255,255,255,255,255,255,255,255,255,255,255,255,255,255,255,255,255,255,255,255,255,255,255,255,255,255,255,255,255,255,255,255,255,255,255,255,255,255,255,255,255,255,255,255,255,255,255,255,255,255,255,255,255,255,255,255,255,255,255,255,255,255,255,255,255,255,255,255,255,255,255,255,255,255,255,255,255,255,255,255,255,255,255,255,255,255,255,255,255,255,255,255,255,255,255,255,255,255,255,255,255,255,255,255,255,255,255,255,255,255,255,255,255,255,255,255,255,255,255,255,255,255,255,255,255,255,255,255,255,255,255,255,255,255,255,255,255,255,255,255,255,255,255,255,254,254,254,253,253,251,255,255,253,255,255,253,254,254,252,254,254,252,254,254,254,255,255,255,255,255,255,254,254,254,255,255,255,253,253,253,253,253,253,253,253,253,254,254,254,244,244,244,249,249,249,249,249,249,239,239,239,202,202,202,145,145,145,90,90,90,58,58,56,50,50,48,105,105,103,157,157,155,208,208,206,195,195,193,155,155,153,112,112,110,128,128,126,130,130,128,91,91,89,62,62,60,54,54,52,121,121,119,196,196,194,252,252,250,253,253,251,251,251,249,243,243,241,235,235,233,238,238,236,247,247,245,251,251,249,247,247,247,243,243,243,246,246,246,250,250,250,252,252,252,254,254,254,255,255,255,255,255,255,254,254,254,255,255,255,255,255,255,255,255,255,255,255,255,255,255,255,255,255,255,255,255,255,255,255,255,255,255,255,255,255,255,255,255,255,255,255,255,255,255,255,255,255,255,255,255,255,255,255,255,255,255,255,255,255,255,255,255,255,255,255,255,255,255,255,255,255,255,255,255,255,255,255,255,255,255,255,255,255,255,255,255,255,255,255,255,255,255,255,255,255,255,255,255,255,255,255,255,255,255,255,255,255,255,255,255,255,255,255,255,255,255,255,255,255,255,255,255,255,255,255,255,255,255,255,255,255,255,255,255,255,255,255,255,255,255,255,255,255,255,255,255,255,255,255,255
255,255,255,255,255,255,255,255,255,255,255,255,255,255,255,255,255,255,255,255,255,255,255,255,255,255,255,255,255,255,255,255,255,255,255,255,255,255,255,255,255,255,255,255,255,255,255,255,255,255,255,255,255,255,255,255,255,255,255,255,255,255,255,255,255,255,255,255,255,255,255,255,255,255,255,255,255,255,255,255,255,255,255,255,255,255,255,255,255,255,255,255,255,255,255,255,255,255,255,255,255,255,255,255,255,255,255,255,255,255,255,255,255,255,255,255,255,255,255,255,255,255,255,255,255,255,255,255,255,255,255,255,255,255,255,255,255,255,255,255,255,255,255,255,255,255,255,255,255,255,255,255,255,255,255,255,255,255,255,255,255,255,255,255,255,255,255,255,255,255,255,255,255,255,255,255,255,255,255,255,255,255,255,255,255,255,255,255,255,255,255,255,255,255,255,255,255,255,255,255,255,255,255,255,255,255,255,255,255,255,255,255,255,255,255,255,255,255,255,255,255,255,255,255,255,255,255,255,255,255,255,255,255,255,255,255,255,255,255,255,255,255,255,255,255,255,255,255,255,255,255,255,255,255,255,255,255,255,255,255,255,255,255,255,255,255,255,255,255,255,255,255,255,255,255,255,255,255,255,255,255,255,255,255,255,255,255,255,255,255,255,255,255,255,255,255,255,255,255,255,255,255,255,255,255,255,255,255,255,255,255,255,255,255,255,255,255,255,255,255,255,255,255,255,255,255,255,255,255,255,255,255,255,255,255,255,255,255,255,255,255,255,255,255,255,255,255,255,255,255,255,255,255,255,255,255,255,255,255,255,254,254,254,255,255,255,254,254,252,255,255,253,255,255,253,251,251,249,253,253,251,255,255,253,255,255,255,254,254,254,252,252,252,254,254,254,255,255,255,254,254,254,250,250,250,254,254,254,252,252,252,247,247,247,243,243,243,240,240,240,212,212,212,144,144,144,56,56,56,26,26,26,42,42,40,107,107,105,169,169,167,191,191,189,169,169,167,204,204,202,222,222,220,173,173,171,98,98,96,43,43,41,18,18,16,53,53,51,122,122,120,229,229,227,250,250,248,247,247,245,251,251,249,251,251,249,247,247,245,243,243,241,245,245,243,251,251,249,251,251,251,246,246,246,237,237,237,246,246,246,255,255,255,255,255,255,255,255,255,254,254,254,255,255,255,255,255,255,255,255,255,255,255,255,255,255,255,255,255,255,255,255,255,255,255,255,255,255,255,255,255,255,255,255,255,255,255,255,255,255,255,255,255,255,255,255,255,255,255,255,255,255,255,255,255,255,255,255,255,255,255,255,255,255,255,255,255,255,255,255,255,255,255,255,255,255,255,255,255,255,255,255,255,255,255,255,255,255,255,255,255,255,255,255,255,255,255,255,255,255,255,255,255,255,255,255,255,255,255,255,255,255,255,255,255,255,255,255,255,255,255,255,255,255,255,255,255,255,255,255,255,255,255,255,255,255,255,255,255,255,255,255,255,255,255,255,255,255,255,255,255,255
255,255,255,255,255,255,255,255,255,255,255,255,255,255,255,255,255,255,255,255,255,255,255,255,255,255,255,255,255,255,255,255,255,255,255,255,255,255,255,255,255,255,255,255,255,255,255,255,255,255,255,255,255,255,255,255,255,255,255,255,255,255,255,255,255,255,255,255,255,255,255,255,255,255,255,255,255,255,255,255,255,255,255,255,255,255,255,255,255,255,255,255,255,255,255,255,255,255,255,255,255,255,255,255,255,255,255,255,255,255,255,255,255,255,255,255,255,255,255,255,255,255,255,255,255,255,255,255,255,255,255,255,255,255,255,255,255,255,255,255,255,255,255,255,255,255,255,255,255,255,255,255,255,255,255,255,255,255,255,255,255,255,255,255,255,255,255,255,255,255,255,255,255,255,255,255,255,255,255,255,255,255,255,255,255,255,255,255,255,255,255,255,255,255,255,255,255,255,255,255,255,255,255,255,255,255,255,255,255,255,255,255,255,255,255,255,255,255,255,255,255,255,255,255,255,255,255,255,255,255,255,255,255,255,255,255,255,255,255,255,255,255,255,255,255,255,255,255,255,255,255,255,255,255,255,255,255,255,255,255,255,255,255,255,255,255,255,255,255,255,255,255,255,255,255,255,255,255,255,255,255,255,255,255,255,255,255,255,255,255,255,255,255,255,255,255,255,255,255,255,255,255,255,255,255,255,255,255,255,255,255,255,255,255,255,255,255,255,255,255,255,255,255,255,255,255,255,255,255,255,255,255,255,255,255,255,255,255,255,255,255,255,255,255,255,255,255,255,255,255,255,255,255,255,255,255,255,255,255,255,255,255,255,253,253,251,251,251,249,254,254,252,251,251,249,245,245,243,249,249,247,251,251,249,251,251,249,248,248,246,248,248,246,253,253,251,252,252,250,246,246,244,233,233,231,237,237,235,253,253,251,251,251,249,221,221,219,181,181,179,149,149,147,112,112,110,68,68,66,93,93,91,144,144,142,206,206,204,187,187,185,173,173,171,167,167,165,154,154,152,125,125,123,64,64,62,49,49,47,60,60,58,111,111,109,162,162,160,202,202,200,247,247,245,253,253,251,253,253,251,253,253,253,254,254,254,253,253,253,251,251,251,253,253,253,255,255,255,253,253,253,250,250,250,247,247,247,252,252,252,255,255,255,255,255,255,255,255,255,254,254,254,255,255,255,255,255,255,255,255,255,255,255,255,255,255,255,255,255,255,255,255,255,255,255,255,255,255,255,255,255,255,255,255,255,255,255,255,255,255,255,255,255,255,255,255,255,255,255,255,255,255,255,255,255,255,255,255,255,255,255,255,255,255,255,255,255,255,255,255,255,255,255,255,255,255,255,255,255,255,255,255,255,255,255,255,255,255,255,255,255,255,255,255,255,255,255,255,255,255,255,255,255,255,255,255,255,255,255,255,255,255,255,255,255,255,255,255,255,255,255,255,255,255,255,255,255,255,255,255,255,255,255,255,255,255,255,255,255,255,255,255,255,255,255,255,255,255,255,255,255,255
255,255,255,255,255,255,255,255,255,255,255,255,255,255,255,255,255,255,255,255,255,255,255,255,255,255,255,255,255,255,255,255,255,255,255,255,255,255,255,255,255,255,255,255,255,255,255,255,255,255,255,255,255,255,255,255,255,255,255,255,255,255,255,255,255,255,255,255,255,255,255,255,255,255,255,255,255,255,255,255,255,255,255,255,255,255,255,255,255,255,255,255,255,255,255,255,255,255,255,255,255,255,255,255,255,255,255,255,255,255,255,255,255,255,255,255,255,255,255,255,255,255,255,255,255,255,255,255,255,255,255,255,255,255,255,255,255,255,255,255,255,255,255,255,255,255,255,255,255,255,255,255,255,255,255,255,255,255,255,255,255,255,255,255,255,255,255,255,255,255,255,255,255,255,255,255,255,255,255,255,255,255,255,255,255,255,255,255,255,255,255,255,255,255,255,255,255,255,255,255,255,255,255,255,255,255,255,255,255,255,255,255,255,255,255,255,255,255,255,255,255,255,255,255,255,255,255,255,255,255,255,255,255,255,255,255,255,255,255,255,255,255,255,255,255,255,255,255,255,255,255,255,255,255,255,255,255,255,255,255,255,255,255,255,255,255,255,255,255,255,255,255,255,255,255,255,255,255,255,255,255,255,255,255,255,255,255,255,255,255,255,255,255,255,255,255,255,255,255,255,255,255,255,255,255,255,255,255,255,255,255,255,255,255,255,255,255,255,255,255,255,255,255,255,255,255,255,255,255,255,255,255,255,255,255,255,255,255,255,255,255,255,255,255,255,255,255,255,255,255,255,255,255,255,255,255,255,255,255,255,255,255,253,253,253,251,251,251,249,244,244,242,239,239,237,244,244,242,250,250,248,251,251,249,249,249,247,247,247,245,246,246,244,245,245,243,246,246,244,247,247,245,238,238,236,241,241,239,249,249,247,215,215,213,165,165,163,111,111,109,112,112,110,103,103,101,89,89,87,106,106,104,126,126,124,171,171,169,131,131,129,125,125,123,157,157,155,133,133,131,81,81,79,14,14,12,34,34,32,93,93,91,182,182,182,221,221,221,244,244,244,243,243,243,252,252,252,255,255,255,255,255,255,255,255,255,255,255,255,255,255,255,255,255,255,255,255,255,255,255,255,254,254,254,255,255,255,255,255,255,254,254,254,253,253,253,254,254,254,255,255,255,255,255,255,254,254,254,255,255,255,255,255,255,255,255,255,255,255,255,255,255,255,255,255,255,255,255,255,255,255,255,255,255,255,255,255,255,255,255,255,255,255,255,255,255,255,255,255,255,255,255,255,255,255,255,255,255,255,255,255,255,255,255,255,255,255,255,255,255,255,255,255,255,255,255,255,255,255,255,255,255,255,255,255,255,255,255,255,255,255,255,255,255,255,255,255,255,255,255,255,255,255,255,255,255,255,255,255,255,255,255,255,255,255,255,255,255,255,255,255,255,255,255,255,255,255,255,255,255,255,255,255,255,255,255,255,255,255,255,255,255,255,255,255,255,255,255,255,255,255,255
255,255,255,255,255,255,255,255,255,255,255,255,255,255,255,255,255,255,255,255,255,255,255,255,255,255,255,255,255,255,255,255,255,255,255,255,255,255,255,255,255,255,255,255,255,255,255,255,255,255,255,255,255,255,255,255,255,255,255,255,255,255,255,255,255,255,255,255,255,255,255,255,255,255,255,255,255,255,255,255,255,255,255,255,255,255,255,255,255,255,255,255,255,255,255,255,255,255,255,255,255,255,255,255,255,255,255,255,255,255,255,255,255,255,255,255,255,255,255,255,255,255,255,255,255,255,255,255,255,255,255,255,255,255,255,255,255,255,255,255,255,255,255,255,255,255,255,255,255,255,255,255,255,255,255,255,255,255,255,255,255,255,255,255,255,255,255,255,255,255,255,255,255,255,255,255,255,255,255,255,255,255,255,255,255,255,255,255,255,255,255,255,255,255,255,255,255,255,255,255,255,255,255,255,255,255,255,255,255,255,255,255,255,255,255,255,255,255,255,255,255,255,255,255,255,255,255,255,255,255,255,255,255,255,255,255,255,255,255,255,255,255,255,255,255,255,255,255,255,255,255,255,255,255,255,255,255,255,255,255,255,255,255,255,255,255,255,255,255,255,255,255,255,255,255,255,255,255,255,255,255,255,255,255,255,255,255,255,255,255,255,255,255,255,255,255,255,255,255,255,255,255,255,255,255,255,255,255,255,255,255,255,255,255,255,255,255,255,255,255,255,255,255,255,255,255,255,255,255,255,255,255,255,255,255,255,255,255,255,255,255,255,255,255,255,255,255,255,255,255,255,255,255,255,255,255,255,255,255,255,255,255,253,254,254,252,255,255,253,240,240,238,235,235,233,249,249,247,250,250,248,249,249,247,249,249,247,252,252,250,253,253,251,242,242,240,245,245,243,255,255,253,255,255,253,250,250,248,237,237,235,156,156,154,85,85,83,28,28,26,88,88,86,123,123,121,119,119,117,68,68,66,38,38,36,19,19,17,20,20,18,65,65,63,157,157,155,125,125,123,82,82,80,13,13,13,62,62,62,133,133,133,230,230,230,248,248,248,251,251,251,243,243,243,250,250,250,254,254,254,255,255,255,255,255,255,255,255,255,255,255,255,255,255,255,255,255,255,255,255,255,255,255,255,254,254,254,255,255,255,255,255,255,255,255,255,255,255,255,255,255,255,255,255,255,254,254,254,255,255,255,255,255,255,255,255,255,255,255,255,255,255,255,255,255,255,255,255,255,255,255,255,255,255,255,255,255,255,255,255,255,255,255,255,255,255,255,255,255,255,255,255,255,255,255,255,255,255,255,255,255,255,255,255,255,255,255,255,255,255,255,255,255,255,255,255,255,255,255,255,255,255,255,255,255,255,255,255,255,255,255,255,255,255,255,255,255,255,255,255,255,255,255,255,255,255,255,255,255,255,255,255,255,255,255,255,255,255,255,255,255,255,255,255,255,255,255,255,255,255,255,255,255,255,255,255,255,255,255,255,255,255,255,255,255,255,255,255,255,255,255,255
255,255,255,255,255,255,255,255,255,255,255,255,255,255,255,255,255,255,255,255,255,255,255,255,255,255,255,255,255,255,255,255,255,255,255,255,255,255,255,255,255,255,255,255,255,255,255,255,255,255,255,255,255,255,255,255,255,255,255,255,255,255,255,255,255,255,255,255,255,255,255,255,255,255,255,255,255,255,255,255,255,255,255,255,255,255,255,255,255,255,255,255,255,255,255,255,255,255,255,255,255,255,255,255,255,255,255,255,255,255,255,255,255,255,255,255,255,255,255,255,255,255,255,255,255,255,255,255,255,255,255,255,255,255,255,255,255,255,255,255,255,255,255,255,255,255,255,255,255,255,255,255,255,255,255,255,255,255,255,255,255,255,255,255,255,255,255,255,255,255,255,255,255,255,255,255,255,255,255,255,255,255,255,255,255,255,255,255,255,255,255,255,255,255,255,255,255,255,255,255,255,255,255,255,255,255,255,255,255,255,255,255,255,255,255,255,255,255,255,255,255,255,255,255,255,255,255,255,255,255,255,255,255,255,255,255,255,255,255,255,255,255,255,255,255,255,255,255,255,255,255,255,255,255,255,255,255,255,255,255,255,255,255,255,255,255,255,255,255,255,255,255,255,255,255,255,255,255,255,255,255,255,255,255,255,255,255,255,255,255,255,255,255,255,255,255,255,255,255,255,255,255,255,255,255,255,255,255,255,255,255,255,255,255,255,255,255,255,255,255,255,255,255,255,255,255,255,255,255,255,255,255,255,255,255,255,255,255,255,255,255,255,255,255,255,255,255,255,255,255,255,255,255,255,255,255,255,255,255,255,255,255,253,254,254,252,255,255,253,245,245,243,245,245,243,252,252,250,240,240,238,228,228,226,234,234,232,245,245,243,251,251,249,237,237,235,235,235,233,243,243,241,243,243,241,222,222,220,169,169,167,76,76,74,32,32,30,24,24,22,113,113,111,153,153,151,155,155,153,105,105,103,82,82,80,82,82,80,84,84,82,101,101,99,123,123,121,85,85,85,57,57,57,61,61,61,130,130,130,197,197,197,242,242,242,250,250,250,250,250,250,247,247,247,250,250,250,254,254,254,255,255,255,255,255,255,255,255,255,255,255,255,255,255,255,255,255,255,255,255,255,255,255,255,253,253,253,254,254,254,255,255,255,255,255,255,255,255,255,255,255,255,255,255,255,255,255,255,255,255,255,255,255,255,255,255,255,255,255,255,255,255,255,255,255,255,255,255,255,255,255,255,255,255,255,255,255,255,255,255,255,255,255,255,255,255,255,255,255,255,255,255,255,255,255,255,255,255,255,255,255,255,255,255,255,255,255,255,255,255,255,255,255,255,255,255,255,255,255,255,255,255,255,255,255,255,255,255,255,255,255,255,255,255,255,255,255,255,255,255,255,255,255,255,255,255,255,255,255,255,255,255,255,255,255,255,255,255,255,255,255,255,255,255,255,255,255,255,255,255,255,255,255,255,255,255,255,255,255,255,255,255,255,255,255,255,255,255,255,255,255,255
255,255,255,255,255,255,255,255,255,255,255,255,255,255,255,255,255,255,255,255,255,255,255,255,255,255,255,255,255,255,255,255,255,255,255,255,255,255,255,255,255,255,255,255,255,255,255,255,255,255,255,255,255,255,255,255,255,255,255,255,255,255,255,255,255,255,255,255,255,255,255,255,255,255,255,255,255,255,255,255,255,255,255,255,255,255,255,255,255,255,255,255,255,255,255,255,255,255,255,255,255,255,255,255,255,255,255,255,255,255,255,255,255,255,255,255,255,255,255,255,255,255,255,255,255,255,255,255,255,255,255,255,255,255,255,255,255,255,255,255,255,255,255,255,255,255,255,255,255,255,255,255,255,255,255,255,255,255,255,255,255,255,255,255,255,255,255,255,255,255,255,255,255,255,255,255,255,255,255,255,255,255,255,255,255,255,255,255,255,255,255,255,255,255,255,255,255,255,255,255,255,255,255,255,255,255,255,255,255,255,255,255,255,255,255,255,255,255,255,255,255,255,255,255,255,255,255,255,255,255,255,255,255,255,255,255,255,255,255,255,255,255,255,255,255,255,255,255,255,255,255,255,255,255,255,255,255,255,255,255,255,255,255,255,255,255,255,255,255,255,255,255,255,255,255,255,255,255,255,255,255,255,255,255,255,255,255,255,255,255,255,255,255,255,255,255,255,255,255,255,255,255,255,255,255,255,255,255,255,255,255,255,255,255,255,255,255,255,255,255,255,255,255,255,255,255,255,255,255,255,255,255,255,255,255,255,255,255,255,255,255,255,255,255,255,255,255,255,255,255,255,255,255,255,255,255,255,255,255,253,255,255,253,252,252,250,247,247,245,249,249,247,253,253,251,247,247,245,234,234,232,223,223,221,239,239,237,245,245,243,246,246,244,242,242,240,239,239,237,238,238,236,217,217,215,169,169,167,101,101,99,36,36,34,21,21,19,55,55,53,128,128,126,150,150,148,118,118,116,89,89,87,92,92,90,130,130,128,137,137,135,124,124,122,88,88,88,59,59,59,66,66,66,122,122,122,187,187,187,239,239,239,239,239,239,246,246,246,248,248,248,247,247,247,250,250,250,255,255,255,254,254,254,255,255,255,255,255,255,255,255,255,255,255,255,255,255,255,255,255,255,255,255,255,255,255,255,255,255,255,255,255,255,254,254,254,255,255,255,255,255,255,255,255,255,255,255,255,255,255,255,255,255,255,255,255,255,255,255,255,255,255,255,255,255,255,255,255,255,255,255,255,255,255,255,255,255,255,255,255,255,255,255,255,255,255,255,255,255,255,255,255,255,255,255,255,255,255,255,255,255,255,255,255,255,255,255,255,255,255,255,255,255,255,255,255,255,255,255,255,255,255,255,255,255,255,255,255,255,255,255,255,255,255,255,255,255,255,255,255,255,255,255,255,255,255,255,255,255,255,255,255,255,255,255,255,255,255,255,255,255,255,255,255,255,255,255,255,255,255,255,255,255,255,255,255,255,255,255,255,255,255,255,255,255,255,255,255,255,255,255,255
255,255,255,255,255,255,255,255,255,255,255,255,255,255,255,255,255,255,255,255,255,255,255,255,255,255,255,255,255,255,255,255,255,255,255,255,255,255,255,255,255,255,255,255,255,255,255,255,255,255,255,255,255,255,255,255,255,255,255,255,255,255,255,255,255,255,255,255,255,255,255,255,255,255,255,255,255,255,255,255,255,255,255,255,255,255,255,255,255,255,255,255,255,255,255,255,255,255,255,255,255,255,255,255,255,255,255,255,255,255,255,255,255,255,255,255,255,255,255,255,255,255,255,255,255,255,255,255,255,255,255,255,255,255,255,255,255,255,255,255,255,255,255,255,255,255,255,255,255,255,255,255,255,255,255,255,255,255,255,255,255,255,255,255,255,255,255,255,255,255,255,255,255,255,255,255,255,255,255,255,255,255,255,255,255,255,255,255,255,255,255,255,255,255,255,255,255,255,255,255,255,255,255,255,255,255,255,255,255,255,255,255,255,255,255,255,255,255,255,255,255,255,255,255,255,255,255,255,255,255,255,255,255,255,255,255,255,255,255,255,255,255,255,255,255,255,255,255,255,255,255,255,255,255,255,255,255,255,255,255,255,255,255,255,255,255,255,255,255,255,255,255,255,255,255,255,255,255,255,255,255,255,255,255,255,255,255,255,255,255,255,255,255,255,255,255,255,255,255,255,255,255,255,255,255,255,255,255,255,255,255,255,255,255,255,255,255,255,255,255,255,255,255,255,255,255,255,255,255,255,255,255,255,255,255,255,255,255,255,255,255,255,255,255,255,255,255,255,255,255,255,255,255,255,255,255,255,255,255,253,255,255,253,250,250,248,238,238,236,248,248,246,251,251,249,238,238,236,242,242,240,246,246,244,250,251,246,245,246,241,237,238,233,250,251,246,251,252,247,237,238,233,179,180,175,97,98,93,26,27,22,27,28,23,68,69,64,134,135,130,141,142,137,94,95,90,9,10,5,15,16,11,66,66,64,161,161,159,181,181,181,153,153,153,63,63,63,53,53,53,95,95,95,197,197,197,235,235,235,242,242,242,231,231,231,233,233,233,241,241,241,255,255,255,252,252,252,255,255,255,255,255,255,255,255,255,255,255,255,254,254,254,254,254,254,255,255,255,255,255,255,255,255,255,254,254,254,254,254,254,255,255,255,255,255,255,255,255,255,254,254,254,254,254,254,255,255,255,255,255,255,255,255,255,255,255,255,255,255,255,255,255,255,255,255,255,255,255,255,255,255,255,255,255,255,255,255,255,255,255,255,255,255,255,255,255,255,255,255,255,255,255,255,255,255,255,255,255,255,255,255,255,255,255,255,255,255,255,255,255,255,255,255,255,255,255,255,255,255,255,255,255,255,255,255,255,255,255,255,255,255,255,255,255,255,255,255,255,255,255,255,255,255,255,255,255,255,255,255,255,255,255,255,255,255,255,255,255,255,255,255,255,255,255,255,255,255,255,255,255,255,255,255,255,255,255,255,255,255,255,255,255,255,255,255,255,255,255,255,255,255,255
255,255,255,255,255,255,255,255,255,255,255,255,255,255,255,255,255,255,255,255,255,255,255,255,255,255,255,255,255,255,255,255,255,255,255,255,255,255,255,255,255,255,255,255,255,255,255,255,255,255,255,255,255,255,255,255,255,255,255,255,255,255,255,255,255,255,255,255,255,255,255,255,255,255,255,255,255,255,255,255,255,255,255,255,255,255,255,255,255,255,255,255,255,255,255,255,255,255,255,255,255,255,255,255,255,255,255,255,255,255,255,255,255,255,255,255,255,255,255,255,255,255,255,255,255,255,255,255,255,255,255,255,255,255,255,255,255,255,255,255,255,255,255,255,255,255,255,255,255,255,255,255,255,255,255,255,255,255,255,255,255,255,255,255,255,255,255,255,255,255,255,255,255,255,255,255,255,255,255,255,255,255,255,255,255,255,255,255,255,255,255,255,255,255,255,255,255,255,255,255,255,255,255,255,255,255,255,255,255,255,255,255,255,255,255,255,255,255,255,255,255,255,255,255,255,255,255,255,255,255,255,255,255,255,255,255,255,255,255,255,255,255,255,255,255,255,255,255,255,255,255,255,255,255,255,255,255,255,255,255,255,255,255,255,255,255,255,255,255,255,255,255,255,255,255,255,255,255,255,255,255,255,255,255,255,255,255,255,255,255,255,255,255,255,255,255,255,255,255,255,255,255,255,255,255,255,255,255,255,255,255,255,255,255,255,255,255,255,254,254,254,255,255,255,255,255,255,255,255,255,255,255,255,255,255,255,255,255,255,255,255,255,255,255,255,254,254,254,255,255,255,255,255,255,255,255,255,253,253,253,255,255,255,250,250,250,249,249,247,250,250,248,245,245,243,232,232,230,242,242,240,249,250,245,253,253,251,250,250,248,248,248,246,251,251,249,211,211,209,159,159,157,123,123,121,67,67,65,19,19,17,74,74,72,140,140,138,206,206,204,166,166,164,97,97,95,10,10,8,46,46,44,104,104,102,192,192,190,138,138,136,101,101,99,79,79,79,119,119,119,173,173,173,233,233,233,240,240,240,242,242,242,242,242,242,247,247,247,246,246,246,250,250,250,251,251,251,255,255,255,255,255,255,255,255,255,255,255,255,255,255,255,255,255,255,255,255,255,255,255,255,255,255,255,255,255,255,255,255,255,255,255,255,255,255,255,255,255,255,255,255,255,255,255,255,255,255,255,255,255,255,255,255,255,255,255,255,255,255,255,255,255,255,255,255,255,255,255,255,255,255,255,255,255,255,255,255,255,255,255,255,255,255,255,255,255,255,255,255,255,255,255,255,255,255,255,255,255,255,255,255,255,255,255,255,255,255,255,255,255,255,255,255,255,255,255,255,255,255,255,255,255,255,255,255,255,255,255,255,255,255,255,255,255,255,255,255,255,255,255,255,255,255,255,255,255,255,255,255,255,255,255,255,255,255,255,255,255,255,255,255,255,255,255,255,255,255,255,255,255,255,255,255,255,255,255,255,255,255,255,255,255,255,255,255,255,255,255,255,255,255,255
255,255,255,255,255,255,255,255,255,255,255,255,255,255,255,255,255,255,255,255,255,255,255,255,255,255,255,255,255,255,255,255,255,255,255,255,255,255,255,255,255,255,255,255,255,255,255,255,255,255,255,255,255,255,255,255,255,255,255,255,255,255,255,255,255,255,255,255,255,255,255,255,255,255,255,255,255,255,255,255,255,255,255,255,255,255,255,255,255,255,255,255,255,255,255,255,255,255,255,255,255,255,255,255,255,255,255,255,255,255,255,255,255,255,255,255,255,255,255,255,255,255,255,255,255,255,255,255,255,255,255,255,255,255,255,255,255,255,255,255,255,255,255,255,255,255,255,255,255,255,255,255,255,255,255,255,255,255,255,255,255,255,255,255,255,255,255,255,255,255,255,255,255,255,255,255,255,255,255,255,255,255,255,255,255,255,255,255,255,255,255,255,255,255,255,255,255,255,255,255,255,255,255,255,255,255,255,255,255,255,255,255,255,255,255,255,255,255,255,255,255,255,255,255,255,255,255,255,255,255,255,255,255,255,255,255,255,255,255,255,255,255,255,255,255,255,255,255,255,255,255,255,255,255,255,255,255,255,255,255,255,255,255,255,255,255,255,255,255,255,255,255,255,255,255,255,255,255,255,255,255,255,255,255,255,255,255,255,255,255,255,255,255,255,255,255,255,255,255,255,255,255,255,255,255,255,255,255,255,255,255,255,255,255,255,255,255,255,255,255,255,255,255,255,255,255,255,255,255,255,255,255,255,255,255,255,255,255,255,255,255,255,255,255,255,255,255,255,255,255,255,255,255,255,255,255,255,255,255,255,255,255,255,255,255,255,251,251,249,248,248,246,242,242,240,233,233,231,240,240,238,248,249,244,254,254,252,253,253,251,246,246,244,226,226,224,159,159,157,91,91,89,81,81,79,52,52,50,23,23,21,106,106,104,174,174,172,221,221,219,158,158,156,86,86,84,21,21,19,72,72,70,122,122,120,173,173,171,102,102,100,82,82,80,121,121,121,180,180,180,225,225,225,247,247,247,238,238,238,239,239,239,251,251,251,252,252,252,254,254,254,250,250,250,250,250,250,255,255,255,255,255,255,255,255,255,255,255,255,255,255,255,255,255,255,255,255,255,255,255,255,255,255,255,255,255,255,255,255,255,255,255,255,255,255,255,255,255,255,255,255,255,255,255,255,255,255,255,255,255,255,255,255,255,255,255,255,255,255,255,255,255,255,255,255,255,255,255,255,255,255,255,255,255,255,255,255,255,255,255,255,255,255,255,255,255,255,255,255,255,255,255,255,255,255,255,255,255,255,255,255,255,255,255,255,255,255,255,255,255,255,255,255,255,255,255,255,255,255,255,255,255,255,255,255,255,255,255,255,255,255,255,255,255,255,255,255,255,255,255,255,255,255,255,255,255,255,255,255,255,255,255,255,255,255,255,255,255,255,255,255,255,255,255,255,255,255,255,255,255,255,255,255,255,255,255,255,255,255,255,255,255,255,255,255,255,255,255,255,255,255,255
255,255,255,255,255,255,255,255,255,255,255,255,255,255,255,255,255,255,255,255,255,255,255,255,255,255,255,255,255,255,255,255,255,255,255,255,255,255,255,255,255,255,255,255,255,255,255,255,255,255,255,255,255,255,255,255,255,255,255,255,255,255,255,255,255,255,255,255,255,255,255,255,255,255,255,255,255,255,255,255,255,255,255,255,255,255,255,255,255,255,255,255,255,255,255,255,255,255,255,255,255,255,255,255,255,255,255,255,255,255,255,255,255,255,255,255,255,255,255,255,255,255,255,255,255,255,255,255,255,255,255,255,255,255,255,255,255,255,255,255,255,255,255,255,255,255,255,255,255,255,255,255,255,255,255,255,255,255,255,255,255,255,255,255,255,255,255,255,255,255,255,255,255,255,255,255,255,255,255,255,255,255,255,255,255,255,255,255,255,255,255,255,255,255,255,255,255,255,255,255,255,255,255,255,255,255,255,255,255,255,255,255,255,255,255,255,255,255,255,255,255,255,255,255,255,255,255,255,255,255,255,255,255,255,255,255,255,255,255,255,255,255,255,255,255,255,255,255,255,255,255,255,255,255,255,255,255,255,255,255,255,255,255,255,255,255,255,255,255,255,255,255,255,255,255,255,255,255,255,255,255,255,255,255,255,255,255,255,255,255,255,255,255,255,255,255,255,255,255,255,255,255,255,255,255,255,255,255,255,255,255,255,255,255,255,255,255,255,255,255,255,255,255,255,255,255,255,255,255,255,254,254,254,254,254,254,255,255,255,255,255,255,255,255,255,255,255,255,255,255,255,255,255,255,255,255,255,255,255,255,252,252,252,255,255,255,248,248,246,247,247,245,244,244,242,232,232,230,230,230,228,235,236,231,249,249,247,253,253,251,233,233,231,169,169,167,90,90,88,38,38,36,71,71,69,68,68,66,45,45,43,109,109,107,142,142,140,154,154,152,96,96,94,57,57,55,37,37,35,87,87,85,102,102,100,79,79,77,85,85,83,119,119,117,182,182,182,231,231,231,244,244,244,233,233,233,237,237,237,241,241,241,254,254,254,247,247,247,249,249,249,253,253,253,252,252,252,255,255,255,255,255,255,255,255,255,255,255,255,255,255,255,255,255,255,255,255,255,255,255,255,255,255,255,255,255,255,255,255,255,255,255,255,255,255,255,255,255,255,255,255,255,255,255,255,255,255,255,255,255,255,255,255,255,255,255,255,255,255,255,255,255,255,255,255,255,255,255,255,255,255,255,255,255,255,255,255,255,255,255,255,255,255,255,255,255,255,255,255,255,255,255,255,255,255,255,255,255,255,255,255,255,255,255,255,255,255,255,255,255,255,255,255,255,255,255,255,255,255,255,255,255,255,255,255,255,255,255,255,255,255,255,255,255,255,255,255,255,255,255,255,255,255,255,255,255,255,255,255,255,255,255,255,255,255,255,255,255,255,255,255,255,255,255,255,255,255,255,255,255,255,255,255,255,255,255,255,255,255,255,255,255,255,255,255,255,255,255,255,255,255,255
255,255,255,255,255,255,255,255,255,255,255,255,255,255,255,255,255,255,255,255,255,255,255,255,255,255,255,255,255,255,255,255,255,255,255,255,255,255,255,255,255,255,255,255,255,255,255,255,255,255,255,255,255,255,255,255,255,255,255,255,255,255,255,255,255,255,255,255,255,255,255,255,255,255,255,255,255,255,255,255,255,255,255,255,255,255,255,255,255,255,255,255,255,255,255,255,255,255,255,255,255,255,255,255,255,255,255,255,255,255,255,255,255,255,255,255,255,255,255,255,255,255,255,255,255,255,255,255,255,255,255,255,255,255,255,255,255,255,255,255,255,255,255,255,255,255,255,255,255,255,255,255,255,255,255,255,255,255,255,255,255,255,255,255,255,255,255,255,255,255,255,255,255,255,255,255,255,255,255,255,255,255,255,255,255,255,255,255,255,255,255,255,255,255,255,255,255,255,255,255,255,255,255,255,255,255,255,255,255,255,255,255,255,255,255,255,255,255,255,255,255,255,255,255,255,255,255,255,255,255,255,255,255,255,255,255,255,255,255,255,255,255,255,255,255,255,255,255,255,255,255,255,255,255,255,255,255,255,255,255,255,255,255,255,255,255,255,255,255,255,255,255,255,255,255,255,255,255,255,255,255,255,255,255,255,255,255,255,255,255,255,255,255,255,255,255,255,255,255,255,255,255,255,255,255,255,255,255,255,255,255,255,255,255,255,255,255,255,255,255,255,255,255,255,255,255,255,255,255,255,255,255,255,255,255,255,255,255,255,254,254,254,255,255,255,254,254,254,254,254,254,255,255,255,254,254,254,255,255,255,255,255,255,250,250,250,238,238,236,239,239,237,244,244,242,236,236,234,239,239,237,244,245,240,249,249,247,208,208,206,160,160,158,113,113,111,97,97,95,99,99,97,136,136,134,141,141,139,133,133,131,166,166,164,174,174,172,153,153,151,96,96,94,57,57,55,31,31,29,51,51,49,52,52,50,37,37,35,132,132,130,198,198,196,230,230,230,239,239,239,246,246,246,235,235,235,240,240,240,249,249,249,247,247,247,235,235,235,233,233,233,252,252,252,255,255,255,255,255,255,255,255,255,255,255,255,255,255,255,255,255,255,255,255,255,255,255,255,255,255,255,255,255,255,255,255,255,255,255,255,255,255,255,255,255,255,255,255,255,255,255,255,255,255,255,255,255,255,255,255,255,255,255,255,255,255,255,255,255,255,255,255,255,255,255,255,255,255,255,255,255,255,255,255,255,255,255,255,255,255,255,255,255,255,255,255,255,255,255,255,255,255,255,255,255,255,255,255,255,255,255,255,255,255,255,255,255,255,255,255,255,255,255,255,255,255,255,255,255,255,255,255,255,255,255,255,255,255,255,255,255,255,255,255,255,255,255,255,255,255,255,255,255,255,255,255,255,255,255,255,255,255,255,255,255,255,255,255,255,255,255,255,255,255,255,255,255,255,255,255,255,255,255,255,255,255,255,255,255,255,255,255,255,255,255,255,255,255,255,255,255,255
255,255,255,255,255,255,255,255,255,255,255,255,255,255,255,255,255,255,255,255,255,255,255,255,255,255,255,255,255,255,255,255,255,255,255,255,255,255,255,255,255,255,255,255,255,255,255,255,255,255,255,255,255,255,255,255,255,255,255,255,255,255,255,255,255,255,255,255,255,255,255,255,255,255,255,255,255,255,255,255,255,255,255,255,255,255,255,255,255,255,255,255,255,255,255,255,255,255,255,255,255,255,255,255,255,255,255,255,255,255,255,255,255,255,255,255,255,255,255,255,255,255,255,255,255,255,255,255,255,255,255,255,255,255,255,255,255,255,255,255,255,255,255,255,255,255,255,255,255,255,255,255,255,255,255,255,255,255,255,255,255,255,255,255,255,255,255,255,255,255,255,255,255,255,255,255,255,255,255,255,255,255,255,255,255,255,255,255,255,255,255,255,255,255,255,255,255,255,255,255,255,255,255,255,255,255,255,255,255,255,255,255,255,255,255,255,255,255,255,255,255,255,255,255,255,255,255,255,255,255,255,255,255,255,255,255,255,255,255,255,255,255,255,255,255,255,255,255,255,255,255,255,255,255,255,255,255,255,255,255,255,255,255,255,255,255,255,255,255,255,255,255,255,255,255,255,255,255,255,255,255,255,255,255,255,255,255,255,255,255,255,255,255,255,255,255,255,255,255,255,255,255,255,255,255,255,255,255,255,255,255,255,255,255,255,255,255,255,255,255,255,254,254,254,254,254,254,255,255,255,255,255,255,255,255,255,255,255,255,255,255,255,255,255,255,254,254,254,254,254,254,255,255,255,255,255,255,255,255,255,255,255,255,245,245,245,237,237,235,237,237,235,243,243,241,240,240,238,250,250,248,249,250,245,222,222,220,152,152,150,88,88,86,78,78,76,113,113,111,162,162,160,163,163,161,171,171,169,187,187,185,201,201,199,191,191,189,158,158,156,110,110,108,63,63,61,13,13,11,26,26,24,41,41,39,65,65,63,183,183,181,251,251,249,249,249,249,246,246,246,240,240,240,241,241,241,246,246,246,251,251,251,241,241,241,234,234,234,229,229,229,241,241,241,252,252,252,255,255,255,255,255,255,255,255,255,255,255,255,255,255,255,255,255,255,255,255,255,255,255,255,255,255,255,255,255,255,255,255,255,255,255,255,255,255,255,255,255,255,255,255,255,255,255,255,255,255,255,255,255,255,255,255,255,255,255,255,255,255,255,255,255,255,255,255,255,255,255,255,255,255,255,255,255,255,255,255,255,255,255,255,255,255,255,255,255,255,255,255,255,255,255,255,255,255,255,255,255,255,255,255,255,255,255,255,255,255,255,255,255,255,255,255,255,255,255,255,255,255,255,255,255,255,255,255,255,255,255,255,255,255,255,255,255,255,255,255,255,255,255,255,255,255,255,255,255,255,255,255,255,255,255,255,255,255,255,255,255,255,255,255,255,255,255,255,255,255,255,255,255,255,255,255,255,255,255,255,255,255,255,255,255,255,255,255,255,255,255,255,255,255,255
255,255,255,255,255,255,255,255,255,255,255,255,255,255,255,255,255,255,255,255,255,255,255,255,255,255,255,255,255,255,255,255,255,255,255,255,255,255,255,255,255,255,255,255,255,255,255,255,255,255,255,255,255,255,255,255,255,255,255,255,255,255,255,255,255,255,255,255,255,255,255,255,255,255,255,255,255,255,255,255,255,255,255,255,255,255,255,255,255,255,255,255,255,255,255,255,255,255,255,255,255,255,255,255,255,255,255,255,255,255,255,255,255,255,255,255,255,255,255,255,255,255,255,255,255,255,255,255,255,255,255,255,255,255,255,255,255,255,255,255,255,255,255,255,255,255,255,255,255,255,255,255,255,255,255,255,255,255,255,255,255,255,255,255,255,255,255,255,255,255,255,255,255,255,255,255,255,255,255,255,255,255,255,255,255,255,255,255,255,255,255,255,255,255,255,255,255,255,255,255,255,255,255,255,255,255,255,255,255,255,255,255,255,255,255,255,255,255,255,255,255,255,255,255,255,255,255,255,255,255,255,255,255,255,255,255,255,255,255,255,255,255,255,255,255,255,255,255,255,255,255,255,255,255,255,255,255,255,255,255,255,255,255,255,255,255,255,255,255,255,255,255,255,255,255,255,255,255,255,255,255,255,255,255,255,255,255,255,255,255,255,255,255,255,255,255,255,255,255,255,255,255,255,255,255,255,255,255,255,255,255,255,255,255,255,255,255,255,255,255,255,254,254,254,254,254,254,255,255,255,255,255,255,254,254,254,255,255,255,252,252,252,255,255,255,255,255,255,255,255,255,255,255,255,252,252,252,255,255,255,255,255,255,253,253,253,249,249,247,249,249,247,254,254,252,253,253,251,250,250,248,232,233,228,158,158,156,82,82,80,36,36,34,85,85,83,131,131,129,151,151,149,65,65,63,68,68,66,113,113,111,141,141,139,152,152,150,150,150,148,130,130,128,81,81,79,4,4,2,24,24,22,96,96,94,212,212,210,240,240,238,253,253,251,247,247,247,246,246,246,248,248,248,253,253,253,250,250,250,248,248,248,243,243,243,244,244,244,241,241,241,230,230,230,245,245,245,254,254,254,255,255,255,255,255,255,255,255,255,255,255,255,255,255,255,255,255,255,255,255,255,255,255,255,255,255,255,255,255,255,255,255,255,255,255,255,255,255,255,255,255,255,255,255,255,255,255,255,255,255,255,255,255,255,255,255,255,255,255,255,255,255,255,255,255,255,255,255,255,255,255,255,255,255,255,255,255,255,255,255,255,255,255,255,255,255,255,255,255,255,255,255,255,255,255,255,255,255,255,255,255,255,255,255,255,255,255,255,255,255,255,255,255,255,255,255,255,255,255,255,255,255,255,255,255,255,255,255,255,255,255,255,255,255,255,255,255,255,255,255,255,255,255,255,255,255,255,255,255,255,255,255,255,255,255,255,255,255,255,255,255,255,255,255,255,255,255,255,255,255,255,255,255,255,255,255,255,255,255,255,255,255,255,255,255,255,255,255,255,255,255,255
255,255,255,255,255,255,255,255,255,255,255,255,255,255,255,255,255,255,255,255,255,255,255,255,255,255,255,255,255,255,255,255,255,255,255,255,255,255,255,255,255,255,255,255,255,255,255,255,255,255,255,255,255,255,255,255,255,255,255,255,255,255,255,255,255,255,255,255,255,255,255,255,255,255,255,255,255,255,255,255,255,255,255,255,255,255,255,255,255,255,255,255,255,255,255,255,255,255,255,255,255,255,255,255,255,255,255,255,255,255,255,255,255,255,255,255,255,255,255,255,255,255,255,255,255,255,255,255,255,255,255,255,255,255,255,255,255,255,255,255,255,255,255,255,255,255,255,255,255,255,255,255,255,255,255,255,255,255,255,255,255,255,255,255,255,255,255,255,255,255,255,255,255,255,255,255,255,255,255,255,255,255,255,255,255,255,255,255,255,255,255,255,255,255,255,255,255,255,255,255,255,255,255,255,255,255,255,255,255,255,255,255,255,255,255,255,255,255,255,255,255,255,255,255,255,255,255,255,255,255,255,255,255,255,255,255,255,255,255,255,255,255,255,255,255,255,255,255,255,255,255,255,255,255,255,255,255,255,255,255,255,255,255,255,255,255,255,255,255,255,255,255,255,255,255,255,255,255,255,255,255,255,255,255,255,255,255,255,255,255,255,255,255,255,255,255,255,255,255,255,255,255,255,255,255,255,255,255,255,255,255,255,255,255,255,255,255,255,255,255,255,254,254,254,255,255,255,255,255,255,254,254,254,251,251,251,249,249,249,243,243,243,250,250,250,254,254,254,252,252,252,247,247,247,244,244,244,255,255,255,253,253,253,248,248,248,234,234,232,242,242,240,251,251,249,245,245,243,207,207,205,165,166,161,127,127,125,93,93,91,69,69,67,94,94,92,137,137,135,168,168,166,87,87,85,109,109,107,170,170,168,167,167,165,140,140,138,100,100,98,88,88,86,73,73,71,53,53,51,107,107,105,173,173,171,254,254,252,252,252,250,251,251,249,250,250,250,254,254,254,250,250,250,250,250,250,253,253,253,249,249,249,249,249,249,253,253,253,252,252,252,239,239,239,246,246,246,254,254,254,255,255,255,255,255,255,255,255,255,255,255,255,255,255,255,255,255,255,255,255,255,255,255,255,255,255,255,255,255,255,255,255,255,255,255,255,255,255,255,255,255,255,255,255,255,255,255,255,255,255,255,255,255,255,255,255,255,255,255,255,255,255,255,255,255,255,255,255,255,255,255,255,255,255,255,255,255,255,255,255,255,255,255,255,255,255,255,255,255,255,255,255,255,255,255,255,255,255,255,255,255,255,255,255,255,255,255,255,255,255,255,255,255,255,255,255,255,255,255,255,255,255,255,255,255,255,255,255,255,255,255,255,255,255,255,255,255,255,255,255,255,255,255,255,255,255,255,255,255,255,255,255,255,255,255,255,255,255,255,255,255,255,255,255,255,255,255,255,255,255,255,255,255,255,255,255,255,255,255,255,255,255,255,255,255,255,255,255,255,255,255,255
255,255,255,255,255,255,255,255,255,255,255,255,255,255,255,255,255,255,255,255,255,255,255,255,255,255,255,255,255,255,255,255,255,255,255,255,255,255,255,255,255,255,255,255,255,255,255,255,255,255,255,255,255,255,255,255,255,255,255,255,255,255,255,255,255,255,255,255,255,255,255,255,255,255,255,255,255,255,255,255,255,255,255,255,255,255,255,255,255,255,255,255,255,255,255,255,255,255,255,255,255,255,255,255,255,255,255,255,255,255,255,255,255,255,255,255,255,255,255,255,255,255,255,255,255,255,255,255,255,255,255,255,255,255,255,255,255,255,255,255,255,255,255,255,255,255,255,255,255,255,255,255,255,255,255,255,255,255,255,255,255,255,255,255,255,255,255,255,255,255,255,255,255,255,255,255,255,255,255,255,255,255,255,255,255,255,255,255,255,255,255,255,255,255,255,255,255,255,255,255,255,255,255,255,255,255,255,255,255,255,255,255,255,255,255,255,255,255,255,255,255,255,255,255,255,255,255,255,255,255,255,255,255,255,255,255,255,255,255,255,255,255,255,255,255,255,255,255,255,255,255,255,255,255,255,255,255,255,255,255,255,255,255,255,255,255,255,255,255,255,255,255,255,255,255,255,255,255,255,255,255,255,255,255,255,255,255,255,255,255,255,255,255,255,255,255,255,255,255,255,255,255,255,255,255,255,255,255,255,255,255,255,255,255,255,255,255,255,255,255,255,255,255,255,255,255,255,255,255,255,253,253,253,249,249,249,242,242,242,234,234,234,244,244,244,252,252,252,249,249,249,239,239,239,236,236,236,252,252,252,249,249,249,239,239,239,214,214,212,234,234,232,246,246,244,225,225,223,144,144,142,78,79,74,95,95,93,113,113,111,119,119,117,99,99,97,129,129,127,163,163,161,118,118,116,160,160,158,239,239,237,191,191,189,123,123,121,42,42,40,44,44,42,75,75,73,125,125,123,195,195,193,238,238,236,251,251,249,255,255,253,255,255,253,255,255,255,255,255,255,255,255,255,255,255,255,254,254,254,255,255,255,254,254,254,255,255,255,253,253,253,255,255,255,255,255,255,255,255,255,255,255,255,255,255,255,255,255,255,255,255,255,255,255,255,255,255,255,255,255,255,255,255,255,255,255,255,255,255,255,255,255,255,255,255,255,255,255,255,255,255,255,255,255,255,255,255,255,255,255,255,255,255,255,255,255,255,255,255,255,255,255,255,255,255,255,255,255,255,255,255,255,255,255,255,255,255,255,255,255,255,255,255,255,255,255,255,255,255,255,255,255,255,255,255,255,255,255,255,255,255,255,255,255,255,255,255,255,255,255,255,255,255,255,255,255,255,255,255,255,255,255,255,255,255,255,255,255,255,255,255,255,255,255,255,255,255,255,255,255,255,255,255,255,255,255,255,255,255,255,255,255,255,255,255,255,255,255,255,255,255,255,255,255,255,255,255,255,255,255,255,255,255,255,255,255,255,255,255,255,255,255,255,255,255,255,255,255,255,255,255,255
255,255,255,255,255,255,255,255,255,255,255,255,255,255,255,255,255,255,255,255,255,255,255,255,255,255,255,255,255,255,255,255,255,255,255,255,255,255,255,255,255,255,255,255,255,255,255,255,255,255,255,255,255,255,255,255,255,255,255,255,255,255,255,255,255,255,255,255,255,255,255,255,255,255,255,255,255,255,255,255,255,255,255,255,255,255,255,255,255,255,255,255,255,255,255,255,255,255,255,255,255,255,255,255,255,255,255,255,255,255,255,255,255,255,255,255,255,255,255,255,255,255,255,255,255,255,255,255,255,255,255,255,255,255,255,255,255,255,255,255,255,255,255,255,255,255,255,255,255,255,255,255,255,255,255,255,255,255,255,255,255,255,255,255,255,255,255,255,255,255,255,255,255,255,255,255,255,255,255,255,255,255,255,255,255,255,255,255,255,255,255,255,255,255,255,255,255,255,255,255,255,255,255,255,255,255,255,255,255,255,255,255,255,255,255,255,255,255,255,255,255,255,255,255,255,255,255,255,255,255,255,255,255,255,255,255,255,255,255,255,255,255,255,255,255,255,255,255,255,255,255,255,255,255,255,255,255,255,255,255,255,255,255,255,255,255,255,255,255,255,255,255,255,255,255,255,255,255,255,255,255,255,255,255,255,255,255,255,255,255,255,255,255,255,255,255,255,255,255,255,255,255,255,255,255,255,255,255,255,255,255,255,255,255,255,255,255,255,253,253,253,255,255,255,255,255,255,255,255,255,255,255,255,238,238,238,236,236,236,249,249,249,250,250,250,248,248,248,248,248,248,247,247,247,248,248,248,251,251,251,239,239,239,231,231,231,247,247,245,238,238,236,224,224,222,163,163,161,88,88,86,31,32,27,25,25,23,65,65,63,103,103,101,115,115,113,90,90,88,46,46,44,41,41,39,103,103,101,187,187,185,137,137,135,76,76,74,14,14,12,56,56,54,113,113,111,194,194,192,229,229,227,247,247,245,247,247,245,252,252,250,255,255,253,255,255,255,255,255,255,255,255,255,255,255,255,255,255,255,255,255,255,255,255,255,255,255,255,255,255,255,255,255,255,255,255,255,255,255,255,255,255,255,255,255,255,255,255,255,255,255,255,255,255,255,255,255,255,255,255,255,255,255,255,255,255,255,255,255,255,255,255,255,255,255,255,255,255,255,255,255,255,255,255,255,255,255,255,255,255,255,255,255,255,255,255,255,255,255,255,255,255,255,255,255,255,255,255,255,255,255,255,255,255,255,255,255,255,255,255,255,255,255,255,255,255,255,255,255,255,255,255,255,255,255,255,255,255,255,255,255,255,255,255,255,255,255,255,255,255,255,255,255,255,255,255,255,255,255,255,255,255,255,255,255,255,255,255,255,255,255,255,255,255,255,255,255,255,255,255,255,255,255,255,255,255,255,255,255,255,255,255,255,255,255,255,255,255,255,255,255,255,255,255,255,255,255,255,255,255,255,255,255,255,255,255,255,255,255,255,255,255,255,255,255,255,255,255,255,255,255,255
255,255,255,255,255,255,255,255,255,255,255,255,255,255,255,255,255,255,255,255,255,255,255,255,255,255,255,255,255,255,255,255,255,255,255,255,255,255,255,255,255,255,255,255,255,255,255,255,255,255,255,255,255,255,255,255,255,255,255,255,255,255,255,255,255,255,255,255,255,255,255,255,255,255,255,255,255,255,255,255,255,255,255,255,255,255,255,255,255,255,255,255,255,255,255,255,255,255,255,255,255,255,255,255,255,255,255,255,255,255,255,255,255,255,255,255,255,255,255,255,255,255,255,255,255,255,255,255,255,255,255,255,255,255,255,255,255,255,255,255,255,255,255,255,255,255,255,255,255,255,255,255,255,255,255,255,255,255,255,255,255,255,255,255,255,255,255,255,255,255,255,255,255,255,255,255,255,255,255,255,255,255,255,255,255,255,255,255,255,255,255,255,255,255,255,255,255,255,255,255,255,255,255,255,255,255,255,255,255,255,255,255,255,255,255,255,255,255,255,255,255,255,255,255,255,255,255,255,255,255,255,255,255,255,255,255,255,255,255,255,255,255,255,255,255,255,255,255,255,255,255,255,255,255,255,255,255,255,255,255,255,255,255,255,255,255,255,255,255,255,255,255,255,255,255,255,255,255,255,255,255,255,255,255,255,255,255,255,255,255,255,255,255,255,255,255,255,255,255,255,255,255,255,255,255,255,255,255,255,255,255,255,255,255,255,255,255,255,254,254,254,255,255,255,255,255,255,254,254,254,253,253,253,238,238,238,238,238,238,252,252,252,249,249,249,247,247,247,247,247,247,250,250,250,253,253,253,250,250,250,243,243,243,237,237,237,245,245,243,227,227,225,185,185,183,94,94,92,47,47,45,18,19,14,9,9,7,42,42,40,91,91,89,123,123,121,79,79,77,29,29,27,65,65,63,107,107,105,141,141,139,75,75,73,43,43,41,32,32,30,103,103,101,166,166,164,224,224,222,245,245,243,252,252,250,247,247,245,250,250,248,255,255,253,255,255,255,255,255,255,254,254,254,255,255,255,255,255,255,255,255,255,255,255,255,255,255,255,255,255,255,255,255,255,255,255,255,255,255,255,255,255,255,255,255,255,255,255,255,255,255,255,255,255,255,255,255,255,255,255,255,255,255,255,255,255,255,255,255,255,255,255,255,255,255,255,255,255,255,255,255,255,255,255,255,255,255,255,255,255,255,255,255,255,255,255,255,255,255,255,255,255,255,255,255,255,255,255,255,255,255,255,255,255,255,255,255,255,255,255,255,255,255,255,255,255,255,255,255,255,255,255,255,255,255,255,255,255,255,255,255,255,255,255,255,255,255,255,255,255,255,255,255,255,255,255,255,255,255,255,255,255,255,255,255,255,255,255,255,255,255,255,255,255,255,255,255,255,255,255,255,255,255,255,255,255,255,255,255,255,255,255,255,255,255,255,255,255,255,255,255,255,255,255,255,255,255,255,255,255,255,255,255,255,255,255,255,255,255,255,255,255,255,255,255,255,255,255,255,255,255,255
255,255,255,255,255,255,255,255,255,255,255,255,255,255,255,255,255,255,255,255,255,255,255,255,255,255,255,255,255,255,255,255,255,255,255,255,255,255,255,255,255,255,255,255,255,255,255,255,255,255,255,255,255,255,255,255,255,255,255,255,255,255,255,255,255,255,255,255,255,255,255,255,255,255,255,255,255,255,255,255,255,255,255,255,255,255,255,255,255,255,255,255,255,255,255,255,255,255,255,255,255,255,255,255,255,255,255,255,255,255,255,255,255,255,255,255,255,255,255,255,255,255,255,255,255,255,255,255,255,255,255,255,255,255,255,255,255,255,255,255,255,255,255,255,255,255,255,255,255,255,255,255,255,255,255,255,255,255,255,255,255,255,255,255,255,255,255,255,255,255,255,255,255,255,255,255,255,255,255,255,255,255,255,255,255,255,255,255,255,255,255,255,255,255,255,255,255,255,255,255,255,255,255,255,255,255,255,255,255,255,255,255,255,255,255,255,255,255,255,255,255,255,255,255,255,255,255,255,255,255,255,255,255,255,255,255,255,255,255,255,255,255,255,255,255,255,255,255,255,255,255,255,255,255,255,255,255,255,255,255,255,255,255,255,255,255,255,255,255,255,255,255,255,255,255,255,255,255,255,255,255,255,255,255,255,255,255,255,255,255,255,255,255,255,255,255,255,255,255,255,255,255,255,255,255,255,255,255,255,255,255,255,255,255,255,255,255,255,254,254,254,255,255,255,255,255,255,253,253,253,252,252,252,240,240,240,237,237,237,251,251,251,251,251,251,252,252,252,245,245,245,247,247,247,251,251,251,248,248,248,252,252,252,250,250,250,228,228,226,198,198,196,139,139,137,25,25,23,23,23,21,41,42,37,29,29,27,41,41,39,61,61,59,110,110,108,85,85,83,56,56,54,148,148,146,145,145,143,95,95,93,33,33,31,26,26,24,65,65,63,165,165,163,224,224,222,242,242,240,250,250,248,250,250,248,246,246,244,251,251,249,255,255,253,255,255,255,255,255,255,254,254,254,255,255,255,255,255,255,255,255,255,255,255,255,255,255,255,255,255,255,255,255,255,255,255,255,255,255,255,255,255,255,255,255,255,255,255,255,255,255,255,255,255,255,255,255,255,255,255,255,255,255,255,255,255,255,255,255,255,255,255,255,255,255,255,255,255,255,255,255,255,255,255,255,255,255,255,255,255,255,255,255,255,255,255,255,255,255,255,255,255,255,255,255,255,255,255,255,255,255,255,255,255,255,255,255,255,255,255,255,255,255,255,255,255,255,255,255,255,255,255,255,255,255,255,255,255,255,255,255,255,255,255,255,255,255,255,255,255,255,255,255,255,255,255,255,255,255,255,255,255,255,255,255,255,255,255,255,255,255,255,255,255,255,255,255,255,255,255,255,255,255,255,255,255,255,255,255,255,255,255,255,255,255,255,255,255,255,255,255,255,255,255,255,255,255,255,255,255,255,255,255,255,255,255,255,255,255,255,255,255,255,255,255,255,255,255,255,255,255,255
255,255,255,255,255,255,255,255,255,255,255,255,255,255,255,255,255,255,255,255,255,255,255,255,255,255,255,255,255,255,255,255,255,255,255,255,255,255,255,255,255,255,255,255,255,255,255,255,255,255,255,255,255,255,255,255,255,255,255,255,255,255,255,255,255,255,255,255,255,255,255,255,255,255,255,255,255,255,255,255,255,255,255,255,255,255,255,255,255,255,255,255,255,255,255,255,255,255,255,255,255,255,255,255,255,255,255,255,255,255,255,255,255,255,255,255,255,255,255,255,255,255,255,255,255,255,255,255,255,255,255,255,255,255,255,255,255,255,255,255,255,255,255,255,255,255,255,255,255,255,255,255,255,255,255,255,255,255,255,255,255,255,255,255,255,255,255,255,255,255,255,255,255,255,255,255,255,255,255,255,255,255,255,255,255,255,255,255,255,255,255,255,255,255,255,255,255,255,255,255,255,255,255,255,255,255,255,255,255,255,255,255,255,255,255,255,255,255,255,255,255,255,255,255,255,255,255,255,255,255,255,255,255,255,255,255,255,255,255,255,255,255,255,255,255,255,255,255,255,255,255,255,255,255,255,255,255,255,255,255,255,255,255,255,255,255,255,255,255,255,255,255,255,255,255,255,255,255,255,255,255,255,255,255,255,255,255,255,255,255,255,255,255,255,255,255,255,255,255,255,255,255,255,255,255,255,255,255,255,255,255,255,254,254,254,255,255,255,254,254,254,255,255,255,255,255,255,254,254,254,254,254,254,246,246,246,245,245,245,242,242,242,241,241,241,247,247,247,240,240,240,245,245,245,249,249,249,249,249,249,252,252,252,226,226,226,154,154,152,133,133,131,109,109,107,33,33,31,75,75,73,128,129,124,107,107,105,58,58,56,22,22,20,39,39,37,71,71,69,114,114,112,198,198,196,171,171,169,91,91,89,43,43,41,81,81,79,165,165,163,221,221,219,239,239,237,234,234,232,236,236,234,241,241,239,246,246,244,255,255,253,255,255,253,253,253,253,255,255,255,255,255,255,254,254,254,255,255,255,255,255,255,255,255,255,255,255,255,255,255,255,255,255,255,255,255,255,255,255,255,255,255,255,255,255,255,255,255,255,255,255,255,255,255,255,255,255,255,255,255,255,255,255,255,255,255,255,255,255,255,255,255,255,255,255,255,255,255,255,255,255,255,255,255,255,255,255,255,255,255,255,255,255,255,255,255,255,255,255,255,255,255,255,255,255,255,255,255,255,255,255,255,255,255,255,255,255,255,255,255,255,255,255,255,255,255,255,255,255,255,255,255,255,255,255,255,255,255,255,255,255,255,255,255,255,255,255,255,255,255,255,255,255,255,255,255,255,255,255,255,255,255,255,255,255,255,255,255,255,255,255,255,255,255,255,255,255,255,255,255,255,255,255,255,255,255,255,255,255,255,255,255,255,255,255,255,255,255,255,255,255,255,255,255,255,255,255,255,255,255,255,255,255,255,255,255,255,255,255,255,255,255,255,255,255,255,255,255,255,255,255,255
255,255,255,255,255,255,255,255,255,255,255,255,255,255,255,255,255,255,255,255,255,255,255,255,255,255,255,255,255,255,255,255,255,255,255,255,255,255,255,255,255,255,255,255,255,255,255,255,255,255,255,255,255,255,255,255,255,255,255,255,255,255,255,255,255,255,255,255,255,255,255,255,255,255,255,255,255,255,255,255,255,255,255,255,255,255,255,255,255,255,255,255,255,255,255,255,255,255,255,255,255,255,255,255,255,255,255,255,255,255,255,255,255,255,255,255,255,255,255,255,255,255,255,255,255,255,255,255,255,255,255,255,255,255,255,255,255,255,255,255,255,255,255,255,255,255,255,255,255,255,255,255,255,255,255,255,255,255,255,255,255,255,255,255,255,255,255,255,255,255,255,255,255,255,255,255,255,255,255,255,255,255,255,255,255,255,255,255,255,255,255,255,255,255,255,255,255,255,255,255,255,255,255,255,255,255,255,255,255,255,255,255,255,255,255,255,255,255,255,255,255,255,255,255,255,255,255,255,255,255,255,255,255,255,255,255,255,255,255,255,255,255,255,255,255,255,255,255,255,255,255,255,255,255,255,255,255,255,255,255,255,255,255,255,255,255,255,255,255,255,255,255,255,255,255,255,255,255,255,255,255,255,255,255,255,255,255,255,255,255,255,255,255,255,255,255,255,255,255,255,255,255,255,255,255,255,255,255,255,255,255,255,255,255,255,255,255,255,254,254,254,255,255,255,255,255,255,255,255,255,255,255,255,252,252,252,247,247,247,238,238,238,244,244,244,245,245,245,233,233,233,241,241,241,245,245,245,244,244,244,222,222,222,172,172,172,81,81,79,86,86,84,97,97,95,76,76,74,136,136,134,187,188,183,137,137,135,71,71,69,10,10,8,11,11,9,73,73,71,145,145,143,164,164,162,141,141,139,98,98,96,99,99,97,147,147,145,226,226,224,247,247,245,246,246,244,233,233,231,237,237,235,241,241,239,246,246,244,255,255,253,255,255,253,253,253,253,255,255,255,255,255,255,255,255,255,255,255,255,255,255,255,255,255,255,255,255,255,255,255,255,255,255,255,255,255,255,255,255,255,255,255,255,255,255,255,255,255,255,255,255,255,255,255,255,255,255,255,255,255,255,255,255,255,255,255,255,255,255,255,255,255,255,255,255,255,255,255,255,255,255,255,255,255,255,255,255,255,255,255,255,255,255,255,255,255,255,255,255,255,255,255,255,255,255,255,255,255,255,255,255,255,255,255,255,255,255,255,255,255,255,255,255,255,255,255,255,255,255,255,255,255,255,255,255,255,255,255,255,255,255,255,255,255,255,255,255,255,255,255,255,255,255,255,255,255,255,255,255,255,255,255,255,255,255,255,255,255,255,255,255,255,255,255,255,255,255,255,255,255,255,255,255,255,255,255,255,255,255,255,255,255,255,255,255,255,255,255,255,255,255,255,255,255,255,255,255,255,255,255,255,255,255,255,255,255,255,255,255,255,255,255,255,255,255,255,255,255,255,255,255,255
255,255,255,255,255,255,255,255,255,255,255,255,255,255,255,255,255,255,255,255,255,255,255,255,255,255,255,255,255,255,255,255,255,255,255,255,255,255,255,255,255,255,255,255,255,255,255,255,255,255,255,255,255,255,255,255,255,255,255,255,255,255,255,255,255,255,255,255,255,255,255,255,255,255,255,255,255,255,255,255,255,255,255,255,255,255,255,255,255,255,255,255,255,255,255,255,255,255,255,255,255,255,255,255,255,255,255,255,255,255,255,255,255,255,255,255,255,255,255,255,255,255,255,255,255,255,255,255,255,255,255,255,255,255,255,255,255,255,255,255,255,255,255,255,255,255,255,255,255,255,255,255,255,255,255,255,255,255,255,255,255,255,255,255,255,255,255,255,255,255,255,255,255,255,255,255,255,255,255,255,255,255,255,255,255,255,255,255,255,255,255,255,255,255,255,255,255,255,255,255,255,255,255,255,255,255,255,255,255,255,255,255,255,255,255,255,255,255,255,255,255,255,255,255,255,255,255,255,255,255,255,255,255,255,255,255,255,255,255,255,255,255,255,255,255,255,255,255,255,255,255,255,255,255,255,255,255,255,255,255,255,255,255,255,255,255,255,255,255,255,255,255,255,255,255,255,255,255,255,255,255,255,255,255,255,255,255,255,255,255,255,255,255,255,255,255,255,255,255,255,255,255,255,255,255,255,255,255,255,255,255,255,255,255,255,255,255,255,255,255,255,254,254,254,255,255,255,255,255,255,254,254,254,253,253,253,244,244,244,234,234,234,242,242,242,237,237,237,231,231,231,245,245,245,248,248,248,229,229,229,164,164,164,95,95,95,12,12,10,42,42,40,91,91,89,143,143,141,201,201,199,220,221,216,135,135,133,66,66,64,34,34,32,31,31,29,88,88,86,143,143,141,70,70,68,68,68,66,110,110,108,183,183,181,227,227,225,255,255,253,252,252,250,242,242,240,230,230,228,245,245,243,249,249,247,246,246,244,251,251,249,255,255,253,255,255,255,255,255,255,254,254,254,255,255,255,255,255,255,255,255,255,255,255,255,255,255,255,255,255,255,255,255,255,255,255,255,255,255,255,255,255,255,255,255,255,255,255,255,255,255,255,255,255,255,255,255,255,255,255,255,255,255,255,255,255,255,255,255,255,255,255,255,255,255,255,255,255,255,255,255,255,255,255,255,255,255,255,255,255,255,255,255,255,255,255,255,255,255,255,255,255,255,255,255,255,255,255,255,255,255,255,255,255,255,255,255,255,255,255,255,255,255,255,255,255,255,255,255,255,255,255,255,255,255,255,255,255,255,255,255,255,255,255,255,255,255,255,255,255,255,255,255,255,255,255,255,255,255,255,255,255,255,255,255,255,255,255,255,255,255,255,255,255,255,255,255,255,255,255,255,255,255,255,255,255,255,255,255,255,255,255,255,255,255,255,255,255,255,255,255,255,255,255,255,255,255,255,255,255,255,255,255,255,255,255,255,255,255,255,255,255,255,255,255,255,255,255,255,255,255,255
255,255,255,255,255,255,255,255,255,255,255,255,255,255,255,255,255,255,255,255,255,255,255,255,255,255,255,255,255,255,255,255,255,255,255,255,255,255,255,255,255,255,255,255,255,255,255,255,255,255,255,255,255,255,255,255,255,255,255,255,255,255,255,255,255,255,255,255,255,255,255,255,255,255,255,255,255,255,255,255,255,255,255,255,255,255,255,255,255,255,255,255,255,255,255,255,255,255,255,255,255,255,255,255,255,255,255,255,255,255,255,255,255,255,255,255,255,255,255,255,255,255,255,255,255,255,255,255,255,255,255,255,255,255,255,255,255,255,255,255,255,255,255,255,255,255,255,255,255,255,255,255,255,255,255,255,255,255,255,255,255,255,255,255,255,255,255,255,255,255,255,255,255,255,255,255,255,255,255,255,255,255,255,255,255,255,255,255,255,255,255,255,255,255,255,255,255,255,255,255,255,255,255,255,255,255,255,255,255,255,255,255,255,255,255,255,255,255,255,255,255,255,255,255,255,255,255,255,255,255,255,255,255,255,255,255,255,255,255,255,255,255,255,255,255,255,255,255,255,255,255,255,255,255,255,255,255,255,255,255,255,255,255,255,255,255,255,255,255,255,255,255,255,255,255,255,255,255,255,255,255,255,255,255,255,255,255,255,255,255,255,255,255,255,255,255,255,255,255,255,255,255,255,255,255,255,255,255,255,255,255,255,255,255,255,255,255,255,255,255,255,255,255,255,255,255,255,254,254,254,251,251,251,251,251,251,247,247,247,238,238,238,247,247,247,249,249,249,248,248,248,241,241,241,204,204,204,129,129,129,107,107,107,73,73,73,24,24,22,26,26,24,52,52,50,120,120,118,148,148,146,137,138,133,67,67,65,89,89,87,129,129,127,124,124,122,101,101,99,71,71,69,43,43,41,91,91,89,169,169,167,220,220,218,245,245,243,255,255,253,238,238,236,237,237,235,243,243,241,252,252,250,253,253,251,247,247,245,250,250,248,255,255,253,255,255,255,255,255,255,254,254,254,255,255,255,255,255,255,255,255,255,255,255,255,255,255,255,255,255,255,255,255,255,255,255,255,255,255,255,255,255,255,255,255,255,255,255,255,255,255,255,255,255,255,255,255,255,255,255,255,255,255,255,255,255,255,255,255,255,255,255,255,255,255,255,255,255,255,255,255,255,255,255,255,255,255,255,255,255,255,255,255,255,255,255,255,255,255,255,255,255,255,255,255,255,255,255,255,255,255,255,255,255,255,255,255,255,255,255,255,255,255,255,255,255,255,255,255,255,255,255,255,255,255,255,255,255,255,255,255,255,255,255,255,255,255,255,255,255,255,255,255,255,255,255,255,255,255,255,255,255,255,255,255,255,255,255,255,255,255,255,255,255,255,255,255,255,255,255,255,255,255,255,255,255,255,255,255,255,255,255,255,255,255,255,255,255,255,255,255,255,255,255,255,255,255,255,255,255,255,255,255,255,255,255,255,255,255,255,255,255,255,255,255,255,255,255,255,255,255,255
255,255,255,255,255,255,255,255,255,255,255,255,255,255,255,255,255,255,255,255,255,255,255,255,255,255,255,255,255,255,255,255,255,255,255,255,255,255,255,255,255,255,255,255,255,255,255,255,255,255,255,255,255,255,255,255,255,255,255,255,255,255,255,255,255,255,255,255,255,255,255,255,255,255,255,255,255,255,255,255,255,255,255,255,255,255,255,255,255,255,255,255,255,255,255,255,255,255,255,255,255,255,255,255,255,255,255,255,255,255,255,255,255,255,255,255,255,255,255,255,255,255,255,255,255,255,255,255,255,255,255,255,255,255,255,255,255,255,255,255,255,255,255,255,255,255,255,255,255,255,255,255,255,255,255,255,255,255,255,255,255,255,255,255,255,255,255,255,255,255,255,255,255,255,255,255,255,255,255,255,255,255,255,255,255,255,255,255,255,255,255,255,255,255,255,255,255,255,255,255,255,255,255,255,255,255,255,255,255,255,255,255,255,255,255,255,255,255,255,255,255,255,255,255,255,255,255,255,255,255,255,255,255,255,255,255,255,255,255,255,255,255,255,255,255,255,255,255,255,255,255,255,255,255,255,255,255,255,255,255,255,255,255,255,255,255,255,255,255,255,255,255,255,255,255,255,255,255,255,255,255,255,255,255,255,255,255,255,255,255,255,255,255,255,255,255,255,255,255,255,255,255,255,255,255,255,255,255,255,255,255,255,254,254,254,254,254,254,255,255,255,255,255,255,255,255,255,254,254,254,248,248,248,248,248,248,247,247,247,243,243,243,250,250,250,252,252,252,242,242,242,213,213,213,159,159,159,59,59,59,78,78,78,96,96,96,76,76,74,41,41,39,41,41,39,108,108,106,115,115,113,97,98,93,56,56,54,124,124,122,194,194,192,174,174,172,106,106,104,30,30,28,73,73,71,143,143,141,218,218,216,245,245,243,248,248,246,242,242,240,238,238,236,243,243,241,250,250,248,249,249,247,250,250,248,249,249,247,254,254,252,255,255,253,254,254,254,255,255,255,254,254,254,255,255,255,255,255,255,255,255,255,255,255,255,255,255,255,255,255,255,255,255,255,255,255,255,255,255,255,255,255,255,255,255,255,255,255,255,255,255,255,255,255,255,255,255,255,255,255,255,255,255,255,255,255,255,255,255,255,255,255,255,255,255,255,255,255,255,255,255,255,255,255,255,255,255,255,255,255,255,255,255,255,255,255,255,255,255,255,255,255,255,255,255,255,255,255,255,255,255,255,255,255,255,255,255,255,255,255,255,255,255,255,255,255,255,255,255,255,255,255,255,255,255,255,255,255,255,255,255,255,255,255,255,255,255,255,255,255,255,255,255,255,255,255,255,255,255,255,255,255,255,255,255,255,255,255,255,255,255,255,255,255,255,255,255,255,255,255,255,255,255,255,255,255,255,255,255,255,255,255,255,255,255,255,255,255,255,255,255,255,255,255,255,255,255,255,255,255,255,255,255,255,255,255,255,255,255,255,255,255,255,255,255,255,255,255,255,255,255,255
255,255,255,255,255,255,255,255,255,255,255,255,255,255,255,255,255,255,255,255,255,255,255,255,255,255,255,255,255,255,255,255,255,255,255,255,255,255,255,255,255,255,255,255,255,255,255,255,255,255,255,255,255,255,255,255,255,255,255,255,255,255,255,255,255,255,255,255,255,255,255,255,255,255,255,255,255,255,255,255,255,255,255,255,255,255,255,255,255,255,255,255,255,255,255,255,255,255,255,255,255,255,255,255,255,255,255,255,255,255,255,255,255,255,255,255,255,255,255,255,255,255,255,255,255,255,255,255,255,255,255,255,255,255,255,255,255,255,255,255,255,255,255,255,255,255,255,255,255,255,255,255,255,255,255,255,255,255,255,255,255,255,255,255,255,255,255,255,255,255,255,255,255,255,255,255,255,255,255,255,255,255,255,255,255,255,255,255,255,255,255,255,255,255,255,255,255,255,255,255,255,255,255,255,255,255,255,255,255,255,255,255,255,255,255,255,255,255,255,255,255,255,255,255,255,255,255,255,255,255,255,255,255,255,255,255,255,255,255,255,255,255,255,255,255,255,255,255,255,255,255,255,255,255,255,255,255,255,255,255,255,255,255,255,255,255,255,255,255,255,255,255,255,255,255,255,255,255,255,255,255,255,255,255,255,255,255,255,255,255,255,255,255,255,255,255,255,252,252,252,255,255,255,255,255,255,253,253,253,255,255,255,255,255,255,255,255,255,252,252,252,255,255,255,252,252,252,252,252,252,243,243,243,248,248,248,251,251,251,249,249,249,254,254,254,246,246,246,227,227,227,165,165,165,96,96,96,16,16,16,94,94,94,160,160,160,167,167,167,105,105,105,63,63,63,99,99,99,105,105,105,104,104,104,109,109,107,168,168,166,225,225,223,177,177,175,94,94,92,32,32,30,165,165,163,233,233,231,250,250,248,250,250,248,241,241,239,223,223,221,246,246,244,252,252,250,251,251,249,239,239,237,244,244,244,252,252,252,255,255,255,255,255,255,255,255,255,255,255,255,255,255,255,254,254,254,255,255,255,255,255,255,255,255,255,255,255,255,255,255,255,255,255,255,255,255,255,255,255,255,255,255,255,255,255,255,255,255,255,255,255,255,255,255,255,255,255,255,255,255,255,255,255,255,255,255,255,255,255,255,255,255,255,255,255,255,255,255,255,255,255,255,255,255,255,255,255,255,255,255,255,255,255,255,255,255,255,255,255,255,255,255,255,255,255,255,255,255,255,255,255,255,255,255,255,255,255,255,255,255,255,255,255,255,255,255,255,255,255,255,255,255,255,255,255,255,255,255,255,255,255,255,255,255,255,255,255,255,255,255,255,255,255,255,255,255,255,255,255,255,255,255,255,255,255,255,255,255,255,255,255,255,255,255,255,255,255,255,255,255,255,255,255,255,255,255,255,255,255,255,255,255,255,255,255,255,255,255,255,255,255,255,255,255,255,255,255,255,255,255,255,255,255,255,255,255,255,255,255,255,255,255,255,255,255,255,255,255,255,255,255,255
255,255,255,255,255,255,255,255,255,255,255,255,255,255,255,255,255,255,255,255,255,255,255,255,255,255,255,255,255,255,255,255,255,255,255,255,255,255,255,255,255,255,255,255,255,255,255,255,255,255,255,255,255,255,255,255,255,255,255,255,255,255,255,255,255,255,255,255,255,255,255,255,255,255,255,255,255,255,255,255,255,255,255,255,255,255,255,255,255,255,255,255,255,255,255,255,255,255,255,255,255,255,255,255,255,255,255,255,255,255,255,255,255,255,255,255,255,255,255,255,255,255,255,255,255,255,255,255,255,255,255,255,255,255,255,255,255,255,255,255,255,255,255,255,255,255,255,255,255,255,255,255,255,255,255,255,255,255,255,255,255,255,255,255,255,255,255,255,255,255,255,255,255,255,255,255,255,255,255,255,255,255,255,255,255,255,255,255,255,255,255,255,255,255,255,255,255,255,255,255,255,255,255,255,255,255,255,255,255,255,255,255,255,255,255,255,255,255,255,255,255,255,255,255,255,255,255,255,255,255,255,255,255,255,255,255,255,255,255,255,255,255,255,255,255,255,255,255,255,255,255,255,255,255,255,255,255,255,255,255,255,255,255,255,255,255,255,255,255,255,255,255,255,255,255,255,255,255,255,255,255,255,255,255,255,255,255,255,253,253,253,254,254,254,255,255,255,255,255,255,255,255,255,255,255,255,252,252,252,255,255,255,254,254,254,255,255,255,255,255,255,255,255,255,255,255,255,255,255,255,247,247,247,248,248,248,253,253,253,253,253,253,254,254,254,219,219,219,147,147,147,110,110,110,88,88,88,78,78,78,141,141,141,190,190,190,195,195,195,155,155,155,133,133,133,161,161,161,175,175,175,180,180,180,175,175,173,142,142,140,102,102,100,71,71,69,99,99,97,148,148,146,217,217,215,247,247,245,251,251,249,250,250,248,244,244,242,233,233,231,250,250,248,253,253,251,252,252,250,246,246,244,247,247,247,253,253,253,255,255,255,255,255,255,255,255,255,255,255,255,255,255,255,255,255,255,255,255,255,255,255,255,255,255,255,255,255,255,255,255,255,255,255,255,255,255,255,255,255,255,255,255,255,255,255,255,255,255,255,255,255,255,255,255,255,255,255,255,255,255,255,255,255,255,255,255,255,255,255,255,255,255,255,255,255,255,255,255,255,255,255,255,255,255,255,255,255,255,255,255,255,255,255,255,255,255,255,255,255,255,255,255,255,255,255,255,255,255,255,255,255,255,255,255,255,255,255,255,255,255,255,255,255,255,255,255,255,255,255,255,255,255,255,255,255,255,255,255,255,255,255,255,255,255,255,255,255,255,255,255,255,255,255,255,255,255,255,255,255,255,255,255,255,255,255,255,255,255,255,255,255,255,255,255,255,255,255,255,255,255,255,255,255,255,255,255,255,255,255,255,255,255,255,255,255,255,255,255,255,255,255,255,255,255,255,255,255,255,255,255,255,255,255,255,255,255,255,255,255,255,255,255,255,255,255,255,255,255,255,255,255,255
255,255,255,255,255,255,255,255,255,255,255,255,255,255,255,255,255,255,255,255,255,255,255,255,255,255,255,255,255,255,255,255,255,255,255,255,255,255,255,255,255,255,255,255,255,255,255,255,255,255,255,255,255,255,255,255,255,255,255,255,255,255,255,255,255,255,255,255,255,255,255,255,255,255,255,255,255,255,255,255,255,255,255,255,255,255,255,255,255,255,255,255,255,255,255,255,255,255,255,255,255,255,255,255,255,255,255,255,255,255,255,255,255,255,255,255,255,255,255,255,255,255,255,255,255,255,255,255,255,255,255,255,255,255,255,255,255,255,255,255,255,255,255,255,255,255,255,255,255,255,255,255,255,255,255,255,255,255,255,255,255,255,255,255,255,255,255,255,255,255,255,255,255,255,255,255,255,255,255,255,255,255,255,255,255,255,255,255,255,255,255,255,255,255,255,255,255,255,255,255,255,255,255,255,255,255,255,255,255,255,255,255,255,255,255,255,255,255,255,255,255,255,255,255,255,255,255,255,255,255,255,255,255,255,255,255,255,255,255,255,255,255,255,255,255,255,255,255,255,255,255,255,255,255,255,255,255,255,255,255,255,255,255,255,255,255,255,255,255,255,255,255,255,255,255,255,255,255,255,255,255,255,255,255,255,255,255,255,255,255,255,255,255,255,253,253,253,248,248,248,248,248,248,250,250,250,250,250,250,255,255,255,255,255,255,254,254,254,255,255,255,250,250,250,252,252,252,250,250,250,237,237,237,250,250,250,243,243,243,237,237,237,216,216,216,169,169,169,104,104,104,104,104,104,110,110,110,118,118,118,162,162,162,192,192,192,190,190,190,166,166,166,150,150,150,152,152,152,165,165,165,172,172,172,170,170,168,117,117,115,60,60,58,57,57,55,137,137,135,233,233,231,246,246,244,248,248,246,253,253,251,251,251,249,249,249,247,246,246,244,254,254,252,254,254,252,254,254,252,253,253,251,252,252,252,255,255,255,255,255,255,254,254,254,255,255,255,254,254,254,254,254,254,255,255,255,255,255,255,255,255,255,255,255,255,255,255,255,255,255,255,255,255,255,255,255,255,255,255,255,255,255,255,255,255,255,255,255,255,255,255,255,255,255,255,255,255,255,255,255,255,255,255,255,255,255,255,255,255,255,255,255,255,255,255,255,255,255,255,255,255,255,255,255,255,255,255,255,255,255,255,255,255,255,255,255,255,255,255,255,255,255,255,255,255,255,255,255,255,255,255,255,255,255,255,255,255,255,255,255,255,255,255,255,255,255,255,255,255,255,255,255,255,255,255,255,255,255,255,255,255,255,255,255,255,255,255,255,255,255,255,255,255,255,255,255,255,255,255,255,255,255,255,255,255,255,255,255,255,255,255,255,255,255,255,255,255,255,255,255,255,255,255,255,255,255,255,255,255,255,255,255,255,255,255,255,255,255,255,255,255,255,255,255,255,255,255,255,255,255,255,255,255,255,255,255,255,255,255,255,255,255,255,255,255,255,255,255,255,255,255,255
255,255,255,255,255,255,255,255,255,255,255,255,255,255,255,255,255,255,255,255,255,255,255,255,255,255,255,255,255,255,255,255,255,255,255,255,255,255,255,255,255,255,255,255,255,255,255,255,255,255,255,255,255,255,255,255,255,255,255,255,255,255,255,255,255,255,255,255,255,255,255,255,255,255,255,255,255,255,255,255,255,255,255,255,255,255,255,255,255,255,255,255,255,255,255,255,255,255,255,255,255,255,255,255,255,255,255,255,255,255,255,255,255,255,255,255,255,255,255,255,255,255,255,255,255,255,255,255,255,255,255,255,255,255,255,255,255,255,255,255,255,255,255,255,255,255,255,255,255,255,255,255,255,255,255,255,255,255,255,255,255,255,255,255,255,255,255,255,255,255,255,255,255,255,255,255,255,255,255,255,255,255,255,255,255,255,255,255,255,255,255,255,255,255,255,255,255,255,255,255,255,255,255,255,255,255,255,255,255,255,255,255,255,255,255,255,255,255,255,255,255,255,255,255,255,255,255,255,255,255,255,255,255,255,255,255,255,255,255,255,255,255,255,255,255,255,255,255,255,255,255,255,255,255,255,255,255,255,255,255,255,255,255,255,255,255,255,255,255,255,255,255,255,255,255,255,255,255,255,255,255,255,255,255,255,255,255,255,255,255,255,252,252,252,244,244,244,235,235,235,234,234,234,240,240,240,244,244,244,247,247,247,250,250,250,255,255,255,249,249,249,240,240,240,251,251,251,236,236,236,204,204,204,236,236,236,236,236,236,190,190,190,119,119,119,94,94,94,124,124,124,172,172,172,170,170,170,114,114,114,134,134,134,150,150,150,129,129,129,114,114,114,92,92,92,55,55,55,35,35,35,24,24,24,57,57,55,99,99,97,147,147,145,183,183,181,219,219,217,254,254,252,254,254,252,255,255,253,255,255,253,253,253,251,253,253,251,255,255,253,255,255,253,255,255,253,255,255,253,255,255,253,255,255,255,255,255,255,255,255,255,255,255,255,255,255,255,254,254,254,254,254,254,255,255,255,255,255,255,255,255,255,255,255,255,255,255,255,255,255,255,255,255,255,255,255,255,255,255,255,255,255,255,255,255,255,255,255,255,255,255,255,255,255,255,255,255,255,255,255,255,255,255,255,255,255,255,255,255,255,255,255,255,255,255,255,255,255,255,255,255,255,255,255,255,255,255,255,255,255,255,255,255,255,255,255,255,255,255,255,255,255,255,255,255,255,255,255,255,255,255,255,255,255,255,255,255,255,255,255,255,255,255,255,255,255,255,255,255,255,255,255,255,255,255,255,255,255,255,255,255,255,255,255,255,255,255,255,255,255,255,255,255,255,255,255,255,255,255,255,255,255,255,255,255,255,255,255,255,255,255,255,255,255,255,255,255,255,255,255,255,255,255,255,255,255,255,255,255,255,255,255,255,255,255,255,255,255,255,255,255,255,255,255,255,255,255,255,255,255,255,255,255,255,255,255,255,255,255,255,255,255,255,255,255,255,255,255,255,255,255,255
255,255,255,255,255,255,255,255,255,255,255,255,255,255,255,255,255,255,255,255,255,255,255,255,255,255,255,255,255,255,255,255,255,255,255,255,255,255,255,255,255,255,255,255,255,255,255,255,255,255,255,255,255,255,255,255,255,255,255,255,255,255,255,255,255,255,255,255,255,255,255,255,255,255,255,255,255,255,255,255,255,255,255,255,255,255,255,255,255,255,255,255,255,255,255,255,255,255,255,255,255,255,255,255,255,255,255,255,255,255,255,255,255,255,255,255,255,255,255,255,255,255,255,255,255,255,255,255,255,255,255,255,255,255,255,255,255,255,255,255,255,255,255,255,255,255,255,255,255,255,255,255,255,255,255,255,255,255,255,255,255,255,255,255,255,255,255,255,255,255,255,255,255,255,255,255,255,255,255,255,255,255,255,255,255,255,255,255,255,255,255,255,255,255,255,255,255,255,255,255,255,255,255,255,255,255,255,255,255,255,255,255,255,255,255,255,255,255,255,255,255,255,255,255,255,255,255,255,255,255,255,255,255,255,255,255,255,255,255,255,255,255,255,255,255,255,255,255,255,255,255,255,255,255,255,255,255,255,255,255,255,255,255,255,255,255,255,255,255,255,255,255,255,255,255,255,255,255,255,255,255,255,255,255,255,255,255,255,255,255,255,252,252,252,246,246,246,243,243,243,243,243,243,245,245,245,249,249,249,249,249,249,255,255,255,250,250,250,244,244,244,241,241,241,248,248,248,246,246,246,229,229,229,207,207,207,180,180,180,154,154,154,116,116,116,106,106,106,141,141,141,171,171,171,164,164,164,87,87,87,92,92,92,96,96,96,67,67,67,98,98,98,116,116,116,85,85,85,42,42,42,13,13,13,47,47,47,114,114,114,185,185,185,226,226,226,244,244,244,250,250,250,255,255,255,255,255,255,255,255,255,254,254,254,255,255,255,255,255,255,254,254,254,255,255,255,255,255,255,255,255,255,255,255,255,255,255,255,254,254,254,255,255,255,255,255,255,254,254,254,254,254,254,255,255,255,255,255,255,255,255,255,255,255,255,255,255,255,255,255,255,255,255,255,255,255,255,255,255,255,255,255,255,255,255,255,255,255,255,255,255,255,255,255,255,255,255,255,255,255,255,255,255,255,255,255,255,255,255,255,255,255,255,255,255,255,255,255,255,255,255,255,255,255,255,255,255,255,255,255,255,255,255,255,255,255,255,255,255,255,255,255,255,255,255,255,255,255,255,255,255,255,255,255,255,255,255,255,255,255,255,255,255,255,255,255,255,255,255,255,255,255,255,255,255,255,255,255,255,255,255,255,255,255,255,255,255,255,255,255,255,255,255,255,255,255,255,255,255,255,255,255,255,255,255,255,255,255,255,255,255,255,255,255,255,255,255,255,255,255,255,255,255,255,255,255,255,255,255,255,255,255,255,255,255,255,255,255,255,255,255,255,255,255,255,255,255,255,255,255,255,255,255,255,255,255,255,255,255,255,255,255,255,255,255,255,255,255,255,255,255,255
255,255,255,255,255,255,255,255,255,255,255,255,255,255,255,255,255,255,255,255,255,255,255,255,255,255,255,255,255,255,255,255,255,255,255,255,255,255,255,255,255,255,255,255,255,255,255,255,255,255,255,255,255,255,255,255,255,255,255,255,255,255,255,255,255,255,255,255,255,255,255,255,255,255,255,255,255,255,255,255,255,255,255,255,255,255,255,255,255,255,255,255,255,255,255,255,255,255,255,255,255,255,255,255,255,255,255,255,255,255,255,255,255,255,255,255,255,255,255,255,255,255,255,255,255,255,255,255,255,255,255,255,255,255,255,255,255,255,255,255,255,255,255,255,255,255,255,255,255,255,255,255,255,255,255,255,255,255,255,255,255,255,255,255,255,255,255,255,255,255,255,255,255,255,255,255,255,255,255,255,255,255,255,255,255,255,255,255,255,255,255,255,255,255,255,255,255,255,255,255,255,255,255,255,255,255,255,255,255,255,255,255,255,255,255,255,255,255,255,255,255,255,255,255,255,255,255,255,255,255,255,255,255,255,255,255,255,255,255,255,255,255,255,255,255,255,255,255,255,255,255,255,255,255,255,255,255,255,255,255,255,255,255,255,255,255,255,255,255,255,255,255,255,255,255,255,255,255,255,255,255,255,255,255,255,255,255,255,254,254,254,247,247,247,245,245,245,251,251,251,251,251,251,248,248,248,251,251,251,253,253,253,249,249,249,245,245,245,244,244,244,241,241,241,247,247,247,247,247,247,242,242,242,172,172,172,128,128,128,109,109,109,112,112,112,124,124,124,133,133,133,140,140,140,121,121,121,57,57,57,72,72,72,73,73,73,40,40,40,103,103,103,152,152,152,127,127,127,66,66,66,25,25,25,67,67,67,145,145,145,215,215,215,246,246,246,255,255,255,253,253,253,253,253,253,254,254,254,255,255,255,255,255,255,255,255,255,255,255,255,254,254,254,255,255,255,255,255,255,254,254,254,254,254,254,255,255,255,254,254,254,255,255,255,255,255,255,255,255,255,254,254,254,255,255,255,255,255,255,255,255,255,255,255,255,255,255,255,255,255,255,255,255,255,255,255,255,255,255,255,255,255,255,255,255,255,255,255,255,255,255,255,255,255,255,255,255,255,255,255,255,255,255,255,255,255,255,255,255,255,255,255,255,255,255,255,255,255,255,255,255,255,255,255,255,255,255,255,255,255,255,255,255,255,255,255,255,255,255,255,255,255,255,255,255,255,255,255,255,255,255,255,255,255,255,255,255,255,255,255,255,255,255,255,255,255,255,255,255,255,255,255,255,255,255,255,255,255,255,255,255,255,255,255,255,255,255,255,255,255,255,255,255,255,255,255,255,255,255,255,255,255,255,255,255,255,255,255,255,255,255,255,255,255,255,255,255,255,255,255,255,255,255,255,255,255,255,255,255,255,255,255,255,255,255,255,255,255,255,255,255,255,255,255,255,255,255,255,255,255,255,255,255,255,255,255,255,255,255,255,255,255,255,255,255,255,255,255,255,255,255,255
255,255,255,255,255,255,255,255,255,255,255,255,255,255,255,255,255,255,255,255,255,255,255,255,255,255,255,255,255,255,255,255,255,255,255,255,255,255,255,255,255,255,255,255,255,255,255,255,255,255,255,255,255,255,255,255,255,255,255,255,255,255,255,255,255,255,255,255,255,255,255,255,255,255,255,255,255,255,255,255,255,255,255,255,255,255,255,255,255,255,255,255,255,255,255,255,255,255,255,255,255,255,255,255,255,255,255,255,255,255,255,255,255,255,255,255,255,255,255,255,255,255,255,255,255,255,255,255,255,255,255,255,255,255,255,255,255,255,255,255,255,255,255,255,255,255,255,255,255,255,255,255,255,255,255,255,255,255,255,255,255,255,255,255,255,255,255,255,255,255,255,255,255,255,255,255,255,255,255,255,255,255,255,255,255,255,255,255,255,255,255,255,255,255,255,255,255,255,255,255,255,255,255,255,255,255,255,255,255,255,255,255,255,255,255,255,255,255,255,255,255,255,255,255,255,255,255,255,255,255,255,255,255,255,255,255,255,255,255,255,255,255,255,255,255,255,255,255,255,255,255,255,255,255,255,255,255,255,255,255,255,255,255,255,255,255,255,255,255,255,255,255,255,255,255,255,255,255,255,255,255,255,255,255,255,255,255,255,255,255,255,251,251,251,249,249,249,253,253,253,251,251,251,248,248,248,254,254,254,255,255,255,254,254,254,238,238,238,241,241,241,251,251,251,253,253,253,238,238,238,202,202,202,125,125,125,79,79,79,64,64,64,68,68,68,70,70,70,56,56,56,60,60,60,56,56,56,39,39,39,96,96,96,121,121,121,94,94,94,142,142,142,174,174,174,142,142,142,87,87,87,62,62,62,120,120,120,190,190,190,246,246,246,254,254,254,250,250,250,247,247,247,250,250,250,255,255,255,255,255,255,255,255,255,255,255,255,254,254,254,255,255,255,255,255,255,255,255,255,255,255,255,254,254,254,255,255,255,255,255,255,254,254,254,255,255,255,255,255,255,254,254,254,255,255,255,255,255,255,255,255,255,255,255,255,255,255,255,255,255,255,255,255,255,255,255,255,255,255,255,255,255,255,255,255,255,255,255,255,255,255,255,255,255,255,255,255,255,255,255,255,255,255,255,255,255,255,255,255,255,255,255,255,255,255,255,255,255,255,255,255,255,255,255,255,255,255,255,255,255,255,255,255,255,255,255,255,255,255,255,255,255,255,255,255,255,255,255,255,255,255,255,255,255,255,255,255,255,255,255,255,255,255,255,255,255,255,255,255,255,255,255,255,255,255,255,255,255,255,255,255,255,255,255,255,255,255,255,255,255,255,255,255,255,255,255,255,255,255,255,255,255,255,255,255,255,255,255,255,255,255,255,255,255,255,255,255,255,255,255,255,255,255,255,255,255,255,255,255,255,255,255,255,255,255,255,255,255,255,255,255,255,255,255,255,255,255,255,255,255,255,255,255,255,255,255,255,255,255,255,255,255,255,255,255,255,255,255,255,255,255,255
255,255,255,255,255,255,255,255,255,255,255,255,255,255,255,255,255,255,255,255,255,255,255,255,255,255,255,255,255,255,255,255,255,255,255,255,255,255,255,255,255,255,255,255,255,255,255,255,255,255,255,255,255,255,255,255,255,255,255,255,255,255,255,255,255,255,255,255,255,255,255,255,255,255,255,255,255,255,255,255,255,255,255,255,255,255,255,255,255,255,255,255,255,255,255,255,255,255,255,255,255,255,255,255,255,255,255,255,255,255,255,255,255,255,255,255,255,255,255,255,255,255,255,255,255,255,255,255,255,255,255,255,255,255,255,255,255,255,255,255,255,255,255,255,255,255,255,255,255,255,255,255,255,255,255,255,255,255,255,255,255,255,255,255,255,255,255,255,255,255,255,255,255,255,255,255,255,255,255,255,255,255,255,255,255,255,255,255,255,255,255,255,255,255,255,255,255,255,255,255,255,255,255,255,255,255,255,255,255,255,255,255,255,255,255,255,255,255,255,255,255,255,255,255,255,255,255,255,255,255,255,255,255,255,255,255,255,255,255,255,255,255,255,255,255,255,255,255,255,255,255,255,255,255,255,255,255,255,255,255,255,255,255,255,255,255,255,255,255,255,255,255,255,255,255,255,255,255,255,255,255,255,255,255,255,255,255,255,254,254,254,255,255,255,252,252,252,250,250,250,245,245,245,245,245,245,251,251,251,247,247,247,242,242,242,240,240,240,243,243,243,250,250,250,241,241,241,200,200,200,135,135,135,130,130,130,130,130,130,133,133,133,125,125,125,100,100,100,64,64,64,38,38,38,22,22,22,20,20,20,97,97,97,151,151,151,129,129,129,145,145,145,150,150,150,124,124,124,109,109,109,122,122,122,180,180,180,222,222,222,253,253,253,249,249,249,247,247,247,248,248,248,255,255,255,253,253,253,255,255,255,255,255,255,255,255,255,254,254,254,255,255,255,254,254,254,255,255,255,255,255,255,254,254,254,255,255,255,255,255,255,254,254,254,255,255,255,255,255,255,254,254,254,255,255,255,255,255,255,255,255,255,255,255,255,255,255,255,255,255,255,255,255,255,255,255,255,255,255,255,255,255,255,255,255,255,255,255,255,255,255,255,255,255,255,255,255,255,255,255,255,255,255,255,255,255,255,255,255,255,255,255,255,255,255,255,255,255,255,255,255,255,255,255,255,255,255,255,255,255,255,255,255,255,255,255,255,255,255,255,255,255,255,255,255,255,255,255,255,255,255,255,255,255,255,255,255,255,255,255,255,255,255,255,255,255,255,255,255,255,255,255,255,255,255,255,255,255,255,255,255,255,255,255,255,255,255,255,255,255,255,255,255,255,255,255,255,255,255,255,255,255,255,255,255,255,255,255,255,255,255,255,255,255,255,255,255,255,255,255,255,255,255,255,255,255,255,255,255,255,255,255,255,255,255,255,255,255,255,255,255,255,255,255,255,255,255,255,255,255,255,255,255,255,255,255,255,255,255,255,255,255,255,255,255,255,255,255,255,255,255,255
255,255,255,255,255,255,255,255,255,255,255,255,255,255,255,255,255,255,255,255,255,255,255,255,255,255,255,255,255,255,255,255,255,255,255,255,255,255,255,255,255,255,255,255,255,255,255,255,255,255,255,255,255,255,255,255,255,255,255,255,255,255,255,255,255,255,255,255,255,255,255,255,255,255,255,255,255,255,255,255,255,255,255,255,255,255,255,255,255,255,255,255,255,255,255,255,255,255,255,255,255,255,255,255,255,255,255,255,255,255,255,255,255,255,255,255,255,255,255,255,255,255,255,255,255,255,255,255,255,254,254,254,254,254,254,255,255,255,255,255,255,255,255,255,255,255,255,255,255,255,255,255,255,255,255,255,255,255,255,255,255,255,255,255,255,255,255,255,255,255,255,255,255,255,255,255,255,255,255,255,255,255,255,255,255,255,255,255,255,255,255,255,255,255,255,255,255,255,255,255,255,255,255,255,255,255,255,255,255,255,255,255,255,255,255,255,255,255,255,255,255,255,255,255,255,255,255,255,255,255,255,255,255,255,255,255,255,255,255,255,255,255,255,255,255,255,255,255,255,255,255,255,255,255,255,255,255,255,255,255,255,255,255,255,254,254,254,254,254,254,255,255,255,255,255,255,255,255,255,255,255,255,255,255,255,255,255,255,254,254,254,255,255,255,250,250,250,247,247,247,245,245,245,244,244,244,245,245,245,243,243,243,237,237,237,242,242,242,249,249,249,244,244,244,218,218,218,157,157,157,61,61,61,144,144,144,192,192,192,212,212,212,182,182,182,143,143,143,91,91,91,40,40,40,18,18,18,27,27,27,103,103,103,157,157,157,140,140,140,123,123,123,113,113,113,112,112,112,137,137,137,181,181,181,232,232,232,246,246,246,248,248,248,241,241,241,246,246,246,255,255,255,255,255,255,254,254,254,255,255,255,255,255,255,255,255,255,255,255,255,255,255,255,255,255,255,255,255,255,255,255,255,255,255,255,255,255,255,255,255,255,255,255,255,255,255,255,255,255,255,255,255,255,255,255,255,255,255,255,255,255,255,255,255,255,255,255,255,255,255,255,255,255,255,255,255,255,255,255,255,255,255,255,255,255,255,255,255,255,255,255,255,255,255,255,255,255,255,255,255,255,255,255,255,255,255,255,255,255,255,255,255,255,255,255,255,255,255,255,255,255,255,255,255,255,255,255,255,255,255,255,255,255,255,255,255,255,255,255,255,255,255,255,255,255,255,255,255,255,255,255,255,255,255,255,255,255,255,255,255,255,255,255,255,255,255,255,255,255,255,255,255,255,255,255,255,255,255,255,255,255,255,255,255,255,255,255,255,255,255,255,255,255,255,255,255,255,255,255,255,255,255,255,255,255,255,255,255,255,255,255,255,255,255,255,255,255,255,255,255,255,255,255,255,255,255,255,255,255,255,255,255,255,255,255,255,255,255,255,255,255,255,255,255,255,255,255,255,255,255,255,255,255,255,255,255,255,255,255,255,255,255,255,255,255,255,255,255,255,255,255,255
255,255,255,255,255,255,255,255,255,255,255,255,255,255,255,255,255,255,255,255,255,255,255,255,255,255,255,255,255,255,255,255,255,255,255,255,255,255,255,255,255,255,255,255,255,255,255,255,255,255,255,255,255,255,255,255,255,255,255,255,255,255,255,255,255,255,255,255,255,255,255,255,255,255,255,255,255,255,255,255,255,255,255,255,255,255,255,255,255,255,255,255,255,255,255,255,254,254,254,255,255,255,255,255,255,255,255,255,255,255,255,255,255,255,255,255,255,255,255,255,255,255,255,255,255,255,255,255,255,255,255,255,255,255,255,255,255,255,255,255,255,255,255,255,255,255,255,255,255,255,255,255,255,255,255,255,255,255,255,255,255,255,255,255,255,255,255,255,255,255,255,255,255,255,255,255,255,255,255,255,255,255,255,255,255,255,255,255,255,255,255,255,255,255,255,255,255,255,255,255,255,255,255,255,255,255,255,255,255,255,254,254,254,254,254,254,255,255,255,255,255,255,255,255,255,255,255,255,255,255,255,255,255,255,255,255,255,255,255,255,255,255,255,255,255,255,255,255,255,255,255,255,255,255,255,255,255,255,255,255,255,255,255,255,255,255,255,255,255,255,255,255,255,255,255,255,255,255,255,255,255,255,255,255,255,255,255,255,255,255,255,255,255,255,246,246,246,242,242,242,248,248,248,253,253,253,242,242,242,236,236,236,241,241,241,248,248,248,233,233,233,206,206,206,170,170,170,102,102,102,16,16,16,133,133,133,195,195,195,203,203,203,175,175,175,146,146,146,102,102,102,83,83,83,83,83,83,112,112,112,151,151,151,151,151,151,64,64,64,62,62,62,83,83,83,123,123,123,189,189,189,235,235,235,249,249,249,249,249,249,241,241,241,238,238,238,245,245,245,253,253,253,255,255,255,255,255,255,255,255,255,255,255,255,255,255,255,255,255,255,255,255,255,255,255,255,255,255,255,255,255,255,255,255,255,255,255,255,255,255,255,255,255,255,255,255,255,255,255,255,255,255,255,255,255,255,255,255,255,255,255,255,255,255,255,255,255,255,255,255,255,255,255,255,255,255,255,255,255,255,255,255,255,255,255,255,255,255,255,255,255,255,255,255,255,255,255,255,255,255,255,255,255,255,255,255,255,255,255,255,255,255,255,255,255,255,255,255,255,255,255,255,255,255,255,255,255,255,255,255,255,255,255,255,255,255,255,255,255,255,255,255,255,255,255,255,255,255,255,255,255,255,255,255,255,255,255,255,255,255,255,255,255,255,255,255,255,255,255,255,255,255,255,255,255,255,255,255,255,255,255,255,255,255,255,255,255,255,255,255,255,255,255,255,255,255,255,255,255,255,255,255,255,255,255,255,255,255,255,255,255,255,255,255,255,255,255,255,255,255,255,255,255,255,255,255,255,255,255,255,255,255,255,255,255,255,255,255,255,255,255,255,255,255,255,255,255,255,255,255,255,255,255,255,255,255,255,255,255,255,255,255,255,255,255,255,255,255,255,255,255,255
255,255,255,255,255,255,255,255,255,255,255,255,255,255,255,255,255,255,255,255,255,255,255,255,255,255,255,255,255,255,255,255,255,255,255,255,255,255,255,255,255,255,255,255,255,255,255,255,255,255,255,255,255,255,255,255,255,255,255,255,255,255,255,255,255,255,255,255,255,255,255,255,255,255,255,255,255,255,255,255,255,255,255,255,255,255,255,255,255,255,255,255,255,255,255,255,255,255,255,255,255,255,255,255,255,255,255,255,255,255,255,255,255,255,255,255,255,255,255,255,254,254,254,254,254,254,255,255,255,255,255,255,255,255,255,255,255,255,254,254,254,254,254,254,255,255,255,255,255,255,255,255,255,255,255,255,255,255,255,255,255,255,255,255,255,255,255,255,255,255,255,255,255,255,255,255,255,255,255,255,255,255,255,255,255,255,255,255,255,254,254,254,255,255,255,255,255,255,255,255,255,255,255,255,255,255,255,255,255,255,255,255,255,255,255,255,255,255,255,255,255,255,255,255,255,255,255,255,255,255,255,255,255,255,255,255,255,255,255,255,255,255,255,255,255,255,255,255,255,255,255,255,255,255,255,255,255,255,255,255,255,255,255,255,254,254,254,254,254,254,254,254,254,254,254,254,254,254,254,254,254,254,254,254,254,254,254,254,255,255,255,248,248,248,245,245,245,246,246,246,248,248,248,254,254,254,247,247,247,249,249,249,241,241,241,228,228,228,194,194,194,139,139,139,125,125,125,93,93,93,59,59,59,140,140,140,162,162,162,133,133,133,107,107,107,82,82,82,65,65,65,88,88,88,115,115,115,151,151,151,135,135,135,96,96,96,59,59,59,68,68,68,97,97,97,170,170,170,223,223,223,254,254,254,246,246,246,239,239,239,233,233,233,244,244,244,251,251,251,250,250,250,253,253,253,254,254,254,255,255,255,255,255,255,255,255,255,255,255,255,255,255,255,255,255,255,255,255,255,255,255,255,255,255,255,255,255,255,255,255,255,255,255,255,255,255,255,255,255,255,255,255,255,255,255,255,255,255,255,255,255,255,255,255,255,255,255,255,255,255,255,255,255,255,255,255,255,255,255,255,255,255,255,255,255,255,255,255,255,255,255,255,255,255,255,255,255,255,255,255,255,255,255,255,255,255,255,255,255,255,255,255,255,255,255,255,255,255,255,255,255,255,255,255,255,255,255,255,255,255,255,255,255,255,255,255,255,255,255,255,255,255,255,255,255,255,255,255,255,255,255,255,255,255,255,255,255,255,255,255,255,255,255,255,255,255,255,255,255,255,255,255,255,255,255,255,255,255,255,255,255,255,255,255,255,255,255,255,255,255,255,255,255,255,255,255,255,255,255,255,255,255,255,255,255,255,255,255,255,255,255,255,255,255,255,255,255,255,255,255,255,255,255,255,255,255,255,255,255,255,255,255,255,255,255,255,255,255,255,255,255,255,255,255,255,255,255,255,255,255,255,255,255,255,255,255,255,255,255,255,255,255,255,255,255,255,255,255,255,255,255,255
255,255,255,255,255,255,255,255,255,255,255,255,255,255,255,255,255,255,255,255,255,255,255,255,255,255,255,255,255,255,255,255,255,255,255,255,255,255,255,255,255,255,255,255,255,255,255,255,255,255,255,255,255,255,255,255,255,255,255,255,255,255,255,255,255,255,255,255,255,255,255,255,255,255,255,255,255,255,255,255,255,255,255,255,255,255,255,255,255,255,255,255,255,255,255,255,255,255,255,255,255,255,255,255,255,255,255,255,255,255,255,255,255,255,255,255,255,254,254,254,255,255,255,255,255,255,255,255,255,255,255,255,255,255,255,255,255,255,255,255,255,255,255,255,255,255,255,255,255,255,255,255,255,255,255,255,255,255,255,255,255,255,255,255,255,255,255,255,255,255,255,255,255,255,255,255,255,255,255,255,255,255,255,255,255,255,255,255,255,254,254,254,255,255,255,255,255,255,254,254,254,254,254,254,254,254,254,255,255,255,255,255,255,255,255,255,255,255,255,255,255,255,255,255,255,255,255,255,255,255,255,255,255,255,255,255,255,255,255,255,255,255,255,255,255,255,255,255,255,255,255,255,255,255,255,255,255,255,255,255,255,255,255,255,255,255,255,255,255,255,255,255,255,255,255,255,255,255,255,255,255,255,255,255,255,255,255,255,255,255,255,252,252,252,249,249,249,244,244,244,250,250,250,255,255,255,255,255,255,251,251,251,245,245,245,195,195,195,137,137,137,63,63,63,76,76,76,101,101,101,133,133,133,151,151,151,123,123,123,46,46,46,17,17,17,4,4,4,11,11,11,68,68,68,122,122,122,166,166,166,87,87,87,46,46,46,87,87,87,110,110,110,158,158,158,221,221,221,242,242,242,248,248,248,240,240,240,234,234,234,234,234,234,248,248,248,251,251,251,244,244,244,251,251,251,255,255,255,255,255,255,255,255,255,255,255,255,255,255,255,255,255,255,255,255,255,255,255,255,255,255,255,255,255,255,255,255,255,255,255,255,255,255,255,255,255,255,255,255,255,255,255,255,255,255,255,255,255,255,255,255,255,255,255,255,255,255,255,255,255,255,255,255,255,255,255,255,255,255,255,255,255,255,255,255,255,255,255,255,255,255,255,255,255,255,255,255,255,255,255,255,255,255,255,255,255,255,255,255,255,255,255,255,255,255,255,255,255,255,255,255,255,255,255,255,255,255,255,255,255,255,255,255,255,255,255,255,255,255,255,255,255,255,255,255,255,255,255,255,255,255,255,255,255,255,255,255,255,255,255,255,255,255,255,255,255,255,255,255,255,255,255,255,255,255,255,255,255,255,255,255,255,255,255,255,255,255,255,255,255,255,255,255,255,255,255,255,255,255,255,255,255,255,255,255,255,255,255,255,255,255,255,255,255,255,255,255,255,255,255,255,255,255,255,255,255,255,255,255,255,255,255,255,255,255,255,255,255,255,255,255,255,255,255,255,255,255,255,255,255,255,255,255,255,255,255,255,255,255,255,255,255,255,255,255,255,255,255,255,255,255,255
255,255,255,255,255,255,255,255,255,255,255,255,255,255,255,255,255,255,255,255,255,255,255,255,255,255,255,255,255,255,255,255,255,255,255,255,255,255,255,255,255,255,255,255,255,255,255,255,255,255,255,255,255,255,255,255,255,255,255,255,255,255,255,255,255,255,255,255,255,255,255,255,255,255,255,255,255,255,255,255,255,255,255,255,255,255,255,255,255,255,255,255,255,255,255,255,255,255,255,255,255,255,255,255,255,255,255,255,255,255,255,255,255,255,255,255,255,255,255,255,255,255,255,255,255,255,255,255,255,255,255,255,255,255,255,255,255,255,255,255,255,255,255,255,255,255,255,255,255,255,255,255,255,255,255,255,255,255,255,255,255,255,255,255,255,255,255,255,255,255,255,255,255,255,254,254,254,254,254,254,255,255,255,255,255,255,255,255,255,255,255,255,255,255,255,255,255,255,255,255,255,254,254,254,254,254,254,255,255,255,255,255,255,255,255,255,255,255,255,255,255,255,255,255,255,255,255,255,255,255,255,255,255,255,255,255,255,255,255,255,255,255,255,255,255,255,255,255,255,255,255,255,255,255,255,255,255,255,255,255,255,255,255,255,255,255,255,255,255,255,255,255,255,255,255,255,255,255,255,255,255,255,255,255,255,255,255,255,251,251,251,255,255,255,250,250,250,243,243,243,253,253,253,253,253,253,255,255,255,239,239,239,211,211,211,129,129,129,71,71,71,40,40,40,73,73,73,111,111,111,156,156,156,145,145,145,96,96,96,18,18,18,16,16,16,26,26,26,41,41,41,95,95,95,127,127,127,142,142,142,68,68,68,56,56,56,170,170,170,202,202,202,221,221,221,241,241,241,246,246,246,244,244,244,241,241,241,245,245,245,247,247,247,250,250,250,245,245,245,243,243,243,251,251,251,255,255,255,255,255,255,255,255,255,255,255,255,255,255,255,255,255,255,255,255,255,255,255,255,255,255,255,255,255,255,255,255,255,255,255,255,255,255,255,255,255,255,255,255,255,255,255,255,255,255,255,255,255,255,255,255,255,255,255,255,255,255,255,255,255,255,255,255,255,255,255,255,255,255,255,255,255,255,255,255,255,255,255,255,255,255,255,255,255,255,255,255,255,255,255,255,255,255,255,255,255,255,255,255,255,255,255,255,255,255,255,255,255,255,255,255,255,255,255,255,255,255,255,255,255,255,255,255,255,255,255,255,255,255,255,255,255,255,255,255,255,255,255,255,255,255,255,255,255,255,255,255,255,255,255,255,255,255,255,255,255,255,255,255,255,255,255,255,255,255,255,255,255,255,255,255,255,255,255,255,255,255,255,255,255,255,255,255,255,255,255,255,255,255,255,255,255,255,255,255,255,255,255,255,255,255,255,255,255,255,255,255,255,255,255,255,255,255,255,255,255,255,255,255,255,255,255,255,255,255,255,255,255,255,255,255,255,255,255,255,255,255,255,255,255,255,255,255,255,255,255,255,255,255,255,255,255,255,255,255,255,255,255,255,255,255,255
255,255,255,255,255,255,255,255,255,255,255,255,255,255,255,255,255,255,255,255,255,255,255,255,255,255,255,255,255,255,255,255,255,255,255,255,255,255,255,255,255,255,255,255,255,255,255,255,255,255,255,255,255,255,255,255,255,255,255,255,255,255,255,255,255,255,255,255,255,255,255,255,255,255,255,255,255,255,255,255,255,255,255,255,255,255,255,255,255,255,255,255,255,255,255,255,255,255,255,255,255,255,255,255,255,255,255,255,255,255,255,255,255,255,255,255,255,255,255,255,254,254,254,254,254,254,255,255,255,255,255,255,255,255,255,255,255,255,254,254,254,254,254,254,255,255,255,255,255,255,255,255,255,255,255,255,255,255,255,255,255,255,255,255,255,255,255,255,255,255,255,255,255,255,255,255,255,255,255,255,255,255,255,255,255,255,255,255,255,255,255,255,255,255,255,255,255,255,255,255,255,255,255,255,255,255,255,255,255,255,255,255,255,254,254,254,255,255,255,255,255,255,255,255,255,255,255,255,255,255,255,255,255,255,255,255,255,255,255,255,255,255,255,255,255,255,255,255,255,255,255,255,255,255,255,255,255,255,255,255,255,255,255,255,255,255,255,255,255,255,255,255,255,254,254,254,254,254,254,254,254,254,255,255,255,255,255,255,255,255,255,251,251,251,248,248,248,246,246,246,247,247,247,252,252,252,254,254,254,211,211,211,156,156,156,78,78,78,47,47,47,38,38,38,75,75,75,134,134,134,202,202,202,164,164,164,104,104,104,10,10,10,17,17,17,32,32,32,61,61,61,83,83,83,104,104,104,111,111,111,100,100,100,126,126,126,220,220,220,244,244,244,245,245,245,241,241,241,239,239,239,237,237,237,243,243,243,252,252,252,253,253,253,242,242,242,239,239,239,248,248,248,254,254,254,252,252,252,255,255,255,255,255,255,255,255,255,255,255,255,255,255,255,255,255,255,255,255,255,255,255,255,255,255,255,255,255,255,255,255,255,255,255,255,255,255,255,255,255,255,255,255,255,255,255,255,255,255,255,255,255,255,255,255,255,255,255,255,255,255,255,255,255,255,255,255,255,255,255,255,255,255,255,255,255,255,255,255,255,255,255,255,255,255,255,255,255,255,255,255,255,255,255,255,255,255,255,255,255,255,255,255,255,255,255,255,255,255,255,255,255,255,255,255,255,255,255,255,255,255,255,255,255,255,255,255,255,255,255,255,255,255,255,255,255,255,255,255,255,255,255,255,255,255,255,255,255,255,255,255,255,255,255,255,255,255,255,255,255,255,255,255,255,255,255,255,255,255,255,255,255,255,255,255,255,255,255,255,255,255,255,255,255,255,255,255,255,255,255,255,255,255,255,255,255,255,255,255,255,255,255,255,255,255,255,255,255,255,255,255,255,255,255,255,255,255,255,255,255,255,255,255,255,255,255,255,255,255,255,255,255,255,255,255,255,255,255,255,255,255,255,255,255,255,255,255,255,255,255,255,255,255,255,255,255,255,255,255,255,255,255,255
255,255,255,255,255,255,255,255,255,255,255,255,255,255,255,255,255,255,255,255,255,255,255,255,255,255,255,255,255,255,255,255,255,255,255,255,255,255,255,255,255,255,255,255,255,255,255,255,255,255,255,255,255,255,255,255,255,255,255,255,255,255,255,255,255,255,255,255,255,255,255,255,255,255,255,255,255,255,254,254,254,254,254,254,254,254,254,254,254,254,255,255,255,255,255,255,255,255,255,255,255,255,255,255,255,255,255,255,255,255,255,255,255,255,255,255,255,255,255,255,255,255,255,255,255,255,255,255,255,254,254,254,254,254,254,255,255,255,255,255,255,255,255,255,255,255,255,255,255,255,255,255,255,255,255,255,255,255,255,254,254,254,254,254,254,254,254,254,254,254,254,255,255,255,255,255,255,255,255,255,255,255,255,254,254,254,254,254,254,254,254,254,254,254,254,255,255,255,255,255,255,253,253,253,253,253,253,255,255,255,255,255,255,254,254,254,254,254,254,254,254,254,255,255,255,255,255,255,255,255,255,255,255,255,255,255,255,255,255,255,255,255,255,255,255,255,255,255,255,255,255,255,255,255,255,255,255,255,255,255,255,255,255,255,254,254,254,254,254,254,254,254,254,254,254,254,255,255,255,255,255,255,255,255,255,255,255,255,255,255,255,246,246,246,243,243,243,248,248,248,244,244,244,252,252,252,236,236,236,179,179,179,92,92,92,34,34,34,34,34,34,71,71,71,97,97,97,156,156,156,251,251,251,194,194,194,123,123,123,29,29,29,24,24,24,43,43,43,70,70,70,58,58,58,62,62,62,82,82,82,164,164,164,226,226,226,239,239,239,248,248,248,253,253,253,232,232,232,229,229,229,229,229,229,249,249,249,254,254,254,251,251,251,235,235,235,237,237,237,253,253,253,255,255,255,255,255,255,255,255,255,255,255,255,255,255,255,255,255,255,255,255,255,255,255,255,255,255,255,255,255,255,255,255,255,255,255,255,255,255,255,255,255,255,255,255,255,255,255,255,255,255,255,255,255,255,255,255,255,255,255,255,255,255,255,255,255,255,255,255,255,255,255,255,255,255,255,255,255,255,255,255,255,255,255,255,255,255,255,255,255,255,255,255,255,255,255,255,255,255,255,255,255,255,255,255,255,255,255,255,255,255,255,255,255,255,255,255,255,255,255,255,255,255,255,255,255,255,255,255,255,255,255,255,255,255,255,255,255,255,255,255,255,255,255,255,255,255,255,255,255,255,255,255,255,255,255,255,255,255,255,255,255,255,255,255,255,255,255,255,255,255,255,255,255,255,255,255,255,255,255,255,255,255,255,255,255,255,255,255,255,255,255,255,255,255,255,255,255,255,255,255,255,255,255,255,255,255,255,255,255,255,255,255,255,255,255,255,255,255,255,255,255,255,255,255,255,255,255,255,255,255,255,255,255,255,255,255,255,255,255,255,255,255,255,255,255,255,255,255,255,255,255,255,255,255,255,255,255,255,255,255,255,255,255,255,255,255,255,255,255,255
255,255,255,255,255,255,255,255,255,255,255,255,255,255,255,255,255,255,255,255,255,255,255,255,255,255,255,255,255,255,255,255,255,255,255,255,255,255,255,255,255,255,255,255,255,255,255,255,255,255,255,255,255,255,255,255,255,255,255,255,255,255,255,255,255,255,255,255,255,255,255,255,255,255,255,254,254,254,252,252,252,251,251,251,251,251,251,252,252,252,254,254,254,255,255,255,255,255,255,255,255,255,254,254,254,253,253,253,253,253,253,252,252,252,252,252,252,252,252,252,253,253,253,251,251,251,248,248,248,246,246,246,246,246,246,248,248,248,251,251,251,253,253,253,253,253,253,253,253,253,253,253,253,253,253,253,252,252,252,252,252,252,252,252,252,252,252,252,253,253,253,254,254,254,255,255,255,255,255,255,253,253,253,251,251,251,250,250,250,250,250,250,252,252,252,252,252,252,250,250,250,248,248,248,248,248,248,252,252,252,254,254,254,254,254,254,253,253,253,254,254,254,254,254,254,255,255,255,255,255,255,255,255,255,255,255,255,255,255,255,255,255,255,255,255,255,255,255,255,255,255,255,255,255,255,255,255,255,255,255,255,255,255,255,248,248,248,248,248,248,248,248,248,249,249,249,250,250,250,251,251,251,252,252,252,253,253,253,249,249,249,241,241,241,234,234,234,246,246,246,223,223,223,177,177,177,132,132,132,119,119,119,128,128,128,146,146,146,152,152,152,161,161,161,89,89,89,108,108,108,199,199,199,123,123,123,81,81,81,81,81,81,92,92,92,74,74,74,26,26,26,32,32,32,74,74,74,151,151,151,209,209,209,244,244,244,250,250,250,255,255,255,251,251,251,249,249,249,247,247,247,246,246,246,253,253,253,254,254,254,255,255,255,245,245,245,250,250,250,255,255,255,251,251,251,255,255,255,255,255,255,255,255,255,255,255,255,255,255,255,255,255,255,255,255,255,255,255,255,255,255,255,255,255,255,255,255,255,255,255,255,255,255,255,255,255,255,255,255,255,255,255,255,255,255,255,255,255,255,255,255,255,255,255,255,255,255,255,255,255,255,255,255,255,255,255,255,255,255,255,255,255,255,255,255,255,255,255,255,255,255,255,255,255,255,255,255,255,255,255,255,255,255,255,255,255,255,255,255,255,255,255,255,255,255,255,255,255,255,255,255,255,255,255,255,255,255,255,255,255,255,255,255,255,255,255,255,255,255,255,255,255,255,255,255,255,255,255,255,255,255,255,255,255,255,255,255,255,255,255,255,255,255,255,255,255,255,255,255,255,255,255,255,255,255,255,255,255,255,255,255,255,255,255,255,255,255,255,255,255,255,255,255,255,255,255,255,255,255,255,255,255,255,255,255,255,255,255,255,255,255,255,255,255,255,255,255,255,255,255,255,255,255,255,255,255,255,255,255,255,255,255,255,255,255,255,255,255,255,255,255,255,255,255,255,255,255,255,255,255,255,255,255,255,255,255,255,255,255,255,255,255,255,255,255,255,255,255,255,255,255,255
255,255,255,255,255,255,255,255,255,255,255,255,255,255,255,255,255,255,255,255,255,255,255,255,255,255,255,255,255,255,255,255,255,255,255,255,255,255,255,255,255,255,255,255,255,255,255,255,255,255,255,255,255,255,255,255,255,255,255,255,255,255,255,255,255,255,255,255,255,255,255,255,254,254,254,253,253,253,251,251,251,249,249,249,249,249,249,250,250,250,252,252,252,253,253,253,250,250,250,251,251,251,252,252,252,253,253,253,252,252,252,252,252,252,252,252,252,253,253,253,253,253,253,251,251,251,248,248,248,246,246,246,246,246,246,248,248,248,251,251,251,253,253,253,253,253,253,245,245,245,247,247,247,247,247,247,247,247,247,253,253,253,252,252,252,252,252,252,253,253,253,252,252,252,252,252,252,253,253,253,251,251,251,248,248,248,248,248,248,250,250,250,250,250,250,250,250,250,247,247,247,245,245,245,248,248,248,252,252,252,251,251,251,245,245,245,238,238,238,252,252,252,255,255,255,254,254,254,255,255,255,255,255,255,254,254,254,254,254,254,255,255,255,255,255,255,254,254,254,254,254,254,255,255,255,252,252,252,249,249,249,255,255,255,247,247,247,246,246,246,250,250,250,243,243,243,240,240,240,250,250,250,253,253,253,253,253,253,247,247,247,241,241,241,234,234,234,234,234,234,183,183,183,119,119,119,89,89,89,100,100,100,144,144,144,160,160,160,179,179,179,172,172,172,114,114,114,119,119,119,178,178,178,84,84,84,52,52,52,84,84,84,102,102,102,89,89,89,31,31,31,54,54,54,114,114,114,200,200,200,232,232,232,247,247,247,254,254,254,255,255,255,255,255,255,254,254,254,254,254,254,255,255,255,255,255,255,255,255,255,255,255,255,255,255,255,255,255,255,255,255,255,255,255,255,255,255,255,255,255,255,255,255,255,255,255,255,255,255,255,255,255,255,255,255,255,255,255,255,255,255,255,255,255,255,255,255,255,255,255,255,255,255,255,255,255,255,255,255,255,255,255,255,255,255,255,255,255,255,255,255,255,255,255,255,255,255,255,255,255,255,255,255,255,255,255,255,255,255,255,255,255,255,255,255,255,255,255,255,255,255,255,255,255,255,255,255,255,255,255,255,255,255,255,255,255,255,255,255,255,255,255,255,255,255,255,255,255,255,255,255,255,255,255,255,255,255,255,255,255,255,255,255,255,255,255,255,255,255,255,255,255,255,255,255,255,255,255,255,255,255,255,255,255,255,255,255,255,255,255,255,255,255,255,255,255,255,255,255,255,255,255,255,255,255,255,255,255,255,255,255,255,255,255,255,255,255,255,255,255,255,255,255,255,255,255,255,255,255,255,255,255,255,255,255,255,255,255,255,255,255,255,255,255,255,255,255,255,255,255,255,255,255,255,255,255,255,255,255,255,255,255,255,255,255,255,255,255,255,255,255,255,255,255,255,255,255,255,255,255,255,255,255,255,255,255,255,255,255,255,255,255,255,255,255,255,255,255,255,255,255,255
255,255,255,255,255,255,255,255,255,255,255,255,255,255,255,255,255,255,255,255,255,255,255,255,255,255,255,255,255,255,255,255,255,255,255,255,255,255,255,255,255,255,255,255,255,255,255,255,255,255,255,255,255,255,255,255,255,255,255,255,255,255,255,255,255,255,255,255,255,255,255,255,251,251,251,251,251,251,253,253,253,255,255,255,255,255,255,255,255,255,250,250,250,245,245,245,242,242,242,244,244,244,247,247,247,249,249,249,252,252,252,255,255,255,255,255,255,255,255,255,255,255,255,255,255,255,254,254,254,254,254,254,254,254,254,255,255,255,255,255,255,255,255,255,246,246,246,237,237,237,236,236,236,243,243,243,249,249,249,252,252,252,252,252,252,254,254,254,255,255,255,254,254,254,248,248,248,242,242,242,244,244,244,251,251,251,255,255,255,253,253,253,249,249,249,247,247,247,247,247,247,252,252,252,255,255,255,253,253,253,241,241,241,230,230,230,223,223,223,243,243,243,254,254,254,254,254,254,254,254,254,253,253,253,254,254,254,255,255,255,255,255,255,255,255,255,253,253,253,255,255,255,255,255,255,247,247,247,245,245,245,253,253,253,255,255,255,250,250,250,249,249,249,240,240,240,237,237,237,248,248,248,253,253,253,255,255,255,250,250,250,252,252,252,244,244,244,201,201,201,135,135,135,82,82,82,99,99,99,120,120,120,131,131,131,111,111,111,97,97,97,104,104,104,166,166,166,190,190,190,188,188,188,80,80,80,31,31,31,43,43,43,68,68,68,78,78,78,71,71,71,124,124,124,183,183,183,238,238,238,232,232,232,237,237,237,253,253,253,255,255,255,255,255,255,255,255,255,255,255,255,255,255,255,255,255,255,255,255,255,255,255,255,255,255,255,255,255,255,255,255,255,255,255,255,255,255,255,255,255,255,255,255,255,255,255,255,255,255,255,255,255,255,255,255,255,255,255,255,255,255,255,255,255,255,255,255,255,255,255,255,255,255,255,255,255,255,255,255,255,255,255,255,255,255,255,255,255,255,255,255,255,255,255,255,255,255,255,255,255,255,255,255,255,255,255,255,255,255,255,255,255,255,255,255,255,255,255,255,255,255,255,255,255,255,255,255,255,255,255,255,255,255,255,255,255,255,255,255,255,255,255,255,255,255,255,255,255,255,255,255,255,255,255,255,255,255,255,255,255,255,255,255,255,255,255,255,255,255,255,255,255,255,255,255,255,255,255,255,255,255,255,255,255,255,255,255,255,255,255,255,255,255,255,255,255,255,255,255,255,255,255,255,255,255,255,255,255,255,255,255,255,255,255,255,255,255,255,255,255,255,255,255,255,255,255,255,255,255,255,255,255,255,255,255,255,255,255,255,255,255,255,255,255,255,255,255,255,255,255,255,255,255,255,255,255,255,255,255,255,255,255,255,255,255,255,255,255,255,255,255,255,255,255,255,255,255,255,255,255,255,255,255,255,255,255,255,255,255,255,255,255,255,255,255,255,255,255,255,255,255,255
255,255,255,255,255,255,255,255,255,255,255,255,255,255,255,255,255,255,255,255,255,255,255,255,255,255,255,255,255,255,255,255,255,255,255,255,255,255,255,255,255,255,255,255,255,255,255,255,255,255,255,255,255,255,255,255,255,255,255,255,255,255,255,255,255,255,255,255,255,255,255,255,254,254,254,254,254,254,253,253,253,253,253,253,254,254,254,254,254,254,252,252,252,250,250,250,248,248,248,251,251,251,253,253,253,252,252,252,252,252,252,253,253,253,254,254,254,254,254,254,254,254,254,252,252,252,250,250,250,247,247,247,244,244,244,241,241,241,238,238,238,235,235,235,241,241,241,247,247,247,248,248,248,249,249,249,250,250,250,251,251,251,251,251,251,250,250,250,249,249,249,249,249,249,249,249,249,250,250,250,252,252,252,253,253,253,251,251,251,249,249,249,243,243,243,235,235,235,231,231,231,238,238,238,248,248,248,251,251,251,248,248,248,245,245,245,239,239,239,252,252,252,255,255,255,255,255,255,255,255,255,255,255,255,254,254,254,255,255,255,255,255,255,254,254,254,254,254,254,255,255,255,255,255,255,244,244,244,242,242,242,252,252,252,250,250,250,249,249,249,249,249,249,236,236,236,234,234,234,249,249,249,255,255,255,254,254,254,252,252,252,251,251,251,231,231,231,144,144,144,89,89,89,70,70,70,148,148,148,165,165,165,142,142,142,98,98,98,75,75,75,73,73,73,167,167,167,194,194,194,175,175,175,71,71,71,16,16,16,13,13,13,58,58,58,97,97,97,133,133,133,189,189,189,229,229,229,245,245,245,236,236,236,230,230,230,252,252,252,254,254,254,255,255,255,255,255,255,255,255,255,255,255,255,255,255,255,255,255,255,255,255,255,255,255,255,255,255,255,255,255,255,255,255,255,255,255,255,255,255,255,255,255,255,255,255,255,255,255,255,255,255,255,255,255,255,255,255,255,255,255,255,255,255,255,255,255,255,255,255,255,255,255,255,255,255,255,255,255,255,255,255,255,255,255,255,255,255,255,255,255,255,255,255,255,255,255,255,255,255,255,255,255,255,255,255,255,255,255,255,255,255,255,255,255,255,255,255,255,255,255,255,255,255,255,255,255,255,255,255,255,255,255,255,255,255,255,255,255,255,255,255,255,255,255,255,255,255,255,255,255,255,255,255,255,255,255,255,255,255,255,255,255,255,255,255,255,255,255,255,255,255,255,255,255,255,255,255,255,255,255,255,255,255,255,255,255,255,255,255,255,255,255,255,255,255,255,255,255,255,255,255,255,255,255,255,255,255,255,255,255,255,255,255,255,255,255,255,255,255,255,255,255,255,255,255,255,255,255,255,255,255,255,255,255,255,255,255,255,255,255,255,255,255,255,255,255,255,255,255,255,255,255,255,255,255,255,255,255,255,255,255,255,255,255,255,255,255,255,255,255,255,255,255,255,255,255,255,255,255,255,255,255,255,255,255,255,255,255,255,255,255,255,255,255,255,255,255,255,255,255,255
255,255,255,255,255,255,255,255,255,255,255,255,255,255,255,255,255,255,255,255,255,255,255,255,255,255,255,255,255,255,255,255,255,255,255,255,255,255,255,255,255,255,255,255,255,255,255,255,255,255,255,255,255,255,255,255,255,255,255,255,255,255,255,255,255,255,255,255,255,255,255,255,253,253,253,255,255,255,255,255,255,254,254,254,253,253,253,253,253,253,254,254,254,255,255,255,255,255,255,255,255,255,255,255,255,254,254,254,253,253,253,253,253,253,254,254,254,255,255,255,255,255,255,254,254,254,249,249,249,244,244,244,240,240,240,237,237,237,235,235,235,234,234,234,239,239,239,254,254,254,255,255,255,252,252,252,249,249,249,246,246,246,248,248,248,246,246,246,249,249,249,249,249,249,252,252,252,255,255,255,254,254,254,250,250,250,248,248,248,250,250,250,242,242,242,236,236,236,234,234,234,239,239,239,246,246,246,250,250,250,251,251,251,253,253,253,251,251,251,255,255,255,255,255,255,253,253,253,255,255,255,255,255,255,255,255,255,254,254,254,255,255,255,255,255,255,255,255,255,255,255,255,255,255,255,247,247,247,245,245,245,253,253,253,250,250,250,247,247,247,248,248,248,238,238,238,238,238,238,251,251,251,252,252,252,248,248,248,247,247,247,218,218,218,166,166,166,77,77,77,54,54,54,71,71,71,181,181,181,189,189,189,149,149,149,99,99,99,68,68,68,65,65,65,160,160,160,184,184,184,149,149,149,58,58,58,9,9,9,6,6,6,70,70,70,131,131,131,189,189,189,228,228,228,251,251,251,254,254,254,242,242,242,238,238,238,252,252,252,254,254,254,255,255,255,255,255,255,255,255,255,254,254,254,255,255,255,255,255,255,255,255,255,255,255,255,255,255,255,255,255,255,255,255,255,255,255,255,255,255,255,255,255,255,255,255,255,255,255,255,255,255,255,255,255,255,255,255,255,255,255,255,255,255,255,255,255,255,255,255,255,255,255,255,255,255,255,255,255,255,255,255,255,255,255,255,255,255,255,255,255,255,255,255,255,255,255,255,255,255,255,255,255,255,255,255,255,255,255,255,255,255,255,255,255,255,255,255,255,255,255,255,255,255,255,255,255,255,255,255,255,255,255,255,255,255,255,255,255,255,255,255,255,255,255,255,255,255,255,255,255,255,255,255,255,255,255,255,255,255,255,255,255,255,255,255,255,255,255,255,255,255,255,255,255,255,255,255,255,255,255,255,255,255,255,255,255,255,255,255,255,255,255,255,255,255,255,255,255,255,255,255,255,255,255,255,255,255,255,255,255,255,255,255,255,255,255,255,255,255,255,255,255,255,255,255,255,255,255,255,255,255,255,255,255,255,255,255,255,255,255,255,255,255,255,255,255,255,255,255,255,255,255,255,255,255,255,255,255,255,255,255,255,255,255,255,255,255,255,255,255,255,255,255,255,255,255,255,255,255,255,255,255,255,255,255,255,255,255,255,255,255,255,255,255,255,255,255,255,255,255,255
255,255,255,255,255,255,255,255,255,255,255,255,255,255,255,255,255,255,255,255,255,255,255,255,255,255,255,255,255,255,255,255,255,255,255,255,255,255,255,255,255,255,255,255,255,255,255,255,255,255,255,255,255,255,255,255,255,255,255,255,255,255,255,255,255,255,255,255,255,255,255,255,253,253,253,255,255,255,255,255,255,254,254,254,252,252,252,252,252,252,253,253,253,254,254,254,255,255,255,253,253,253,253,253,253,255,255,255,255,255,255,254,254,254,254,254,254,255,255,255,254,254,254,253,253,253,252,252,252,251,251,251,250,250,250,251,251,251,252,252,252,253,253,253,251,251,251,255,255,255,254,254,254,255,255,255,255,255,255,253,253,253,254,254,254,255,255,255,252,252,252,255,255,255,255,255,255,254,254,254,253,253,253,255,255,255,255,255,255,255,255,255,249,249,249,249,249,249,250,250,250,252,252,252,254,254,254,252,252,252,248,248,248,245,245,245,246,246,246,251,251,251,254,254,254,254,254,254,255,255,255,255,255,255,255,255,255,255,255,255,255,255,255,255,255,255,255,255,255,255,255,255,255,255,255,251,251,251,251,251,251,253,253,253,248,248,248,238,238,238,238,238,238,240,240,240,246,246,246,253,253,253,243,243,243,233,233,233,223,223,223,136,136,136,42,42,42,15,15,15,35,35,35,79,79,79,170,170,170,188,188,188,161,161,161,104,104,104,76,76,76,77,77,77,153,153,153,158,158,158,98,98,98,35,35,35,16,16,16,33,33,33,110,110,110,178,178,178,238,238,238,250,250,250,252,252,252,250,250,250,247,247,247,251,251,251,254,254,254,255,255,255,255,255,255,254,254,254,254,254,254,255,255,255,255,255,255,255,255,255,255,255,255,255,255,255,255,255,255,255,255,255,255,255,255,255,255,255,255,255,255,255,255,255,255,255,255,255,255,255,255,255,255,255,255,255,255,255,255,255,255,255,255,255,255,255,255,255,255,255,255,255,255,255,255,255,255,255,255,255,255,255,255,255,255,255,255,255,255,255,255,255,255,255,255,255,255,255,255,255,255,255,255,255,255,255,255,255,255,255,255,255,255,255,255,255,255,255,255,255,255,255,255,255,255,255,255,255,255,255,255,255,255,255,255,255,255,255,255,255,255,255,255,255,255,255,255,255,255,255,255,255,255,255,255,255,255,255,255,255,255,255,255,255,255,255,255,255,255,255,255,255,255,255,255,255,255,255,255,255,255,255,255,255,255,255,255,255,255,255,255,255,255,255,255,255,255,255,255,255,255,255,255,255,255,255,255,255,255,255,255,255,255,255,255,255,255,255,255,255,255,255,255,255,255,255,255,255,255,255,255,255,255,255,255,255,255,255,255,255,255,255,255,255,255,255,255,255,255,255,255,255,255,255,255,255,255,255,255,255,255,255,255,255,255,255,255,255,255,255,255,255,255,255,255,255,255,255,255,255,255,255,255,255,255,255,255,255,255,255,255,255,255,255,255,255,255,255,255,255,255,255
255,255,255,255,255,255,255,255,255,255,255,255,255,255,255,255,255,255,255,255,255,255,255,255,255,255,255,255,255,255,255,255,255,255,255,255,255,255,255,255,255,255,255,255,255,255,255,255,255,255,255,255,255,255,255,255,255,255,255,255,255,255,255,255,255,255,255,255,255,255,255,255,254,254,254,254,254,254,253,253,253,253,253,253,252,252,252,251,251,251,249,249,249,247,247,247,249,249,249,250,250,250,253,253,253,255,255,255,252,252,252,248,248,248,249,249,249,252,252,252,255,255,255,255,255,255,255,255,255,254,254,254,254,254,254,253,253,253,253,253,253,253,253,253,255,255,255,255,255,255,252,252,252,253,253,253,254,254,254,252,252,252,251,251,251,250,250,250,252,252,252,252,252,252,252,252,252,251,251,251,253,253,253,254,254,254,253,253,253,249,249,249,250,250,250,251,251,251,250,250,250,251,251,251,253,253,253,254,254,254,252,252,252,249,249,249,250,250,250,254,254,254,255,255,255,255,255,255,255,255,255,254,254,254,255,255,255,255,255,255,255,255,255,255,255,255,255,255,255,254,254,254,254,254,254,255,255,255,254,254,254,252,252,252,248,248,248,242,242,242,243,243,243,244,244,244,252,252,252,251,251,251,217,217,217,181,181,181,159,159,159,89,89,89,13,13,13,36,36,36,76,76,76,127,127,127,147,147,147,144,144,144,122,122,122,60,60,60,51,51,51,69,69,69,130,130,130,121,121,121,51,51,51,53,53,53,71,71,71,108,108,108,170,170,170,214,214,214,252,252,252,247,247,247,241,241,241,239,239,239,247,247,247,255,255,255,255,255,255,255,255,255,255,255,255,254,254,254,255,255,255,255,255,255,255,255,255,255,255,255,255,255,255,255,255,255,255,255,255,255,255,255,255,255,255,255,255,255,255,255,255,255,255,255,255,255,255,255,255,255,255,255,255,255,255,255,255,255,255,255,255,255,255,255,255,255,255,255,255,255,255,255,255,255,255,255,255,255,255,255,255,255,255,255,255,255,255,255,255,255,255,255,255,255,255,255,255,255,255,255,255,255,255,255,255,255,255,255,255,255,255,255,255,255,255,255,255,255,255,255,255,255,255,255,255,255,255,255,255,255,255,255,255,255,255,255,255,255,255,255,255,255,255,255,255,255,255,255,255,255,255,255,255,255,255,255,255,255,255,255,255,255,255,255,255,255,255,255,255,255,255,255,255,255,255,255,255,255,255,255,255,255,255,255,255,255,255,255,255,255,255,255,255,255,255,255,255,255,255,255,255,255,255,255,255,255,255,255,255,255,255,255,255,255,255,255,255,255,255,255,255,255,255,255,255,255,255,255,255,255,255,255,255,255,255,255,255,255,255,255,255,255,255,255,255,255,255,255,255,255,255,255,255,255,255,255,255,255,255,255,255,255,255,255,255,255,255,255,255,255,255,255,255,255,255,255,255,255,255,255,255,255,255,255,255,255,255,255,255,255,255,255,255,255,255,255,255,255,255,255,255,255
255,255,255,255,255,255,255,255,255,255,255,255,255,255,255,255,255,255,255,255,255,255,255,255,255,255,255,255,255,255,255,255,255,255,255,255,255,255,255,255,255,255,255,255,255,255,255,255,255,255,255,255,255,255,255,255,255,255,255,255,255,255,255,255,255,255,255,255,255,255,255,255,251,251,251,252,252,252,253,253,253,253,253,253,253,253,253,251,251,251,247,247,247,243,243,243,241,241,241,246,246,246,250,250,250,250,250,250,247,247,247,245,245,245,247,247,247,249,249,249,248,248,248,243,243,243,235,235,235,228,228,228,222,222,222,217,217,217,213,213,213,211,211,211,208,208,208,207,207,207,209,209,209,208,208,208,207,207,207,212,212,212,216,216,216,220,220,220,224,224,224,227,227,227,231,231,231,234,234,234,242,242,242,251,251,251,254,254,254,253,253,253,247,247,247,248,248,248,248,248,248,249,249,249,250,250,250,252,252,252,252,252,252,251,251,251,254,254,254,253,253,253,254,254,254,254,254,254,254,254,254,255,255,255,255,255,255,255,255,255,255,255,255,255,255,255,255,255,255,255,255,255,255,255,255,255,255,255,255,255,255,251,251,251,240,240,240,243,243,243,250,250,250,251,251,251,251,251,251,236,236,236,180,180,180,123,123,123,107,107,107,60,60,60,25,25,25,52,52,52,102,102,102,142,142,142,109,109,109,95,95,95,78,78,78,37,37,37,43,43,43,93,93,93,129,129,129,98,98,98,15,15,15,77,77,77,136,136,136,184,184,184,223,223,223,244,244,244,255,255,255,248,248,248,241,241,241,237,237,237,245,245,245,248,248,248,255,255,255,254,254,254,255,255,255,255,255,255,255,255,255,255,255,255,255,255,255,255,255,255,255,255,255,255,255,255,255,255,255,255,255,255,255,255,255,255,255,255,255,255,255,255,255,255,255,255,255,255,255,255,255,255,255,255,255,255,255,255,255,255,255,255,255,255,255,255,255,255,255,255,255,255,255,255,255,255,255,255,255,255,255,255,255,255,255,255,255,255,255,255,255,255,255,255,255,255,255,255,255,255,255,255,255,255,255,255,255,255,255,255,255,255,255,255,255,255,255,255,255,255,255,255,255,255,255,255,255,255,255,255,255,255,255,255,255,255,255,255,255,255,255,255,255,255,255,255,255,255,255,255,255,255,255,255,255,255,255,255,255,255,255,255,255,255,255,255,255,255,255,255,255,255,255,255,255,255,255,255,255,255,255,255,255,255,255,255,255,255,255,255,255,255,255,255,255,255,255,255,255,255,255,255,255,255,255,255,255,255,255,255,255,255,255,255,255,255,255,255,255,255,255,255,255,255,255,255,255,255,255,255,255,255,255,255,255,255,255,255,255,255,255,255,255,255,255,255,255,255,255,255,255,255,255,255,255,255,255,255,255,255,255,255,255,255,255,255,255,255,255,255,255,255,255,255,255,255,255,255,255,255,255,255,255,255,255,255,255,255,255,255,255,255,255,255,255,255,255,255,255,255,255,255
255,255,255,255,255,255,255,255,255,255,255,255,255,255,255,255,255,255,255,255,255,255,255,255,255,255,255,255,255,255,255,255,255,255,255,255,255,255,255,255,255,255,255,255,255,255,255,255,255,255,255,255,255,255,255,255,255,255,255,255,255,255,255,255,255,255,255,255,255,255,255,255,255,255,255,254,254,254,251,251,251,246,246,246,244,244,244,246,246,246,250,250,248,253,253,251,254,254,254,254,254,254,252,252,252,249,249,249,251,251,251,253,253,253,251,251,251,245,245,245,235,235,235,217,217,217,189,189,189,157,157,157,129,129,129,105,105,105,87,87,87,77,77,77,70,70,70,60,60,60,65,65,65,72,72,72,78,78,78,90,90,90,106,106,106,124,124,124,144,144,144,165,165,165,184,184,184,194,194,194,214,214,214,242,242,242,254,254,254,250,250,250,252,252,252,253,253,253,253,253,253,251,251,251,249,249,249,249,249,249,252,252,252,255,255,255,255,255,255,254,254,254,255,255,255,255,255,255,255,255,255,255,255,255,255,255,255,254,254,254,255,255,255,255,255,255,255,255,255,255,255,255,255,255,255,255,255,255,253,253,253,248,248,248,251,251,251,247,247,247,254,254,254,253,253,253,237,237,237,196,196,196,124,124,124,67,67,67,55,55,55,70,70,70,76,76,76,27,27,27,50,50,50,93,93,93,65,65,65,52,52,52,51,51,51,58,58,58,119,119,119,201,201,201,150,150,150,91,91,91,30,30,30,127,127,127,196,196,196,237,237,237,249,249,249,252,252,252,251,251,251,251,251,251,251,251,251,250,250,250,242,242,242,238,238,238,255,255,255,254,254,254,255,255,255,255,255,255,255,255,255,254,254,254,255,255,255,255,255,255,255,255,255,255,255,255,255,255,255,255,255,255,255,255,255,255,255,255,255,255,255,255,255,255,255,255,255,255,255,255,255,255,255,255,255,255,255,255,255,255,255,255,255,255,255,255,255,255,255,255,255,255,255,255,255,255,255,255,255,255,255,255,255,255,255,255,255,255,255,255,255,255,255,255,255,255,255,255,255,255,255,255,255,255,255,255,255,255,255,255,255,255,255,255,255,255,255,255,255,255,255,255,255,255,255,255,255,255,255,255,255,255,255,255,255,255,255,255,255,255,255,255,255,255,255,255,255,255,255,255,255,255,255,255,255,255,255,255,255,255,255,255,255,255,255,255,255,255,255,255,255,255,255,255,255,255,255,255,255,255,255,255,255,255,255,255,255,255,255,255,255,255,255,255,255,255,255,255,255,255,255,255,255,255,255,255,255,255,255,255,255,255,255,255,255,255,255,255,255,255,255,255,255,255,255,255,255,255,255,255,255,255,255,255,255,255,255,255,255,255,255,255,255,255,255,255,255,255,255,255,255,255,255,255,255,255,255,255,255,255,255,255,255,255,255,255,255,255,255,255,255,255,255,255,255,255,255,255,255,255,255,255,255,255,255,255,255,255,255,255,255,255,255,255,255,255,255,255,255,255,255,255
255,255,255,255,255,255,255,255,255,255,255,255,255,255,255,255,255,255,255,255,255,255,255,255,255,255,255,255,255,255,255,255,255,254,254,254,253,253,253,255,255,255,255,255,255,255,255,255,255,255,255,255,255,255,254,254,254,255,255,255,255,255,255,255,255,255,253,253,253,255,255,255,253,253,253,252,252,252,248,248,248,242,242,240,244,244,242,246,246,244,250,250,248,254,254,252,250,250,250,244,244,244,237,237,237,224,224,224,188,188,188,143,143,143,142,142,142,150,150,150,153,153,153,151,151,151,142,142,142,139,139,139,137,137,137,131,131,131,134,134,134,133,133,133,129,129,129,126,126,126,119,119,119,116,116,116,112,112,112,109,109,109,104,104,104,103,103,103,103,103,103,100,100,100,102,102,102,100,100,100,110,110,110,128,128,128,137,137,137,148,148,148,182,182,182,211,211,211,244,244,244,249,249,249,253,253,253,249,249,249,254,254,254,253,253,253,247,247,247,255,255,255,254,254,254,255,255,255,255,255,255,255,255,255,254,254,254,255,255,255,254,254,254,255,255,255,255,255,255,255,255,255,255,255,255,255,255,255,253,253,253,247,247,247,250,250,250,251,251,251,253,253,253,230,230,230,193,193,193,143,143,143,79,79,79,47,47,47,74,74,74,125,125,125,158,158,158,56,56,56,43,43,43,64,64,64,48,48,48,41,41,41,58,58,58,88,88,88,140,140,140,182,182,182,102,102,102,73,73,73,90,90,90,174,174,174,228,228,228,253,253,253,250,250,250,252,252,252,247,247,247,253,253,253,255,255,255,250,250,250,241,241,241,239,239,239,252,252,252,255,255,255,253,253,253,255,255,255,255,255,255,255,255,255,255,255,255,255,255,255,255,255,255,255,255,255,255,255,255,255,255,255,255,255,255,255,255,255,255,255,255,255,255,255,255,255,255,255,255,255,255,255,255,255,255,255,255,255,255,255,255,255,255,255,255,255,255,255,255,255,255,255,255,255,255,255,255,255,255,255,255,255,255,255,255,255,255,255,255,255,255,255,255,255,255,255,255,255,255,255,255,255,255,255,255,255,255,255,255,255,255,255,255,255,255,255,255,255,255,255,255,255,255,255,255,255,255,255,255,255,255,255,255,255,255,255,255,255,255,255,255,255,255,255,255,255,255,255,255,255,255,255,255,255,255,255,255,255,255,255,255,255,255,255,255,255,255,255,255,255,255,255,255,255,255,255,255,255,255,255,255,255,255,255,255,255,255,255,255,255,255,255,255,255,255,255,255,255,255,255,255,255,255,255,255,255,255,255,255,255,255,255,255,255,255,255,255,255,255,255,255,255,255,255,255,255,255,255,255,255,255,255,255,255,255,255,255,255,255,255,255,255,255,255,255,255,255,255,255,255,255,255,255,255,255,255,255,255,255,255,255,255,255,255,255,255,255,255,255,255,255,255,255,255,255,255,255,255,255,255,255,255,255,255,255,255,255,255,255,255,255,255,255,255,255,255,255,255,255,255,255,255
255,255,255,255,255,255,255,255,255,255,255,255,255,255,255,255,255,255,255,255,255,255,255,255,254,254,254,255,255,255,255,255,255,255,255,255,255,255,255,255,255,255,254,254,254,254,254,254,255,255,255,255,255,255,252,252,252,255,255,255,253,253,253,255,255,255,253,253,253,255,255,255,253,253,253,248,248,248,246,246,244,241,241,239,241,241,239,249,249,247,249,249,247,244,244,242,239,239,239,223,223,223,210,210,210,196,196,196,125,125,125,46,46,46,54,54,54,61,61,61,70,70,70,85,85,85,105,105,105,120,120,120,137,137,137,156,156,156,173,173,173,184,184,184,191,191,189,184,184,182,180,180,180,166,166,166,152,152,152,136,136,136,116,116,116,99,99,99,82,82,82,63,63,63,54,54,54,47,47,47,39,39,39,45,45,45,43,43,43,54,54,54,102,102,102,148,148,148,195,195,195,214,214,214,229,229,229,241,241,241,249,249,249,246,246,246,241,241,241,248,248,248,255,255,255,253,253,253,255,255,253,254,254,252,255,255,253,255,255,253,255,255,255,255,255,255,253,253,253,255,255,255,253,253,253,253,253,253,251,251,251,248,248,248,253,253,253,251,251,251,243,243,243,194,194,194,144,144,144,83,83,83,46,46,46,43,43,43,115,115,115,180,180,180,203,203,203,86,86,86,51,51,51,47,47,47,31,31,31,55,55,55,93,93,93,134,134,134,141,141,141,134,134,134,64,64,64,82,82,82,159,159,159,221,221,221,248,248,248,248,248,248,247,247,247,249,249,249,248,248,248,247,247,247,250,250,250,255,255,255,245,245,245,243,243,243,254,254,254,255,255,255,253,253,253,255,255,255,255,255,255,255,255,255,255,255,255,255,255,255,255,255,255,255,255,255,255,255,255,255,255,255,255,255,255,255,255,255,255,255,255,255,255,255,255,255,255,255,255,255,255,255,255,255,255,255,255,255,255,255,255,255,255,255,255,255,255,255,255,255,255,255,255,255,255,255,255,255,255,255,255,255,255,255,255,255,255,255,255,255,255,255,255,255,255,255,255,255,255,255,255,255,255,255,255,255,255,255,255,255,255,255,255,255,255,255,255,255,255,255,255,255,255,255,255,255,255,255,255,255,255,255,255,255,255,255,255,255,255,255,255,255,255,255,255,255,255,255,255,255,255,255,255,255,255,255,255,255,255,255,255,255,255,255,255,255,255,255,255,255,255,255,255,255,255,255,255,255,255,255,255,255,255,255,255,255,255,255,255,255,255,255,255,255,255,255,255,255,255,255,255,255,255,255,255,255,255,255,255,255,255,255,255,255,255,255,255,255,255,255,255,255,255,255,255,255,255,255,255,255,255,255,255,255,255,255,255,255,255,255,255,255,255,255,255,255,255,255,255,255,255,255,255,255,255,255,255,255,255,255,255,255,255,255,255,255,255,255,255,255,255,255,255,255,255,255,255,255,255,255,255,255,255,255,255,255,255,255,255,255,255,255,255,255,255,255,255,255,255,255,255,255
255,255,255,255,255,255,255,255,255,255,255,255,255,255,255,255,255,255,255,255,255,255,255,255,254,254,254,255,255,255,255,255,255,254,254,254,255,255,255,255,255,255,254,254,254,254,254,254,253,253,253,255,255,255,255,255,255,255,255,255,255,255,255,255,255,255,254,254,254,254,254,254,243,243,243,237,237,235,246,246,244,249,249,247,247,247,245,247,247,245,237,237,235,222,222,220,197,197,197,181,181,181,166,166,166,159,159,159,138,138,138,108,108,108,110,110,110,91,91,91,79,79,79,62,62,62,48,48,48,36,36,36,35,35,35,42,42,42,43,43,43,48,48,48,48,48,46,40,40,38,46,46,44,49,49,47,56,56,54,68,68,68,84,84,84,94,94,94,112,112,112,130,130,130,146,146,146,152,152,152,168,168,168,189,189,189,134,134,134,69,69,69,32,34,33,36,38,37,51,53,52,71,71,71,118,118,118,180,180,180,234,234,234,248,248,248,250,250,250,255,255,253,255,255,253,253,253,251,255,255,253,255,254,252,255,254,252,254,253,251,254,254,252,254,254,252,254,254,252,255,255,253,255,255,253,254,254,252,253,253,251,247,247,245,249,249,247,246,246,244,222,222,220,160,160,158,94,94,92,36,36,34,36,36,34,72,72,70,190,190,190,171,171,171,120,120,120,98,98,98,65,65,65,29,29,29,11,11,11,83,83,83,189,189,189,202,202,202,149,149,149,67,67,67,137,137,137,190,190,190,236,236,236,242,242,242,239,239,239,225,225,225,237,237,237,244,244,244,251,251,251,242,242,242,239,239,239,248,248,248,251,251,251,248,248,248,255,255,255,255,255,255,254,254,254,255,255,255,255,255,255,255,255,255,255,255,255,255,255,255,255,255,255,255,255,255,255,255,255,255,255,255,255,255,255,255,255,255,255,255,255,255,255,255,255,255,255,255,255,255,255,255,255,255,255,255,255,255,255,255,255,255,255,255,255,255,255,255,255,255,255,255,255,255,255,255,255,255,255,255,255,255,255,255,255,255,255,255,255,255,255,255,255,255,255,255,255,255,255,255,255,255,255,255,255,255,255,255,255,255,255,255,255,255,255,255,255,255,255,255,255,255,255,255,255,255,255,255,255,255,255,255,255,255,255,255,255,255,255,255,255,255,255,255,255,255,255,255,255,255,255,255,255,255,255,255,255,255,255,255,255,255,255,255,255,255,255,255,255,255,255,255,255,255,255,255,255,255,255,255,255,255,255,255,255,255,255,255,255,255,255,255,255,255,255,255,255,255,255,255,255,255,255,255,255,255,255,255,255,255,255,255,255,255,255,255,255,255,255,255,255,255,255,255,255,255,255,255,255,255,255,255,255,255,255,255,255,255,255,255,255,255,255,255,255,255,255,255,255,255,255,255,255,255,255,255,255,255,255,255,255,255,255,255,255,255,255,255,255,255,255,255,255,255,255,255,255,255,255,255,255,255,255,255,255,255,255,255,255,255,255,255,255,255,255,255,255,255,255,255,255,255
253,253,253,253,253,253,253,253,253,254,254,254,254,254,254,255,255,255,255,255,255,255,255,255,254,254,254,255,255,255,255,255,255,253,253,253,253,253,253,253,253,253,253,253,253,253,253,253,250,250,250,251,251,251,254,254,254,251,251,251,254,254,254,254,254,254,253,253,253,245,245,245,236,236,234,233,233,231,246,246,244,250,250,248,242,242,240,215,215,213,197,197,195,175,175,173,147,147,147,116,116,116,89,89,89,80,80,80,81,81,81,79,79,79,90,90,90,79,79,79,57,57,57,50,50,50,51,51,51,52,52,52,53,53,53,52,52,52,51,51,51,58,58,58,64,64,62,68,68,66,69,69,67,65,65,63,58,58,56,54,54,52,62,62,60,70,70,70,78,78,78,89,89,89,97,97,97,105,105,105,116,116,116,129,129,129,120,120,120,106,106,106,104,106,105,101,103,102,99,101,100,78,80,79,80,80,80,92,92,92,134,134,134,161,161,159,183,183,181,214,214,212,235,235,233,253,253,251,247,246,244,241,240,238,232,231,229,249,248,246,255,255,253,255,255,253,243,243,241,236,236,234,255,255,253,249,249,247,251,251,249,253,253,251,233,233,231,196,196,194,133,133,131,87,87,85,55,55,53,54,54,52,69,69,67,99,99,97,146,146,146,145,145,145,133,133,133,141,141,141,120,120,120,85,85,85,83,83,83,118,118,118,178,178,178,158,158,158,130,130,130,89,89,89,191,191,191,241,241,241,249,249,249,255,255,255,246,246,246,233,233,233,244,244,244,247,247,247,252,252,252,247,247,247,245,245,245,248,248,248,255,255,255,252,252,252,255,255,255,255,255,255,254,254,254,255,255,255,255,255,255,255,255,255,255,255,255,255,255,255,255,255,255,255,255,255,255,255,255,255,255,255,255,255,255,255,255,255,255,255,255,255,255,255,255,255,255,255,255,255,255,255,255,255,255,255,255,255,255,255,255,255,255,255,255,255,255,255,255,255,255,255,255,255,255,255,255,255,255,255,255,255,255,255,255,255,255,255,255,255,255,255,255,255,255,255,255,255,255,255,255,255,255,255,255,255,255,255,255,255,255,255,255,255,255,255,255,255,255,255,255,255,255,255,255,255,255,255,255,255,255,255,255,255,255,255,255,255,255,255,255,255,255,255,255,255,255,255,255,255,255,255,255,255,255,255,255,255,255,255,255,255,255,255,255,255,255,255,255,255,255,255,255,255,255,255,255,255,255,255,255,255,255,255,255,255,255,255,255,255,255,255,255,255,255,255,255,255,255,255,255,255,255,255,255,255,255,255,255,255,255,255,255,255,255,255,255,255,255,255,255,255,255,255,255,255,255,255,255,255,255,255,255,255,255,255,255,255,255,255,255,255,255,255,255,255,255,255,255,255,255,255,255,255,255,255,255,255,255,255,255,255,255,255,255,255,255,255,255,255,255,255,255,255,255,255,255,255,255,255,255,255,255,255,255,255,255,255,255,255,255,255,255,255,255,255,255,255,255,255,255,255
251,251,251,252,252,252,252,252,252,253,253,253,254,254,254,255,255,255,255,255,255,255,255,255,254,254,254,255,255,255,254,254,254,254,254,254,252,252,252,250,250,250,251,251,251,244,244,244,243,243,243,249,249,249,253,253,253,251,251,251,248,248,248,251,251,251,245,245,245,234,234,234,234,234,232,239,239,237,249,249,247,235,235,233,209,209,207,153,153,151,135,135,133,116,116,114,88,88,86,43,43,41,6,6,4,16,16,14,18,18,16,22,22,20,58,58,56,59,59,57,38,38,36,64,64,62,89,89,87,104,104,102,121,121,119,124,124,122,126,126,124,120,120,118,127,129,126,150,152,149,146,148,145,134,136,133,110,112,109,82,84,81,61,63,60,47,49,46,40,42,39,28,30,29,15,17,16,17,19,18,15,17,16,11,13,12,63,65,64,126,128,127,193,195,194,210,212,211,200,202,201,147,149,148,89,89,89,38,38,36,29,29,27,48,48,46,85,85,83,146,146,144,200,200,198,239,239,237,232,231,229,217,216,212,203,202,198,234,233,229,253,252,250,253,252,250,233,232,230,227,226,224,252,251,249,254,253,251,252,251,249,245,244,242,199,198,196,130,129,127,43,42,40,13,12,10,26,25,23,83,82,80,113,112,110,123,122,120,79,79,79,118,118,118,174,174,174,172,172,172,170,170,170,168,168,168,165,165,165,148,148,148,118,118,118,89,89,89,104,104,104,153,153,153,220,220,220,255,255,255,255,255,255,255,255,255,255,255,255,253,253,253,255,255,255,255,255,255,254,254,254,255,255,255,255,255,255,254,254,254,255,255,255,254,254,254,255,255,255,255,255,255,255,255,255,255,255,255,255,255,255,255,255,255,255,255,255,255,255,255,255,255,255,255,255,255,255,255,255,255,255,255,255,255,255,255,255,255,255,255,255,255,255,255,255,255,255,255,255,255,255,255,255,255,255,255,255,255,255,255,255,255,255,255,255,255,255,255,255,255,255,255,255,255,255,255,255,255,255,255,255,255,255,255,255,255,255,255,255,255,255,255,255,255,255,255,255,255,255,255,255,255,255,255,255,255,255,255,255,255,255,255,255,255,255,255,255,255,255,255,255,255,255,255,255,255,255,255,255,255,255,255,255,255,255,255,255,255,255,255,255,255,255,255,255,255,255,255,255,255,255,255,255,255,255,255,255,255,255,255,255,255,255,255,255,255,255,255,255,255,255,255,255,255,255,255,255,255,255,255,255,255,255,255,255,255,255,255,255,255,255,255,255,255,255,255,255,255,255,255,255,255,255,255,255,255,255,255,255,255,255,255,255,255,255,255,255,255,255,255,255,255,255,255,255,255,255,255,255,255,255,255,255,255,255,255,255,255,255,255,255,255,255,255,255,255,255,255,255,255,255,255,255,255,255,255,255,255,255,255,255,255,255,255,255,255,255,255,255,255,255,255,255,255,255,255,255,255,255,255,255,255,255,255,255,255,255,255,255,255,255,255,255,255,255,255,255,255,255,255,255,255
251,251,251,252,252,252,252,252,252,253,253,253,254,254,254,255,255,255,255,255,255,255,255,255,254,254,254,254,254,254,254,254,254,255,255,255,251,251,251,249,249,249,249,249,249,236,236,236,241,241,241,251,251,251,245,245,245,233,233,233,206,206,206,218,218,218,231,231,231,245,245,245,245,245,243,246,246,244,240,240,238,196,196,194,138,138,136,63,63,61,47,47,45,36,36,34,37,37,35,36,36,34,49,49,47,85,85,83,102,102,100,110,110,108,122,122,120,127,127,125,136,136,134,153,153,151,143,143,141,121,121,119,141,141,139,149,149,147,139,139,137,104,104,102,95,97,92,124,126,121,140,142,139,153,155,152,155,157,154,140,142,139,133,135,132,129,131,128,129,131,128,138,140,137,138,140,139,133,135,134,123,125,124,88,90,89,77,79,78,72,74,73,62,64,63,71,73,72,90,92,91,129,131,130,152,154,151,159,159,157,117,117,115,73,73,71,34,34,32,64,64,62,97,97,95,136,135,131,189,188,184,226,225,221,236,235,231,253,252,248,251,250,246,248,247,243,240,239,235,234,233,229,228,227,223,242,241,237,229,228,224,171,170,166,132,131,127,106,105,101,90,89,85,70,69,65,46,45,41,42,41,37,59,58,54,73,72,68,91,91,91,103,103,103,124,124,124,134,134,134,122,122,122,110,110,110,99,99,99,103,103,103,109,109,109,132,132,132,170,170,170,212,212,212,241,241,241,254,254,254,255,255,255,255,255,255,252,252,252,255,255,255,254,254,254,255,255,255,254,254,254,255,255,255,255,255,255,253,253,253,255,255,255,255,255,255,255,255,255,255,255,255,255,255,255,255,255,255,255,255,255,255,255,255,255,255,255,255,255,255,255,255,255,255,255,255,255,255,255,255,255,255,255,255,255,255,255,255,255,255,255,255,255,255,255,255,255,255,255,255,255,255,255,255,255,255,255,255,255,255,255,255,255,255,255,255,255,255,255,255,255,255,255,255,255,255,255,255,255,255,255,255,255,255,255,255,255,255,255,255,255,255,255,255,255,255,255,255,255,255,255,255,255,255,255,255,255,255,255,255,255,255,255,255,255,255,255,255,255,255,255,255,255,255,255,255,255,255,255,255,255,255,255,255,255,255,255,255,255,255,255,255,255,255,255,255,255,255,255,255,255,255,255,255,255,255,255,255,255,255,255,255,255,255,255,255,255,255,255,255,255,255,255,255,255,255,255,255,255,255,255,255,255,255,255,255,255,255,255,255,255,255,255,255,255,255,255,255,255,255,255,255,255,255,255,255,255,255,255,255,255,255,255,255,255,255,255,255,255,255,255,255,255,255,255,255,255,255,255,255,255,255,255,255,255,255,255,255,255,255,255,255,255,255,255,255,255,255,255,255,255,255,255,255,255,255,255,255,255,255,255,255,255,255,255,255,255,255,255,255,255,255,255,255,255,255,255,255,255,255,255,255,255,255,255,255,255,255,255,255,255,255,255,255,255,255,255,255,255,255,255,255
252,252,252,252,252,252,253,253,253,254,254,254,255,255,255,255,255,255,255,255,255,255,255,255,255,255,255,254,254,254,255,255,255,255,255,255,243,243,243,241,241,241,249,249,249,237,237,237,236,236,236,245,245,245,245,245,245,238,238,238,214,214,214,219,219,219,232,232,232,246,246,244,215,215,213,180,180,178,153,153,151,111,111,109,69,69,67,32,32,30,41,41,39,55,55,53,64,64,62,74,74,72,98,98,96,131,131,129,140,140,138,132,132,130,111,111,109,132,132,130,165,165,163,162,162,160,126,126,124,79,79,77,107,107,105,124,124,122,115,115,113,79,79,77,65,67,62,77,79,74,115,117,112,143,145,140,152,154,151,125,127,124,109,111,108,103,105,102,110,112,109,117,119,116,130,132,131,132,134,133,132,134,133,119,121,120,107,109,108,95,97,96,72,74,73,52,54,53,52,54,53,85,87,84,114,116,113,144,144,142,136,136,134,110,110,108,83,83,81,65,65,63,57,58,53,57,56,52,111,110,106,169,168,164,217,216,212,242,241,237,251,250,246,248,247,243,252,251,247,246,245,241,228,227,223,224,223,219,192,191,187,106,105,101,74,73,69,65,64,60,98,97,93,102,101,97,79,78,74,30,29,25,25,24,20,42,41,37,83,83,83,98,98,98,95,95,95,90,90,90,77,77,77,55,55,55,65,65,65,88,88,88,132,132,132,179,179,179,213,213,213,239,239,239,241,241,241,251,251,251,253,253,253,255,255,255,255,255,255,255,255,255,253,253,253,255,255,255,254,254,254,254,254,254,255,255,255,255,255,255,255,255,255,255,255,255,255,255,255,255,255,255,255,255,255,255,255,255,255,255,255,255,255,255,255,255,255,255,255,255,255,255,255,255,255,255,255,255,255,255,255,255,255,255,255,255,255,255,255,255,255,255,255,255,255,255,255,255,255,255,255,255,255,255,255,255,255,255,255,255,255,255,255,255,255,255,255,255,255,255,255,255,255,255,255,255,255,255,255,255,255,255,255,255,255,255,255,255,255,255,255,255,255,255,255,255,255,255,255,255,255,255,255,255,255,255,255,255,255,255,255,255,255,255,255,255,255,255,255,255,255,255,255,255,255,255,255,255,255,255,255,255,255,255,255,255,255,255,255,255,255,255,255,255,255,255,255,255,255,255,255,255,255,255,255,255,255,255,255,255,255,255,255,255,255,255,255,255,255,255,255,255,255,255,255,255,255,255,255,255,255,255,255,255,255,255,255,255,255,255,255,255,255,255,255,255,255,255,255,255,255,255,255,255,255,255,255,255,255,255,255,255,255,255,255,255,255,255,255,255,255,255,255,255,255,255,255,255,255,255,255,255,255,255,255,255,255,255,255,255,255,255,255,255,255,255,255,255,255,255,255,255,255,255,255,255,255,255,255,255,255,255,255,255,255,255,255,255,255,255,255,255,255,255,255,255,255,255,255,255,255,255,255,255,255,255,255,255,255,255,255,255,255,255,255,255,255,255,255,255,255,255
252,252,252,253,253,253,253,253,253,254,254,254,254,254,254,255,255,255,255,255,255,254,254,254,255,255,255,254,254,254,255,255,255,250,250,250,231,231,231,231,231,231,249,249,249,243,243,243,234,234,234,229,229,229,238,238,238,248,248,248,255,255,255,251,251,251,245,245,245,232,232,230,144,144,142,65,65,63,20,20,18,8,8,6,18,18,16,52,52,50,100,100,98,141,141,139,143,143,141,144,144,142,145,145,143,160,160,158,128,128,126,90,90,88,72,72,70,101,101,99,142,142,140,116,116,114,66,66,64,10,10,8,46,46,44,70,70,68,71,71,69,52,52,50,40,42,37,34,36,31,80,82,77,103,105,100,108,110,107,67,69,66,30,32,29,5,7,4,8,10,7,11,13,10,38,40,37,57,59,58,80,82,81,119,121,120,150,152,151,167,169,168,159,161,160,121,123,120,69,71,68,25,27,24,19,21,18,34,34,32,93,93,91,154,154,152,200,200,198,122,123,118,55,56,51,7,6,2,20,19,15,72,71,67,158,157,153,218,217,213,249,248,244,253,252,248,255,255,251,252,251,247,250,249,245,193,192,188,127,126,122,52,51,47,21,20,16,28,27,23,90,89,85,118,117,113,111,110,106,49,48,44,16,15,11,16,15,11,65,65,65,84,84,84,88,88,88,60,60,60,30,30,30,7,7,7,39,39,39,101,101,101,171,171,171,227,227,227,248,248,248,253,253,253,240,240,240,235,235,235,255,255,255,255,255,255,254,254,254,255,255,255,253,253,253,254,254,254,255,255,255,255,255,255,254,254,254,255,255,255,254,254,254,255,255,255,255,255,255,255,255,255,255,255,255,254,254,254,255,255,255,255,255,255,255,255,255,255,255,255,255,255,255,255,255,255,255,255,255,255,255,255,255,255,255,255,255,255,255,255,255,255,255,255,255,255,255,255,255,255,255,255,255,255,255,255,255,255,255,255,255,255,255,255,255,255,255,255,255,255,255,255,255,255,255,255,255,255,255,255,255,255,255,255,255,255,255,255,255,255,255,255,255,255,255,255,255,255,255,255,255,255,255,255,255,255,255,255,255,255,255,255,255,255,255,255,255,255,255,255,255,255,255,255,255,255,255,255,255,255,255,255,255,255,255,255,255,255,255,255,255,255,255,255,255,255,255,255,255,255,255,255,255,255,255,255,255,255,255,255,255,255,255,255,255,255,255,255,255,255,255,255,255,255,255,255,255,255,255,255,255,255,255,255,255,255,255,255,255,255,255,255,255,255,255,255,255,255,255,255,255,255,255,255,255,255,255,255,255,255,255,255,255,255,255,255,255,255,255,255,255,255,255,255,255,255,255,255,255,255,255,255,255,255,255,255,255,255,255,255,255,255,255,255,255,255,255,255,255,255,255,255,255,255,255,255,255,255,255,255,255,255,255,255,255,255,255,255,255,255,255,255,255,255,255,255,255,255,255,255,255,255,255,255,255,255,255,255,255,255,255,255,255,255,255,255,255,255,255,255,255,255
252,252,252,253,253,253,253,253,253,254,254,254,254,254,254,254,254,254,255,255,255,255,255,255,255,255,255,252,252,252,254,254,254,253,253,253,235,235,235,238,238,238,255,255,255,249,249,249,244,244,244,243,243,243,248,248,248,249,249,249,252,252,252,209,209,209,162,162,162,102,102,102,56,56,54,27,27,25,35,35,33,66,66,64,100,100,98,143,143,141,149,149,147,134,134,132,82,82,80,57,57,55,45,45,43,55,55,53,43,43,41,33,33,31,61,61,59,107,107,105,169,169,167,156,156,154,140,140,138,119,119,117,142,142,140,143,143,141,123,123,121,127,127,125,136,137,132,148,149,144,175,176,171,190,191,186,181,182,177,149,150,144,110,109,104,74,73,68,49,48,43,31,30,25,20,19,14,22,21,17,44,43,39,110,111,106,135,136,131,154,155,150,160,159,155,146,145,141,128,127,123,98,97,93,74,73,69,54,53,49,50,49,45,56,55,51,73,72,68,112,111,107,121,120,116,110,109,105,64,63,59,48,49,44,52,53,48,119,120,115,185,184,180,249,248,244,248,247,243,236,235,231,211,210,206,134,133,129,85,84,80,75,74,70,50,49,45,31,30,26,41,40,36,84,83,79,103,102,98,87,86,82,54,53,49,27,26,22,31,31,29,62,62,60,80,80,78,50,50,48,31,31,31,33,33,33,93,93,93,160,160,160,225,225,225,242,242,242,249,249,249,244,244,244,232,232,232,238,238,238,255,255,255,254,254,254,255,255,255,255,255,255,255,255,255,255,255,255,255,255,255,255,255,255,255,255,255,255,255,255,255,255,255,255,255,255,255,255,255,255,255,255,255,255,255,255,255,255,255,255,255,255,255,255,255,255,255,255,255,255,255,255,255,255,255,255,255,255,255,255,255,255,255,255,255,255,255,255,255,255,255,255,255,255,255,255,255,255,255,255,255,255,255,255,255,255,255,255,255,255,255,255,255,255,255,255,255,255,255,255,255,255,255,255,255,255,255,255,255,255,255,255,255,255,255,255,255,255,255,255,255,255,255,255,255,255,255,255,255,255,255,255,255,255,255,255,255,255,255,255,255,255,255,255,255,255,255,255,255,255,255,255,255,255,255,255,255,255,255,255,255,255,255,255,255,255,255,255,255,255,255,255,255,255,255,255,255,255,255,255,255,255,255,255,255,255,255,255,255,255,255,255,255,255,255,255,255,255,255,255,255,255,255,255,255,255,255,255,255,255,255,255,255,255,255,255,255,255,255,255,255,255,255,255,255,255,255,255,255,255,255,255,255,255,255,255,255,255,255,255,255,255,255,255,255,255,255,255,255,255,255,255,255,255,255,255,255,255,255,255,255,255,255,255,255,255,255,255,255,255,255,255,255,255,255,255,255,255,255,255,255,255,255,255,255,255,255,255,255,255,255,255,255,255,255,255,255,255,255,255,255,255,255,255,255,255,255,255,255,255,255,255,255,255,255,255,255,255,255,255,255,255,255,255,255,255,255,255,255,255,255,255
253,253,253,253,253,253,253,253,253,254,254,254,255,255,255,255,255,255,255,255,255,255,255,255,253,253,253,255,255,255,255,255,255,254,254,254,239,239,239,242,242,242,250,250,250,254,254,254,252,252,252,246,246,246,240,240,240,230,230,230,198,198,198,141,141,141,82,82,82,25,25,25,29,29,27,54,54,52,87,87,85,121,121,119,157,157,155,182,182,180,154,154,152,105,105,103,42,42,40,18,18,16,18,18,16,18,18,16,43,43,41,84,84,82,113,113,111,162,162,160,202,202,200,188,188,186,189,189,187,187,187,185,193,193,191,174,174,172,143,143,141,154,154,152,174,175,170,206,207,202,204,205,200,209,210,205,202,203,197,183,182,177,162,161,156,146,145,140,118,117,112,95,94,89,74,73,68,69,68,63,79,78,74,111,110,106,125,124,120,129,128,124,120,119,115,111,110,106,107,106,102,104,103,99,97,96,92,91,87,84,72,68,65,54,50,47,46,45,41,89,88,84,113,112,108,119,118,114,94,93,89,72,71,67,42,43,38,64,65,60,113,112,108,193,192,188,212,211,207,198,197,193,147,146,142,80,79,75,47,46,42,89,88,84,75,74,70,54,53,49,28,27,23,50,49,45,81,80,76,103,102,98,83,82,78,52,51,47,32,32,30,39,39,37,53,53,51,52,52,50,63,63,63,85,85,85,151,151,151,204,204,204,252,252,252,254,254,254,249,249,249,241,241,241,239,239,239,245,245,245,253,253,253,254,254,254,255,255,255,255,255,255,255,255,255,255,255,255,255,255,255,255,255,255,255,255,255,255,255,255,255,255,255,255,255,255,255,255,255,255,255,255,255,255,255,255,255,255,255,255,255,255,255,255,255,255,255,255,255,255,255,255,255,255,255,255,255,255,255,255,255,255,255,255,255,255,255,255,255,255,255,255,255,255,255,255,255,255,255,255,255,255,255,255,255,255,255,255,255,255,255,255,255,255,255,255,255,255,255,255,255,255,255,255,255,255,255,255,255,255,255,255,255,255,255,255,255,255,255,255,255,255,255,255,255,255,255,255,255,255,255,255,255,255,255,255,255,255,255,255,255,255,255,255,255,255,255,255,255,255,255,255,255,255,255,255,255,255,255,255,255,255,255,255,255,255,255,255,255,255,255,255,255,255,255,255,255,255,255,255,255,255,255,255,255,255,255,255,255,255,255,255,255,255,255,255,255,255,255,255,255,255,255,255,255,255,255,255,255,255,255,255,255,255,255,255,255,255,255,255,255,255,255,255,255,255,255,255,255,255,255,255,255,255,255,255,255,255,255,255,255,255,255,255,255,255,255,255,255,255,255,255,255,255,255,255,255,255,255,255,255,255,255,255,255,255,255,255,255,255,255,255,255,255,255,255,255,255,255,255,255,255,255,255,255,255,255,255,255,255,255,255,255,255,255,255,255,255,255,255,255,255,255,255,255,255,255,255,255,255,255,255,255,255,255,255,255,255,255,255,255,255,255,255,255,255,255,255,255,255,255,255
253,253,253,253,253,253,254,254,254,254,254,254,255,255,255,255,255,255,255,255,255,254,254,254,255,255,255,255,255,255,251,251,251,252,252,252,241,241,241,238,238,238,240,240,240,249,249,249,255,255,255,253,253,253,226,226,226,180,180,180,101,101,101,43,43,43,9,9,9,1,1,1,71,71,69,127,127,125,166,166,164,185,185,183,191,191,189,178,178,176,120,120,118,60,60,58,21,21,19,28,28,26,45,45,43,53,53,51,133,133,131,234,234,232,245,245,243,244,244,242,242,242,240,219,219,217,217,217,215,216,216,214,200,200,198,167,167,165,132,132,130,134,134,132,162,163,157,200,201,195,185,186,180,169,168,163,156,155,150,176,175,170,203,202,197,225,224,219,224,223,218,206,205,200,192,191,186,191,190,185,177,176,171,142,141,136,114,113,108,88,87,82,40,36,33,17,13,10,17,13,10,52,48,45,97,93,90,142,138,135,149,145,142,139,135,132,116,112,109,40,36,33,22,21,17,55,54,50,121,120,116,141,140,136,126,127,122,51,52,47,43,42,38,92,91,87,135,134,130,137,136,132,56,55,51,21,20,16,28,27,23,92,91,87,108,107,103,92,91,87,38,37,33,26,25,21,44,43,39,92,91,87,107,106,102,104,103,99,53,53,51,22,22,20,16,16,14,63,63,61,115,115,115,167,167,167,218,218,218,245,245,245,255,255,255,252,252,252,247,247,247,244,244,244,251,251,251,255,255,255,254,254,254,255,255,255,255,255,255,255,255,255,255,255,255,255,255,255,255,255,255,255,255,255,255,255,255,255,255,255,255,255,255,255,255,255,255,255,255,255,255,255,255,255,255,255,255,255,255,255,255,255,255,255,255,255,255,255,255,255,255,255,255,255,255,255,255,255,255,255,255,255,255,255,255,255,255,255,255,255,255,255,255,255,255,255,255,255,255,255,255,255,255,255,255,255,255,255,255,255,255,255,255,255,255,255,255,255,255,255,255,255,255,255,255,255,255,255,255,255,255,255,255,255,255,255,255,255,255,255,255,255,255,255,255,255,255,255,255,255,255,255,255,255,255,255,255,255,255,255,255,255,255,255,255,255,255,255,255,255,255,255,255,255,255,255,255,255,255,255,255,255,255,255,255,255,255,255,255,255,255,255,255,255,255,255,255,255,255,255,255,255,255,255,255,255,255,255,255,255,255,255,255,255,255,255,255,255,255,255,255,255,255,255,255,255,255,255,255,255,255,255,255,255,255,255,255,255,255,255,255,255,255,255,255,255,255,255,255,255,255,255,255,255,255,255,255,255,255,255,255,255,255,255,255,255,255,255,255,255,255,255,255,255,255,255,255,255,255,255,255,255,255,255,255,255,255,255,255,255,255,255,255,255,255,255,255,255,255,255,255,255,255,255,255,255,255,255,255,255,255,255,255,255,255,255,255,255,255,255,255,255,255,255,255,255,255,255,255,255,255,255,255,255,255,255,255,255,255,255,255,255,255,255,255,255,255,255,255,255,255,255
253,253,253,253,253,253,254,254,254,255,255,255,255,255,255,255,255,255,254,254,254,254,254,254,254,254,254,253,253,253,249,249,249,253,253,253,242,242,242,240,240,240,250,250,250,253,253,253,232,232,232,195,195,195,139,139,139,85,85,85,39,39,39,39,39,39,55,55,55,101,101,101,110,110,108,104,104,102,80,80,78,80,80,78,102,102,100,147,147,145,153,153,151,143,143,141,118,118,116,131,131,129,146,146,144,159,159,157,174,174,172,185,185,183,167,167,165,164,164,162,163,163,161,152,152,150,150,150,148,151,151,149,152,152,150,160,160,158,166,166,164,162,162,160,143,142,137,116,115,110,99,98,93,93,92,87,90,90,82,116,116,108,139,136,129,161,158,151,158,155,148,162,159,152,170,167,160,189,186,179,209,206,201,209,206,201,196,193,188,164,163,158,120,117,112,77,74,69,40,37,32,34,31,26,45,42,37,67,64,59,83,80,75,95,91,88,105,101,98,114,110,107,74,70,67,19,18,14,46,45,41,86,85,81,139,138,134,121,120,116,113,112,108,117,116,112,114,113,109,93,92,88,39,38,34,35,34,30,36,35,31,51,50,46,84,83,79,102,101,97,86,85,81,51,50,46,30,29,25,52,51,47,80,79,75,101,100,96,70,70,68,36,36,34,26,26,24,107,107,105,167,167,167,222,222,222,240,240,240,246,246,246,246,246,246,245,245,245,246,246,246,250,250,250,254,254,254,253,253,253,253,253,253,255,255,255,255,255,255,255,255,255,255,255,255,255,255,255,255,255,255,255,255,255,255,255,255,255,255,255,255,255,255,255,255,255,255,255,255,255,255,255,255,255,255,255,255,255,255,255,255,255,255,255,255,255,255,255,255,255,255,255,255,255,255,255,255,255,255,255,255,255,255,255,255,255,255,255,255,255,255,255,255,255,255,255,255,255,255,255,255,255,255,255,255,255,255,255,255,255,255,255,255,255,255,255,255,255,255,255,255,255,255,255,255,255,255,255,255,255,255,255,255,255,255,255,255,255,255,255,255,255,255,255,255,255,255,255,255,255,255,255,255,255,255,255,255,255,255,255,255,255,255,255,255,255,255,255,255,255,255,255,255,255,255,255,255,255,255,255,255,255,255,255,255,255,255,255,255,255,255,255,255,255,255,255,255,255,255,255,255,255,255,255,255,255,255,255,255,255,255,255,255,255,255,255,255,255,255,255,255,255,255,255,255,255,255,255,255,255,255,255,255,255,255,255,255,255,255,255,255,255,255,255,255,255,255,255,255,255,255,255,255,255,255,255,255,255,255,255,255,255,255,255,255,255,255,255,255,255,255,255,255,255,255,255,255,255,255,255,255,255,255,255,255,255,255,255,255,255,255,255,255,255,255,255,255,255,255,255,255,255,255,255,255,255,255,255,255,255,255,255,255,255,255,255,255,255,255,255,255,255,255,255,255,255,255,255,255,255,255,255,255,255,255,255,255,255,255,255,255,255,255,255,255,255,255,255,255,255,255,255
253,253,253,254,254,254,255,255,255,255,255,255,255,255,255,254,254,254,254,254,254,254,254,254,254,254,254,253,253,253,252,252,252,251,251,251,240,240,240,240,240,240,255,255,255,238,238,238,200,200,200,124,124,124,67,67,67,28,28,28,21,21,21,52,52,52,92,92,92,154,154,154,118,118,116,66,66,64,18,18,16,24,24,22,64,64,62,148,148,146,182,182,180,190,190,188,169,169,167,174,174,172,181,181,179,211,211,209,188,188,186,144,144,142,119,119,117,121,121,119,132,132,130,146,146,144,152,152,150,146,146,144,149,149,147,172,172,170,198,198,196,175,175,173,138,138,130,83,83,75,89,86,79,97,94,87,106,103,96,121,118,111,131,128,121,138,135,128,132,129,122,131,128,121,131,128,121,151,148,141,180,177,170,203,200,193,204,201,194,189,186,179,157,152,148,126,121,117,88,83,79,54,49,45,32,27,23,18,13,9,31,26,22,60,55,51,96,93,88,151,147,144,132,128,125,61,57,54,39,38,34,55,54,50,109,108,104,140,139,135,139,138,134,121,120,116,89,88,84,66,65,61,58,57,53,60,59,55,56,55,51,28,27,23,62,61,57,92,91,87,113,112,108,74,73,69,37,36,32,30,29,25,54,53,49,77,76,72,72,72,70,67,67,65,70,70,68,150,150,148,207,207,207,254,254,254,255,255,255,251,251,251,241,241,241,243,243,243,243,243,243,248,248,248,244,244,244,244,244,244,255,255,255,255,255,255,255,255,255,255,255,255,255,255,255,255,255,255,255,255,255,255,255,255,255,255,255,255,255,255,255,255,255,255,255,255,255,255,255,255,255,255,255,255,255,255,255,255,255,255,255,255,255,255,255,255,255,255,255,255,255,255,255,255,255,255,255,255,255,255,255,255,255,255,255,255,255,255,255,255,255,255,255,255,255,255,255,255,255,255,255,255,255,255,255,255,255,255,255,255,255,255,255,255,255,255,255,255,255,255,255,255,255,255,255,255,255,255,255,255,255,255,255,255,255,255,255,255,255,255,255,255,255,255,255,255,255,255,255,255,255,255,255,255,255,255,255,255,255,255,255,255,255,255,255,255,255,255,255,255,255,255,255,255,255,255,255,255,255,255,255,255,255,255,255,255,255,255,255,255,255,255,255,255,255,255,255,255,255,255,255,255,255,255,255,255,255,255,255,255,255,255,255,255,255,255,255,255,255,255,255,255,255,255,255,255,255,255,255,255,255,255,255,255,255,255,255,255,255,255,255,255,255,255,255,255,255,255,255,255,255,255,255,255,255,255,255,255,255,255,255,255,255,255,255,255,255,255,255,255,255,255,255,255,255,255,255,255,255,255,255,255,255,255,255,255,255,255,255,255,255,255,255,255,255,255,255,255,255,255,255,255,255,255,255,255,255,255,255,255,255,255,255,255,255,255,255,255,255,255,255,255,255,255,255,255,255,255,255,255,255,255,255,255,255,255,255,255,255,255,255,255,255,255,255,255,255,255,255,255,255,255
254,254,254,255,255,255,255,255,255,255,255,255,255,255,255,255,255,255,255,255,255,255,255,255,253,253,253,252,252,252,253,253,253,253,253,253,252,252,252,253,253,253,252,252,252,203,203,203,129,129,129,41,41,41,17,17,17,20,20,20,53,53,53,83,83,83,110,110,110,140,140,140,69,69,67,18,18,16,3,3,1,47,47,45,108,108,106,178,178,176,192,192,190,187,187,185,142,142,140,136,136,134,144,144,142,177,177,175,153,153,151,117,117,115,117,117,115,147,147,145,203,203,201,222,222,220,231,231,229,222,222,220,213,213,211,212,212,210,222,222,220,181,181,179,155,152,145,140,137,130,176,173,166,201,198,191,220,217,208,216,212,203,201,197,188,182,178,169,153,149,140,128,124,115,97,93,84,86,82,73,83,78,72,97,92,86,110,105,99,126,121,115,151,144,138,161,154,148,157,150,144,116,109,103,64,57,51,15,10,6,15,10,6,44,39,35,92,87,83,150,147,142,184,180,177,200,196,193,114,113,109,60,59,55,21,20,16,75,74,70,99,98,94,78,77,73,38,37,33,52,51,47,113,112,108,115,114,110,86,85,81,39,38,34,43,42,38,64,63,59,106,105,101,96,95,91,66,65,61,21,20,16,18,17,13,31,30,26,55,55,53,108,108,106,158,158,156,206,206,204,235,235,235,252,252,252,250,250,250,248,248,248,243,243,243,244,244,244,242,242,242,244,244,244,239,239,239,242,242,242,255,255,255,255,255,255,255,255,255,255,255,255,255,255,255,255,255,255,255,255,255,255,255,255,255,255,255,255,255,255,255,255,255,255,255,255,255,255,255,255,255,255,255,255,255,255,255,255,255,255,255,255,255,255,255,255,255,255,255,255,255,255,255,255,255,255,255,255,255,255,255,255,255,255,255,255,255,255,255,255,255,255,255,255,255,255,255,255,255,255,255,255,255,255,255,255,255,255,255,255,255,255,255,255,255,255,255,255,255,255,255,255,255,255,255,255,255,255,255,255,255,255,255,255,255,255,255,255,255,255,255,255,255,255,255,255,255,255,255,255,255,255,255,255,255,255,255,255,255,255,255,255,255,255,255,255,255,255,255,255,255,255,255,255,255,255,255,255,255,255,255,255,255,255,255,255,255,255,255,255,255,255,255,255,255,255,255,255,255,255,255,255,255,255,255,255,255,255,255,255,255,255,255,255,255,255,255,255,255,255,255,255,255,255,255,255,255,255,255,255,255,255,255,255,255,255,255,255,255,255,255,255,255,255,255,255,255,255,255,255,255,255,255,255,255,255,255,255,255,255,255,255,255,255,255,255,255,255,255,255,255,255,255,255,255,255,255,255,255,255,255,255,255,255,255,255,255,255,255,255,255,255,255,255,255,255,255,255,255,255,255,255,255,255,255,255,255,255,255,255,255,255,255,255,255,255,255,255,255,255,255,255,255,255,255,255,255,255,255,255,255,255,255,255,255,255,255,255,255,255,255,255,255,255,255,255,255,255,255,255,255,255
255,255,255,254,254,254,254,254,254,254,254,254,255,255,255,255,255,255,255,255,255,254,254,254,254,254,254,252,252,252,252,252,252,251,251,251,252,252,252,226,226,226,175,175,175,111,111,111,56,56,56,22,22,22,56,56,56,94,94,94,135,135,135,114,114,114,88,88,88,63,63,63,45,45,43,44,44,42,79,79,77,127,127,125,160,160,158,158,158,156,146,146,144,141,141,139,162,162,160,174,174,172,188,188,186,185,185,183,153,153,151,119,119,117,114,114,112,136,136,134,164,164,162,165,165,163,171,171,169,177,177,175,173,173,171,169,169,167,173,173,171,145,145,143,138,135,126,140,137,128,165,162,153,183,179,170,189,185,176,174,170,161,173,169,160,185,181,172,195,191,182,191,187,178,160,156,147,120,116,107,82,78,69,72,68,59,67,63,54,69,65,56,88,81,75,113,106,100,139,132,126,138,131,125,115,108,102,84,77,71,71,63,60,78,73,69,94,89,85,101,96,92,126,122,119,154,150,147,129,125,122,105,104,100,79,78,74,97,96,92,96,95,91,90,89,85,68,67,63,59,58,54,66,65,61,87,86,82,98,97,93,76,75,71,43,42,38,28,27,23,46,45,41,88,87,83,108,107,103,62,61,57,30,29,25,22,21,17,82,82,80,152,152,150,213,213,211,234,234,232,246,246,246,249,249,249,249,249,249,248,248,248,249,249,249,250,250,250,248,248,248,248,248,248,246,246,246,248,248,248,254,254,254,253,253,253,255,255,255,255,255,255,255,255,255,255,255,255,255,255,255,255,255,255,255,255,255,255,255,255,255,255,255,255,255,255,255,255,255,255,255,255,255,255,255,255,255,255,255,255,255,255,255,255,255,255,255,255,255,255,255,255,255,255,255,255,255,255,255,255,255,255,255,255,255,255,255,255,255,255,255,255,255,255,255,255,255,255,255,255,255,255,255,255,255,255,255,255,255,255,255,255,255,255,255,255,255,255,255,255,255,255,255,255,255,255,255,255,255,255,255,255,255,255,255,255,255,255,255,255,255,255,255,255,255,255,255,255,255,255,255,255,255,255,255,255,255,255,255,255,255,255,255,255,255,255,255,255,255,255,255,255,255,255,255,255,255,255,255,255,255,255,255,255,255,255,255,255,255,255,255,255,255,255,255,255,255,255,255,255,255,255,255,255,255,255,255,255,255,255,255,255,255,255,255,255,255,255,255,255,255,255,255,255,255,255,255,255,255,255,255,255,255,255,255,255,255,255,255,255,255,255,255,255,255,255,255,255,255,255,255,255,255,255,255,255,255,255,255,255,255,255,255,255,255,255,255,255,255,255,255,255,255,255,255,255,255,255,255,255,255,255,255,255,255,255,255,255,255,255,255,255,255,255,255,255,255,255,255,255,255,255,255,255,255,255,255,255,255,255,255,255,255,255,255,255,255,255,255,255,255,255,255,255,255,255,255,255,255,255,255,255,255,255,255,255,255,255,255,255,255,255,255,255,255,255,255,255,255,255,255,255
254,254,254,252,252,252,250,250,250,251,251,251,253,253,253,254,254,254,252,252,252,251,251,251,251,251,251,252,252,252,252,252,252,252,252,252,244,244,244,186,186,186,92,92,92,32,32,32,20,20,20,44,44,44,107,107,107,153,153,153,193,193,193,137,137,137,76,76,76,24,24,24,53,53,51,93,93,91,151,151,149,181,181,179,189,189,187,141,141,139,118,118,116,115,115,113,171,171,169,193,193,191,201,201,199,178,178,176,157,157,155,135,135,133,133,133,131,142,142,140,152,152,150,136,136,134,138,138,136,154,154,152,154,154,152,150,150,148,150,150,148,140,140,138,140,137,128,152,149,140,168,164,155,170,166,157,156,152,143,145,141,132,148,144,135,179,175,166,212,205,197,219,212,204,189,185,176,144,140,131,102,98,89,85,81,72,78,74,65,70,66,57,76,69,61,88,81,73,111,104,98,132,125,119,133,126,120,124,117,111,108,101,95,104,96,93,96,91,87,68,63,59,69,66,61,92,88,85,138,134,131,143,142,138,130,129,125,94,93,89,89,88,84,99,98,94,88,87,83,66,65,61,33,32,28,61,60,56,84,83,79,91,90,86,57,56,52,27,26,22,12,11,7,66,65,61,108,107,103,82,81,77,60,59,55,57,56,52,134,134,132,198,198,196,250,250,248,255,255,253,250,250,250,248,248,248,245,245,245,247,247,247,252,252,252,254,254,254,255,255,255,253,253,253,255,255,255,255,255,255,254,254,254,255,255,255,255,255,255,255,255,255,255,255,255,255,255,255,255,255,255,255,255,255,255,255,255,255,255,255,255,255,255,255,255,255,255,255,255,255,255,255,255,255,255,255,255,255,255,255,255,255,255,255,255,255,255,255,255,255,255,255,255,255,255,255,255,255,255,255,255,255,255,255,255,255,255,255,255,255,255,255,255,255,255,255,255,255,255,255,255,255,255,255,255,255,255,255,255,255,255,255,255,255,255,255,255,255,255,255,255,255,255,255,255,255,255,255,255,255,255,255,255,255,255,255,255,255,255,255,255,255,255,255,255,255,255,255,255,255,255,255,255,255,255,255,255,255,255,255,255,255,255,255,255,255,255,255,255,255,255,255,255,255,255,255,255,255,255,255,255,255,255,255,255,255,255,255,255,255,255,255,255,255,255,255,255,255,255,255,255,255,255,255,255,255,255,255,255,255,255,255,255,255,255,255,255,255,255,255,255,255,255,255,255,255,255,255,255,255,255,255,255,255,255,255,255,255,255,255,255,255,255,255,255,255,255,255,255,255,255,255,255,255,255,255,255,255,255,255,255,255,255,255,255,255,255,255,255,255,255,255,255,255,255,255,255,255,255,255,255,255,255,255,255,255,255,255,255,255,255,255,255,255,255,255,255,255,255,255,255,255,255,255,255,255,255,255,255,255,255,255,255,255,255,255,255,255,255,255,255,255,255,255,255,255,255,255,255,255,255,255,255,255,255,255,255,255,255,255,255,255,255,255,255,255,255,255,255,255,255,255
253,253,253,243,243,243,230,230,230,240,240,240,248,248,248,255,255,255,242,242,242,242,242,242,247,247,247,252,252,252,252,252,252,251,251,251,216,216,216,132,132,132,15,15,15,12,12,12,57,57,57,155,155,155,154,154,154,165,165,165,184,184,184,131,131,131,90,90,90,71,71,71,138,138,136,178,178,176,169,169,167,160,160,158,151,151,149,149,149,147,150,150,148,145,145,143,148,148,146,139,139,137,140,140,138,137,137,135,154,154,152,178,178,176,181,181,179,189,189,187,198,198,196,201,201,199,207,207,205,212,212,210,214,214,212,212,212,210,209,209,207,206,206,204,208,205,196,205,202,193,203,199,190,200,196,187,192,188,179,179,175,166,167,163,154,161,157,148,153,146,138,144,137,129,127,123,114,109,105,96,117,113,104,169,165,156,181,177,168,174,170,161,156,149,141,126,119,111,93,86,80,73,66,60,69,62,56,79,72,66,96,89,83,107,99,96,109,104,100,73,68,64,61,58,53,61,57,54,151,147,144,164,163,159,107,106,102,48,47,43,38,37,33,92,91,87,97,96,92,85,84,80,73,72,68,50,49,45,44,43,39,55,54,50,96,95,91,100,99,95,33,32,28,20,19,15,34,33,29,77,76,72,115,114,110,161,160,156,220,220,218,241,241,239,253,253,251,254,254,252,254,254,254,253,253,253,253,253,253,255,255,255,255,255,255,255,255,255,255,255,255,255,255,255,255,255,255,255,255,255,255,255,255,255,255,255,255,255,255,255,255,255,255,255,255,255,255,255,255,255,255,255,255,255,255,255,255,255,255,255,255,255,255,255,255,255,255,255,255,255,255,255,255,255,255,255,255,255,255,255,255,255,255,255,255,255,255,255,255,255,255,255,255,255,255,255,255,255,255,255,255,255,255,255,255,255,255,255,255,255,255,255,255,255,255,255,255,255,255,255,255,255,255,255,255,255,255,255,255,255,255,255,255,255,255,255,255,255,255,255,255,255,255,255,255,255,255,255,255,255,255,255,255,255,255,255,255,255,255,255,255,255,255,255,255,255,255,255,255,255,255,255,255,255,255,255,255,255,255,255,255,255,255,255,255,255,255,255,255,255,255,255,255,255,255,255,255,255,255,255,255,255,255,255,255,255,255,255,255,255,255,255,255,255,255,255,255,255,255,255,255,255,255,255,255,255,255,255,255,255,255,255,255,255,255,255,255,255,255,255,255,255,255,255,255,255,255,255,255,255,255,255,255,255,255,255,255,255,255,255,255,255,255,255,255,255,255,255,255,255,255,255,255,255,255,255,255,255,255,255,255,255,255,255,255,255,255,255,255,255,255,255,255,255,255,255,255,255,255,255,255,255,255,255,255,255,255,255,255,255,255,255,255,255,255,255,255,255,255,255,255,255,255,255,255,255,255,255,255,255,255,255,255,255,255,255,255,255,255,255,255,255,255,255,255,255,255,255,255,255,255,255,255,255,255,255,255,255,255,255,255,255,255,255,255,255,255,255,255,255,255,255
247,247,247,244,244,244,240,240,240,247,247,247,248,248,248,243,243,243,232,232,232,236,236,236,250,250,250,251,251,251,238,238,238,208,208,208,130,130,130,73,73,73,47,47,47,67,67,67,102,102,102,147,147,147,123,123,123,132,132,132,189,189,189,155,155,155,128,128,128,122,122,122,160,160,158,180,180,178,160,160,158,146,146,144,137,137,135,143,143,141,153,153,151,159,159,157,158,158,156,161,161,159,169,169,167,176,176,174,187,187,185,197,197,195,202,202,200,209,209,207,213,213,211,217,217,215,222,222,220,226,226,224,226,226,224,224,224,222,222,222,220,220,220,218,222,219,210,222,219,210,221,218,209,218,214,205,212,208,199,204,200,191,194,190,181,187,183,174,176,172,163,166,162,153,155,151,142,149,145,136,149,145,136,155,151,142,161,157,148,165,161,152,157,150,144,142,135,129,123,116,110,106,99,93,93,86,80,88,81,75,90,82,79,90,85,81,96,91,87,97,92,88,110,106,103,128,124,121,106,102,99,92,91,87,91,90,86,80,79,75,73,72,68,52,51,47,76,75,71,89,88,84,84,83,79,52,51,47,39,38,34,54,53,49,91,90,86,105,104,100,69,68,64,43,42,38,43,42,38,102,101,97,164,163,159,219,218,214,241,241,239,251,251,249,255,255,253,254,254,252,255,255,255,255,255,255,254,254,254,254,254,254,255,255,255,255,255,255,255,255,255,255,255,255,255,255,255,255,255,255,255,255,255,255,255,255,255,255,255,255,255,255,255,255,255,255,255,255,255,255,255,255,255,255,255,255,255,255,255,255,255,255,255,255,255,255,255,255,255,255,255,255,255,255,255,255,255,255,255,255,255,255,255,255,255,255,255,255,255,255,255,255,255,255,255,255,255,255,255,255,255,255,255,255,255,255,255,255,255,255,255,255,255,255,255,255,255,255,255,255,255,255,255,255,255,255,255,255,255,255,255,255,255,255,255,255,255,255,255,255,255,255,255,255,255,255,255,255,255,255,255,255,255,255,255,255,255,255,255,255,255,255,255,255,255,255,255,255,255,255,255,255,255,255,255,255,255,255,255,255,255,255,255,255,255,255,255,255,255,255,255,255,255,255,255,255,255,255,255,255,255,255,255,255,255,255,255,255,255,255,255,255,255,255,255,255,255,255,255,255,255,255,255,255,255,255,255,255,255,255,255,255,255,255,255,255,255,255,255,255,255,255,255,255,255,255,255,255,255,255,255,255,255,255,255,255,255,255,255,255,255,255,255,255,255,255,255,255,255,255,255,255,255,255,255,255,255,255,255,255,255,255,255,255,255,255,255,255,255,255,255,255,255,255,255,255,255,255,255,255,255,255,255,255,255,255,255,255,255,255,255,255,255,255,255,255,255,255,255,255,255,255,255,255,255,255,255,255,255,255,255,255,255,255,255,255,255,255,255,255,255,255,255,255,255,255,255,255,255,255,255,255,255,255,255,255,255,255,255,255,255,255,255,255,255,255,255,255,255,255,255,255
241,241,241,246,246,246,249,249,249,252,252,252,245,245,245,231,231,231,228,228,228,240,240,240,254,254,254,243,243,243,206,206,206,141,141,141,46,46,46,34,34,34,98,98,98,123,123,123,125,125,125,105,105,105,75,75,75,96,96,96,187,187,187,169,169,169,154,154,154,150,150,150,159,159,157,164,164,162,146,146,144,138,138,136,136,136,134,146,146,144,162,162,160,175,175,173,187,187,185,201,201,199,212,212,210,223,223,221,222,222,220,212,212,210,212,212,210,213,213,211,220,220,218,223,223,221,226,226,224,227,227,225,226,226,224,224,224,222,223,223,221,222,222,220,226,223,216,228,225,218,229,226,219,228,225,218,227,224,215,227,223,214,223,219,210,219,215,206,217,213,204,212,208,199,206,202,193,203,199,190,190,185,179,148,143,137,133,128,122,129,124,118,139,132,126,145,138,132,153,146,140,150,143,137,132,125,119,106,101,97,85,80,76,72,67,63,70,65,61,120,117,112,161,157,154,188,184,181,66,65,61,32,31,27,70,69,65,116,115,111,110,109,105,31,30,26,68,67,63,81,80,76,75,74,70,55,54,50,50,49,45,63,62,58,72,71,67,83,82,78,96,95,91,83,82,78,83,82,78,137,136,132,203,202,198,255,255,251,254,254,252,255,255,253,254,254,252,253,253,251,254,254,254,255,255,255,255,255,255,254,254,254,255,255,255,255,255,255,255,255,255,255,255,255,255,255,255,255,255,255,255,255,255,255,255,255,255,255,255,255,255,255,255,255,255,255,255,255,255,255,255,255,255,255,255,255,255,255,255,255,255,255,255,255,255,255,255,255,255,255,255,255,255,255,255,255,255,255,255,255,255,255,255,255,255,255,255,255,255,255,255,255,255,255,255,255,255,255,255,255,255,255,255,255,255,255,255,255,255,255,255,255,255,255,255,255,255,255,255,255,255,255,255,255,255,255,255,255,255,255,255,255,255,255,255,255,255,255,255,255,255,255,255,255,255,255,255,255,255,255,255,255,255,255,255,255,255,255,255,255,255,255,255,255,255,255,255,255,255,255,255,255,255,255,255,255,255,255,255,255,255,255,255,255,255,255,255,255,255,255,255,255,255,255,255,255,255,255,255,255,255,255,255,255,255,255,255,255,255,255,255,255,255,255,255,255,255,255,255,255,255,255,255,255,255,255,255,255,255,255,255,255,255,255,255,255,255,255,255,255,255,255,255,255,255,255,255,255,255,255,255,255,255,255,255,255,255,255,255,255,255,255,255,255,255,255,255,255,255,255,255,255,255,255,255,255,255,255,255,255,255,255,255,255,255,255,255,255,255,255,255,255,255,255,255,255,255,255,255,255,255,255,255,255,255,255,255,255,255,255,255,255,255,255,255,255,255,255,255,255,255,255,255,255,255,255,255,255,255,255,255,255,255,255,255,255,255,255,255,255,255,255,255,255,255,255,255,255,255,255,255,255,255,255,255,255,255,255,255,255,255,255,255,255,255,255,255,255,255,255,255,255
240,240,240,247,247,247,253,253,253,248,248,248,239,239,239,226,226,226,232,232,232,242,242,242,251,251,251,210,210,210,145,145,145,65,65,65,28,28,28,54,54,54,124,124,124,120,120,120,87,87,87,33,33,33,18,18,18,56,56,56,150,150,150,144,144,144,139,139,139,134,134,134,137,137,135,143,143,141,144,144,142,154,154,152,165,165,163,181,181,179,196,196,194,211,211,209,221,221,219,229,229,227,229,229,227,231,231,229,226,226,224,218,218,216,221,221,219,224,224,222,222,222,220,223,223,221,223,223,221,223,223,221,221,221,219,220,220,218,219,219,217,218,218,216,216,216,208,217,217,209,220,217,210,221,218,211,225,222,215,229,226,219,231,228,221,231,228,221,231,228,221,235,232,225,235,232,225,234,231,224,229,226,219,200,197,190,184,181,174,165,162,155,151,146,142,151,146,142,152,147,143,144,139,135,123,118,114,97,92,88,75,70,66,61,56,52,64,61,56,122,118,115,134,130,127,108,104,101,83,82,78,70,69,65,70,69,65,89,88,84,95,94,90,102,101,97,76,75,71,55,54,50,32,31,27,69,68,64,88,87,83,78,77,73,55,54,50,51,50,46,77,76,72,97,96,92,140,139,135,206,205,201,241,240,236,252,251,247,253,253,251,252,252,250,253,253,251,253,253,251,253,253,253,254,254,254,255,255,255,255,255,255,255,255,255,255,255,255,255,255,255,255,255,255,255,255,255,255,255,255,255,255,255,255,255,255,255,255,255,255,255,255,255,255,255,255,255,255,255,255,255,255,255,255,255,255,255,255,255,255,255,255,255,255,255,255,255,255,255,255,255,255,255,255,255,255,255,255,255,255,255,255,255,255,255,255,255,255,255,255,255,255,255,255,255,255,255,255,255,255,255,255,255,255,255,255,255,255,255,255,255,255,255,255,255,255,255,255,255,255,255,255,255,255,255,255,255,255,255,255,255,255,255,255,255,255,255,255,255,255,255,255,255,255,255,255,255,255,255,255,255,255,255,255,255,255,255,255,255,255,255,255,255,255,255,255,255,255,255,255,255,255,255,255,255,255,255,255,255,255,255,255,255,255,255,255,255,255,255,255,255,255,255,255,255,255,255,255,255,255,255,255,255,255,255,255,255,255,255,255,255,255,255,255,255,255,255,255,255,255,255,255,255,255,255,255,255,255,255,255,255,255,255,255,255,255,255,255,255,255,255,255,255,255,255,255,255,255,255,255,255,255,255,255,255,255,255,255,255,255,255,255,255,255,255,255,255,255,255,255,255,255,255,255,255,255,255,255,255,255,255,255,255,255,255,255,255,255,255,255,255,255,255,255,255,255,255,255,255,255,255,255,255,255,255,255,255,255,255,255,255,255,255,255,255,255,255,255,255,255,255,255,255,255,255,255,255,255,255,255,255,255,255,255,255,255,255,255,255,255,255,255,255,255,255,255,255,255,255,255,255,255,255,255,255,255,255,255,255,255,255,255,255,255,255,255,255,255,255,255,255,255
244,244,244,248,248,248,248,248,248,238,238,238,234,234,234,232,232,232,242,242,242,239,239,239,223,223,223,162,162,162,92,92,92,20,20,20,54,54,54,80,80,80,95,95,95,75,75,75,52,52,52,27,27,27,37,37,37,78,78,78,142,142,142,131,131,131,125,125,125,127,127,127,140,140,138,151,151,149,165,165,163,182,182,180,195,195,193,209,209,207,218,218,216,226,226,224,229,229,227,230,230,228,228,228,226,224,224,222,225,225,223,225,225,223,223,223,221,223,223,221,224,224,222,223,223,221,221,221,219,219,219,217,218,218,216,217,217,215,216,216,214,216,216,214,215,214,209,213,212,207,213,212,207,216,215,210,219,219,211,222,222,214,227,224,217,230,227,220,229,226,219,232,229,222,234,231,224,231,228,221,230,227,222,230,227,222,216,213,208,187,186,181,173,170,165,165,162,157,159,156,151,154,151,146,143,140,135,125,122,117,108,105,100,97,93,90,89,85,82,115,111,108,98,94,91,56,55,51,100,99,95,110,109,105,77,76,72,60,59,55,72,71,67,117,116,112,89,88,84,51,50,46,23,22,18,70,69,65,94,93,89,66,65,61,58,57,53,60,59,55,67,66,62,97,96,92,144,143,139,219,218,214,245,244,240,252,251,247,254,254,252,253,253,251,255,255,253,255,255,253,254,254,254,254,254,254,255,255,255,254,254,254,255,255,255,255,255,255,255,255,255,255,255,255,255,255,255,255,255,255,255,255,255,255,255,255,255,255,255,255,255,255,255,255,255,255,255,255,255,255,255,255,255,255,255,255,255,255,255,255,255,255,255,255,255,255,255,255,255,255,255,255,255,255,255,255,255,255,255,255,255,255,255,255,255,255,255,255,255,255,255,255,255,255,255,255,255,255,255,255,255,255,255,255,255,255,255,255,255,255,255,255,255,255,255,255,255,255,255,255,255,255,255,255,255,255,255,255,255,255,255,255,255,255,255,255,255,255,255,255,255,255,255,255,255,255,255,255,255,255,255,255,255,255,255,255,255,255,255,255,255,255,255,255,255,255,255,255,255,255,255,255,255,255,255,255,255,255,255,255,255,255,255,255,255,255,255,255,255,255,255,255,255,255,255,255,255,255,255,255,255,255,255,255,255,255,255,255,255,255,255,255,255,255,255,255,255,255,255,255,255,255,255,255,255,255,255,255,255,255,255,255,255,255,255,255,255,255,255,255,255,255,255,255,255,255,255,255,255,255,255,255,255,255,255,255,255,255,255,255,255,255,255,255,255,255,255,255,255,255,255,255,255,255,255,255,255,255,255,255,255,255,255,255,255,255,255,255,255,255,255,255,255,255,255,255,255,255,255,255,255,255,255,255,255,255,255,255,255,255,255,255,255,255,255,255,255,255,255,255,255,255,255,255,255,255,255,255,255,255,255,255,255,255,255,255,255,255,255,255,255,255,255,255,255,255,255,255,255,255,255,255,255,255,255,255,255,255,255,255,255,255,255,255,255,255,255,255,255,255,255,255
250,250,250,245,245,245,237,237,237,229,229,229,233,233,233,246,246,246,252,252,252,229,229,229,187,187,187,105,105,105,45,45,45,16,16,16,96,96,96,103,103,103,47,47,47,18,18,18,23,23,23,65,65,65,88,88,88,115,115,115,140,140,140,125,125,125,121,121,121,141,141,141,162,162,160,178,178,176,196,196,194,213,213,211,224,224,222,230,230,228,233,233,231,234,234,232,235,235,233,228,228,226,221,221,219,210,210,208,215,215,213,226,226,224,224,224,222,224,224,222,220,220,218,218,218,216,215,215,213,214,214,212,213,213,211,214,214,212,213,213,211,212,212,210,210,211,205,209,210,204,209,210,204,213,212,207,214,213,208,213,212,207,214,213,208,217,216,211,220,219,214,217,216,211,221,220,215,222,221,216,221,220,215,232,231,226,225,224,219,209,208,203,197,193,190,184,180,177,173,169,166,171,167,164,169,165,162,161,157,154,147,143,140,136,132,129,120,116,113,97,93,90,53,52,48,23,22,18,113,112,108,137,136,132,102,103,98,40,41,36,43,42,38,113,112,108,93,92,88,70,69,65,43,42,38,69,68,64,75,74,70,42,41,37,82,81,77,99,98,94,75,74,70,85,84,80,116,115,111,201,200,196,232,231,227,247,246,242,254,254,252,254,254,252,254,254,252,254,254,252,255,255,255,255,255,255,255,255,255,254,254,254,255,255,255,255,255,255,255,255,255,255,255,255,255,255,255,255,255,255,255,255,255,255,255,255,255,255,255,255,255,255,255,255,255,255,255,255,255,255,255,255,255,255,255,255,255,255,255,255,255,255,255,255,255,255,255,255,255,255,255,255,255,255,255,255,255,255,255,255,255,255,255,255,255,255,255,255,255,255,255,255,255,255,255,255,255,255,255,255,255,255,255,255,255,255,255,255,255,255,255,255,255,255,255,255,255,255,255,255,255,255,255,255,255,255,255,255,255,255,255,255,255,255,255,255,255,255,255,255,255,255,255,255,255,255,255,255,255,255,255,255,255,255,255,255,255,255,255,255,255,255,255,255,255,255,255,255,255,255,255,255,255,255,255,255,255,255,255,255,255,255,255,255,255,255,255,255,255,255,255,255,255,255,255,255,255,255,255,255,255,255,255,255,255,255,255,255,255,255,255,255,255,255,255,255,255,255,255,255,255,255,255,255,255,255,255,255,255,255,255,255,255,255,255,255,255,255,255,255,255,255,255,255,255,255,255,255,255,255,255,255,255,255,255,255,255,255,255,255,255,255,255,255,255,255,255,255,255,255,255,255,255,255,255,255,255,255,255,255,255,255,255,255,255,255,255,255,255,255,255,255,255,255,255,255,255,255,255,255,255,255,255,255,255,255,255,255,255,255,255,255,255,255,255,255,255,255,255,255,255,255,255,255,255,255,255,255,255,255,255,255,255,255,255,255,255,255,255,255,255,255,255,255,255,255,255,255,255,255,255,255,255,255,255,255,255,255,255,255,255,255,255,255,255,255,255,255,255,255,255,255
253,253,253,242,242,242,231,231,231,230,230,230,238,238,238,251,251,251,240,240,240,190,190,190,116,116,116,55,55,55,43,43,43,67,67,67,126,126,126,109,109,109,33,33,33,26,26,26,65,65,65,138,138,138,131,131,131,125,125,125,124,124,124,128,128,128,139,139,139,165,165,165,187,187,185,205,205,203,219,219,217,229,229,227,234,234,232,229,229,227,224,224,222,220,220,218,222,222,220,220,220,218,217,217,215,211,211,209,217,217,215,227,227,225,223,223,221,220,220,218,218,218,216,216,216,214,214,214,212,213,213,211,213,213,211,214,214,212,215,215,213,215,215,213,217,218,213,217,218,213,218,219,214,218,219,214,218,219,213,218,217,212,218,217,212,218,217,212,217,216,211,214,213,208,215,214,209,217,216,211,220,219,215,232,231,227,236,235,231,239,238,234,230,229,225,217,216,212,201,200,196,186,185,181,170,169,165,149,145,142,119,115,112,93,89,86,62,61,57,59,58,54,73,72,68,89,88,84,67,66,62,68,67,63,90,91,86,83,84,79,64,63,59,35,34,30,67,66,62,96,95,91,99,98,94,61,60,56,35,34,30,32,31,27,109,108,104,152,151,147,124,123,119,71,70,66,51,50,46,113,112,108,193,192,188,255,255,251,248,248,246,253,253,251,253,253,251,252,252,250,255,255,255,255,255,255,254,254,254,255,255,255,255,255,255,255,255,255,255,255,255,255,255,255,255,255,255,255,255,255,255,255,255,255,255,255,255,255,255,255,255,255,255,255,255,255,255,255,255,255,255,255,255,255,255,255,255,255,255,255,255,255,255,255,255,255,255,255,255,255,255,255,255,255,255,255,255,255,255,255,255,255,255,255,255,255,255,255,255,255,255,255,255,255,255,255,255,255,255,255,255,255,255,255,255,255,255,255,255,255,255,255,255,255,255,255,255,255,255,255,255,255,255,255,255,255,255,255,255,255,255,255,255,255,255,255,255,255,255,255,255,255,255,255,255,255,255,255,255,255,255,255,255,255,255,255,255,255,255,255,255,255,255,255,255,255,255,255,255,255,255,255,255,255,255,255,255,255,255,255,255,255,255,255,255,255,255,255,255,255,255,255,255,255,255,255,255,255,255,255,255,255,255,255,255,255,255,255,255,255,255,255,255,255,255,255,255,255,255,255,255,255,255,255,255,255,255,255,255,255,255,255,255,255,255,255,255,255,255,255,255,255,255,255,255,255,255,255,255,255,255,255,255,255,255,255,255,255,255,255,255,255,255,255,255,255,255,255,255,255,255,255,255,255,255,255,255,255,255,255,255,255,255,255,255,255,255,255,255,255,255,255,255,255,255,255,255,255,255,255,255,255,255,255,255,255,255,255,255,255,255,255,255,255,255,255,255,255,255,255,255,255,255,255,255,255,255,255,255,255,255,255,255,255,255,255,255,255,255,255,255,255,255,255,255,255,255,255,255,255,255,255,255,255,255,255,255,255,255,255,255,255,255,255,255,255,255,255,255,255,255,255
254,254,254,242,242,242,234,234,234,239,239,239,243,243,243,246,246,246,212,212,212,139,139,139,55,55,55,30,30,30,66,66,66,129,129,129,148,148,148,121,121,121,56,56,56,76,76,76,113,113,113,180,180,180,139,139,139,116,116,116,116,116,116,151,151,151,178,178,178,191,191,191,202,202,200,220,220,218,228,228,226,235,235,233,238,238,236,228,228,226,223,223,221,217,217,215,218,218,216,218,218,216,216,216,214,211,211,209,215,215,213,223,223,221,223,223,221,222,222,220,218,218,216,217,217,215,216,216,214,215,215,213,215,215,213,217,217,215,219,219,217,220,220,218,221,222,217,222,223,218,222,223,218,219,220,215,218,219,214,218,219,213,218,217,212,217,216,211,216,215,210,220,219,214,219,218,213,218,217,213,219,218,214,220,221,216,223,224,219,229,230,225,231,230,226,227,226,222,218,217,213,207,206,202,193,192,188,174,173,169,143,142,138,113,112,108,89,88,84,70,69,65,81,80,76,107,106,102,45,44,40,39,40,35,80,81,76,93,94,89,78,77,73,29,28,24,67,66,62,88,87,83,95,94,90,60,59,55,47,46,42,73,72,68,112,111,107,133,132,128,120,119,115,71,70,66,49,48,44,53,52,48,133,132,128,216,215,211,243,243,241,253,253,251,255,255,253,253,253,251,255,255,255,254,254,254,253,253,253,255,255,255,255,255,255,255,255,255,255,255,255,255,255,255,255,255,255,255,255,255,255,255,255,255,255,255,255,255,255,255,255,255,255,255,255,255,255,255,255,255,255,255,255,255,255,255,255,255,255,255,255,255,255,255,255,255,255,255,255,255,255,255,255,255,255,255,255,255,255,255,255,255,255,255,255,255,255,255,255,255,255,255,255,255,255,255,255,255,255,255,255,255,255,255,255,255,255,255,255,255,255,255,255,255,255,255,255,255,255,255,255,255,255,255,255,255,255,255,255,255,255,255,255,255,255,255,255,255,255,255,255,255,255,255,255,255,255,255,255,255,255,255,255,255,255,255,255,255,255,255,255,255,255,255,255,255,255,255,255,255,255,255,255,255,255,255,255,255,255,255,255,255,255,255,255,255,255,255,255,255,255,255,255,255,255,255,255,255,255,255,255,255,255,255,255,255,255,255,255,255,255,255,255,255,255,255,255,255,255,255,255,255,255,255,255,255,255,255,255,255,255,255,255,255,255,255,255,255,255,255,255,255,255,255,255,255,255,255,255,255,255,255,255,255,255,255,255,255,255,255,255,255,255,255,255,255,255,255,255,255,255,255,255,255,255,255,255,255,255,255,255,255,255,255,255,255,255,255,255,255,255,255,255,255,255,255,255,255,255,255,255,255,255,255,255,255,255,255,255,255,255,255,255,255,255,255,255,255,255,255,255,255,255,255,255,255,255,255,255,255,255,255,255,255,255,255,255,255,255,255,255,255,255,255,255,255,255,255,255,255,255,255,255,255,255,255,255,255,255,255,255,255,255,255,255,255,255,255,255,255,255,255
253,253,253,246,246,246,243,243,243,252,252,252,253,253,253,240,240,240,166,166,166,78,78,78,5,5,5,28,28,28,94,94,94,189,189,189,163,163,163,134,134,134,115,115,115,142,142,142,170,170,170,193,193,193,128,128,128,99,99,99,128,128,128,188,188,188,222,222,222,215,215,215,215,215,213,220,220,218,229,229,227,235,235,233,234,234,232,228,228,226,220,221,216,215,216,211,216,216,214,216,216,214,214,214,212,213,213,211,217,217,215,223,223,221,224,224,222,221,221,219,220,220,218,219,219,217,219,219,217,219,219,217,220,220,218,221,221,219,223,223,221,224,224,222,224,224,222,221,221,219,219,219,217,219,219,217,218,218,216,217,217,215,216,216,214,217,217,215,218,218,216,218,218,216,221,221,219,223,223,221,215,215,213,203,203,203,200,200,200,203,203,203,212,212,210,218,218,216,225,225,223,228,228,226,227,227,225,218,218,216,201,201,199,186,186,184,164,165,160,115,114,110,86,85,81,80,79,75,50,46,43,46,42,39,64,60,57,77,73,70,83,82,78,76,75,71,71,70,66,57,56,52,44,43,39,60,59,55,93,92,88,144,143,139,99,98,94,65,64,60,77,76,72,86,85,81,67,66,62,16,15,11,69,68,64,152,151,147,234,233,231,255,254,252,254,253,251,253,253,251,254,254,254,255,255,255,255,255,255,254,254,254,255,255,255,255,255,255,255,255,255,255,255,255,254,254,254,255,255,255,255,255,255,255,255,255,255,255,255,255,255,255,255,255,255,255,255,255,255,255,255,255,255,255,255,255,255,255,255,255,255,255,255,255,255,255,255,255,255,255,255,255,255,255,255,255,255,255,255,255,255,255,255,255,255,255,255,255,255,255,255,255,255,255,255,255,255,255,255,255,255,255,255,255,255,255,255,255,255,255,255,255,255,255,255,255,255,255,255,255,255,255,255,255,255,255,255,255,255,255,255,255,255,255,255,255,255,255,255,255,255,255,255,255,255,255,255,255,255,255,255,255,255,255,255,255,255,255,255,255,255,255,255,255,255,255,255,255,255,255,255,255,255,255,255,255,255,255,255,255,255,255,255,255,255,255,255,255,255,255,255,255,255,255,255,255,255,255,255,255,255,255,255,255,255,255,255,255,255,255,255,255,255,255,255,255,255,255,255,255,255,255,255,255,255,255,255,255,255,255,255,255,255,255,255,255,255,255,255,255,255,255,255,255,255,255,255,255,255,255,255,255,255,255,255,255,255,255,255,255,255,255,255,255,255,255,255,255,255,255,255,255,255,255,255,255,255,255,255,255,255,255,255,255,255,255,255,255,255,255,255,255,255,255,255,255,255,255,255,255,255,255,255,255,255,255,255,255,255,255,255,255,255,255,255,255,255,255,255,255,255,255,255,255,255,255,255,255,255,255,255,255,255,255,255,255,255,255,255,255,255,255,255,255,255,255,255,255,255,255,255,255,255,255,255,255,255,255,255,255,255,255,255,255,255,255,255,255,255,255,255,255
245,245,245,243,243,243,248,248,248,253,253,253,237,237,237,203,203,203,111,111,111,50,50,50,12,12,12,55,55,55,110,110,110,165,165,165,120,120,120,115,115,115,127,127,127,152,152,152,160,160,160,167,167,167,121,121,121,113,113,113,151,151,151,207,207,207,235,235,235,220,220,218,219,219,217,222,222,220,227,227,225,229,229,227,227,227,225,221,221,219,214,214,212,209,209,207,212,212,210,214,214,212,216,216,214,217,217,215,219,219,217,222,222,220,222,222,220,219,219,217,219,219,217,219,219,217,219,219,217,219,219,217,220,220,218,221,221,219,222,222,220,222,222,220,218,218,216,216,216,214,213,213,211,212,212,210,211,211,209,210,210,208,211,211,209,212,212,210,213,213,211,217,217,215,219,219,217,222,222,220,225,225,223,228,228,228,226,226,226,222,222,222,218,218,216,219,219,217,222,222,220,223,223,221,221,221,219,214,214,212,205,205,203,199,199,197,191,192,187,150,149,145,99,98,94,36,35,31,89,85,82,93,89,86,62,58,55,48,44,41,67,66,62,127,126,122,83,82,78,46,45,41,21,20,16,87,86,82,139,138,134,173,172,168,94,93,89,33,32,28,31,30,26,76,75,71,98,97,93,48,47,43,42,41,37,77,76,72,202,201,199,249,248,246,255,255,253,255,255,253,253,253,253,254,254,254,255,255,255,255,255,255,254,254,254,255,255,255,255,255,255,255,255,255,255,255,255,255,255,255,254,254,254,255,255,255,255,255,255,255,255,255,255,255,255,255,255,255,255,255,255,255,255,255,255,255,255,255,255,255,255,255,255,255,255,255,255,255,255,255,255,255,255,255,255,255,255,255,255,255,255,255,255,255,255,255,255,255,255,255,255,255,255,255,255,255,255,255,255,255,255,255,255,255,255,255,255,255,255,255,255,255,255,255,255,255,255,255,255,255,255,255,255,255,255,255,255,255,255,255,255,255,255,255,255,255,255,255,255,255,255,255,255,255,255,255,255,255,255,255,255,255,255,255,255,255,255,255,255,255,255,255,255,255,255,255,255,255,255,255,255,255,255,255,255,255,255,255,255,255,255,255,255,255,255,255,255,255,255,255,255,255,255,255,255,255,255,255,255,255,255,255,255,255,255,255,255,255,255,255,255,255,255,255,255,255,255,255,255,255,255,255,255,255,255,255,255,255,255,255,255,255,255,255,255,255,255,255,255,255,255,255,255,255,255,255,255,255,255,255,255,255,255,255,255,255,255,255,255,255,255,255,255,255,255,255,255,255,255,255,255,255,255,255,255,255,255,255,255,255,255,255,255,255,255,255,255,255,255,255,255,255,255,255,255,255,255,255,255,255,255,255,255,255,255,255,255,255,255,255,255,255,255,255,255,255,255,255,255,255,255,255,255,255,255,255,255,255,255,255,255,255,255,255,255,255,255,255,255,255,255,255,255,255,255,255,255,255,255,255,255,255,255,255,255,255,255,255,255,255,255,255,255,255,255,255,255,255,255,255,255,255
244,244,244,241,241,241,246,246,246,248,248,248,223,223,223,172,172,172,65,65,65,31,31,31,39,39,39,87,87,87,110,110,110,100,100,100,99,99,99,117,117,117,155,155,155,165,165,165,167,167,167,161,161,161,136,136,136,136,136,136,161,161,161,202,202,202,230,230,230,222,222,220,220,220,218,220,220,218,221,221,219,222,222,220,222,222,220,218,218,216,213,213,211,210,210,208,211,211,209,214,214,212,217,217,215,219,219,217,219,219,217,218,218,216,217,217,215,217,217,215,216,216,214,216,216,214,217,217,215,217,217,215,217,217,215,217,217,215,216,216,214,216,216,214,215,215,213,216,216,214,215,215,213,212,212,210,210,210,208,210,210,208,211,211,209,211,211,209,213,213,211,216,216,214,217,217,215,218,218,216,223,223,221,229,229,229,226,226,226,219,219,219,219,219,217,219,219,217,220,220,218,220,220,218,218,218,216,214,214,212,212,212,210,212,212,210,209,210,205,186,185,181,131,130,126,73,72,68,105,104,100,103,99,96,74,70,67,48,44,41,58,57,53,102,101,97,89,88,84,70,69,65,55,54,50,95,94,90,138,137,133,158,157,153,124,123,119,76,75,71,18,17,13,54,53,49,93,92,88,90,89,85,44,43,39,34,33,29,155,154,152,224,223,221,252,251,249,254,254,252,254,254,254,255,255,255,254,254,254,255,255,255,254,254,254,255,255,255,255,255,255,255,255,255,255,255,255,255,255,255,254,254,254,255,255,255,255,255,255,255,255,255,255,255,255,255,255,255,255,255,255,255,255,255,255,255,255,255,255,255,255,255,255,255,255,255,255,255,255,255,255,255,255,255,255,255,255,255,255,255,255,255,255,255,255,255,255,255,255,255,255,255,255,255,255,255,255,255,255,255,255,255,255,255,255,255,255,255,255,255,255,255,255,255,255,255,255,255,255,255,255,255,255,255,255,255,255,255,255,255,255,255,255,255,255,255,255,255,255,255,255,255,255,255,255,255,255,255,255,255,255,255,255,255,255,255,255,255,255,255,255,255,255,255,255,255,255,255,255,255,255,255,255,255,255,255,255,255,255,255,255,255,255,255,255,255,255,255,255,255,255,255,255,255,255,255,255,255,255,255,255,255,255,255,255,255,255,255,255,255,255,255,255,255,255,255,255,255,255,255,255,255,255,255,255,255,255,255,255,255,255,255,255,255,255,255,255,255,255,255,255,255,255,255,255,255,255,255,255,255,255,255,255,255,255,255,255,255,255,255,255,255,255,255,255,255,255,255,255,255,255,255,255,255,255,255,255,255,255,255,255,255,255,255,255,255,255,255,255,255,255,255,255,255,255,255,255,255,255,255,255,255,255,255,255,255,255,255,255,255,255,255,255,255,255,255,255,255,255,255,255,255,255,255,255,255,255,255,255,255,255,255,255,255,255,255,255,255,255,255,255,255,255,255,255,255,255,255,255,255,255,255,255,255,255,255,255,255,255,255,255,255,255,255,255,255,255,255,255,255,255,255
239,239,239,242,242,242,246,246,246,251,251,251,207,207,207,134,134,134,40,40,40,29,29,29,75,75,75,120,120,120,94,94,94,29,29,29,100,100,100,157,157,157,191,191,191,185,185,185,179,179,179,176,176,176,169,169,169,160,160,160,151,151,151,171,171,171,205,205,205,221,221,219,217,217,215,216,216,214,215,215,213,217,217,215,218,218,216,218,218,216,217,217,215,216,216,214,213,213,213,214,214,214,216,216,216,218,218,218,217,217,217,214,214,214,214,214,214,216,216,216,214,214,214,214,214,214,214,214,214,214,214,214,213,213,213,212,212,212,212,212,212,211,211,211,215,217,214,218,220,217,219,221,218,217,219,216,214,216,213,213,215,212,213,215,212,211,213,210,214,216,213,214,216,213,216,218,215,218,220,217,216,218,215,212,214,213,210,212,211,212,214,213,212,212,210,213,213,211,215,215,213,218,218,216,221,221,219,224,224,222,229,229,227,232,232,230,234,235,230,219,220,215,198,197,193,175,174,170,93,92,88,71,70,66,96,92,89,87,83,80,54,53,49,9,8,4,69,68,64,119,118,114,154,153,149,119,118,114,88,87,83,101,100,96,174,173,169,186,185,181,46,45,41,23,22,18,51,50,46,144,143,139,76,75,71,25,24,20,91,90,88,178,177,175,252,251,249,255,255,253,255,255,255,255,255,255,253,253,253,255,255,255,253,253,253,255,255,255,254,254,254,252,252,252,255,255,255,255,255,255,254,254,254,255,255,255,255,255,255,255,255,255,255,255,255,255,255,255,255,255,255,255,255,255,255,255,255,255,255,255,255,255,255,255,255,255,255,255,255,255,255,255,255,255,255,255,255,255,255,255,255,255,255,255,255,255,255,255,255,255,255,255,255,255,255,255,255,255,255,255,255,255,255,255,255,255,255,255,255,255,255,255,255,255,255,255,255,255,255,255,255,255,255,255,255,255,255,255,255,255,255,255,255,255,255,255,255,255,255,255,255,255,255,255,255,255,255,255,255,255,255,255,255,255,255,255,255,255,255,255,255,255,255,255,255,255,255,255,255,255,255,255,255,255,255,255,255,255,255,255,255,255,255,255,255,255,255,255,255,255,255,255,255,255,255,255,255,255,255,255,255,255,255,255,255,255,255,255,255,255,255,255,255,255,255,255,255,255,255,255,255,255,255,255,255,255,255,255,255,255,255,255,255,255,255,255,255,255,255,255,255,255,255,255,255,255,255,255,255,255,255,255,255,255,255,255,255,255,255,255,255,255,255,255,255,255,255,255,255,255,255,255,255,255,255,255,255,255,255,255,255,255,255,255,255,255,255,255,255,255,255,255,255,255,255,255,255,255,255,255,255,255,255,255,255,255,255,255,255,255,255,255,255,255,255,255,255,255,255,255,255,255,255,255,255,255,255,255,255,255,255,255,255,255,255,255,255,255,255,255,255,255,255,255,255,255,255,255,255,255,255,255,255,255,255,255,255,255,255,255,255,255,255,255,255,255,255,255,255,255,255,255
236,238,235,245,247,244,250,252,249,249,251,248,169,171,168,65,67,64,21,23,20,45,47,44,93,95,92,64,66,63,55,57,54,68,70,67,124,126,123,163,165,162,179,181,178,176,178,175,174,176,173,165,167,164,157,159,156,156,158,155,156,158,155,179,181,178,203,205,202,223,225,224,216,218,217,214,216,215,212,214,213,213,215,214,215,217,216,216,218,217,215,217,216,215,217,216,215,217,216,214,216,215,215,217,216,216,218,217,215,217,216,213,215,214,213,215,214,214,216,215,214,216,215,213,215,214,213,215,214,213,215,214,212,214,213,212,214,213,212,214,213,211,213,212,213,215,212,216,218,215,218,220,217,217,219,216,215,217,214,214,216,213,213,215,212,212,214,211,215,217,214,213,215,212,216,218,215,218,220,217,211,213,210,201,203,200,203,205,204,212,214,213,217,219,216,216,218,215,214,216,213,212,214,211,215,217,214,221,223,220,226,226,224,227,227,225,223,224,219,215,216,211,204,205,200,198,197,193,142,141,137,111,110,106,94,93,89,89,85,82,70,69,65,48,47,43,83,82,78,127,126,122,163,162,158,115,114,110,90,89,85,83,82,78,143,142,138,165,164,160,107,106,102,52,51,47,25,24,20,88,87,83,101,100,96,83,82,78,51,50,48,134,133,131,240,239,237,248,248,246,253,253,253,255,255,255,252,252,252,253,253,253,250,250,250,254,254,254,250,250,250,246,246,246,251,251,251,254,254,254,254,254,254,255,255,255,255,255,255,255,255,255,255,255,255,255,255,255,255,255,255,255,255,255,255,255,255,255,255,255,255,255,255,255,255,255,255,255,255,255,255,255,255,255,255,255,255,255,255,255,255,255,255,255,255,255,255,255,255,255,255,255,255,255,255,255,255,255,255,255,255,255,255,255,255,255,255,255,255,255,255,255,255,255,255,255,255,255,255,255,255,255,255,255,255,255,255,255,255,255,255,255,255,255,255,255,255,255,255,255,255,255,255,255,255,255,255,255,255,255,255,255,255,255,255,255,255,255,255,255,255,255,255,255,255,255,255,255,255,255,255,255,255,255,255,255,255,255,255,255,255,255,255,255,255,255,255,255,255,255,255,255,255,255,255,255,255,255,255,255,255,255,255,255,255,255,255,255,255,255,255,255,255,255,255,255,255,255,255,255,255,255,255,255,255,255,255,255,255,255,255,255,255,255,255,255,255,255,255,255,255,255,255,255,255,255,255,255,255,255,255,255,255,255,255,255,255,255,255,255,255,255,255,255,255,255,255,255,255,255,255,255,255,255,255,255,255,255,255,255,255,255,255,255,255,255,255,255,255,255,255,255,255,255,255,255,255,255,255,255,255,255,255,255,255,255,255,255,255,255,255,255,255,255,255,255,255,255,255,255,255,255,255,255,255,255,255,255,255,255,255,255,255,255,255,255,255,255,255,255,255,255,255,255,255,255,255,255,255,255,255,255,255,255,255,255,255,255,255,255,255,255,255,255,255,255,255,255,255,255,255,255
242,244,241,246,248,245,247,249,246,226,228,225,128,130,127,18,20,17,28,30,27,72,74,71,109,111,108,44,46,43,46,48,45,109,111,108,146,148,145,167,169,166,171,173,170,176,178,175,168,170,167,160,162,159,152,154,151,153,155,152,157,159,156,179,181,178,198,200,197,220,222,221,215,217,216,214,216,215,213,215,214,213,215,214,214,216,215,214,216,215,213,215,214,213,215,214,215,217,216,214,216,215,214,216,215,216,218,217,216,218,217,214,216,215,213,215,214,214,216,215,214,216,215,214,216,215,214,216,215,214,216,215,214,216,215,214,216,215,214,216,215,215,217,216,213,215,212,214,216,213,215,217,214,214,216,213,213,215,212,213,215,212,214,216,213,214,216,213,215,217,214,214,216,213,214,216,213,214,216,213,210,212,209,206,208,205,209,211,210,216,218,217,218,220,217,217,219,216,214,216,213,212,214,211,215,217,214,221,223,220,221,223,220,218,218,216,217,218,213,212,213,208,211,212,207,208,207,203,179,178,174,148,147,143,109,108,104,85,84,80,75,74,70,75,74,70,89,88,84,114,113,109,135,134,130,121,120,116,98,97,93,70,69,65,106,105,101,126,125,121,130,129,125,67,66,62,18,17,13,44,43,39,88,87,83,116,115,111,31,30,28,96,95,93,201,200,198,239,239,237,252,252,252,255,255,255,251,251,251,247,247,247,247,247,247,249,249,249,246,246,246,243,243,243,248,248,248,254,254,254,255,255,255,255,255,255,255,255,255,255,255,255,255,255,255,255,255,255,255,255,255,255,255,255,255,255,255,255,255,255,255,255,255,255,255,255,255,255,255,255,255,255,255,255,255,255,255,255,255,255,255,255,255,255,255,255,255,255,255,255,255,255,255,255,255,255,255,255,255,255,255,255,255,255,255,255,255,255,255,255,255,255,255,255,255,255,255,255,255,255,255,255,255,255,255,255,255,255,255,255,255,255,255,255,255,255,255,255,255,255,255,255,255,255,255,255,255,255,255,255,255,255,255,255,255,255,255,255,255,255,255,255,255,255,255,255,255,255,255,255,255,255,255,255,255,255,255,255,255,255,255,255,255,255,255,255,255,255,255,255,255,255,255,255,255,255,255,255,255,255,255,255,255,255,255,255,255,255,255,255,255,255,255,255,255,255,255,255,255,255,255,255,255,255,255,255,255,255,255,255,255,255,255,255,255,255,255,255,255,255,255,255,255,255,255,255,255,255,255,255,255,255,255,255,255,255,255,255,255,255,255,255,255,255,255,255,255,255,255,255,255,255,255,255,255,255,255,255,255,255,255,255,255,255,255,255,255,255,255,255,255,255,255,255,255,255,255,255,255,255,255,255,255,255,255,255,255,255,255,255,255,255,255,255,255,255,255,255,255,255,255,255,255,255,255,255,255,255,255,255,255,255,255,255,255,255,255,255,255,255,255,255,255,255,255,255,255,255,255,255,255,255,255,255,255,255,255,255,255,255,255,255,255,255,255,255,255,255,255,255,255,255
243,245,242,244,246,243,236,238,235,175,177,174,90,92,89,16,18,15,62,64,61,100,102,99,126,128,125,66,68,65,76,78,75,132,134,131,155,157,154,172,174,171,180,182,179,172,174,171,165,167,164,151,153,150,145,147,144,149,151,148,163,165,162,184,186,183,199,201,198,212,214,213,213,215,214,212,214,213,213,215,214,213,215,214,213,215,214,213,214,216,213,214,216,214,215,217,214,215,217,214,215,217,214,215,217,215,216,218,215,216,218,214,215,217,214,215,217,213,214,216,214,215,217,214,215,217,214,215,217,214,215,217,214,215,217,214,215,217,214,215,217,215,216,218,214,216,213,214,216,213,213,215,212,214,216,213,214,216,213,214,216,213,214,216,213,215,217,214,213,215,212,213,215,212,213,215,212,213,215,212,215,217,214,218,220,217,220,222,219,221,223,220,220,222,219,217,219,216,213,215,212,212,214,211,216,218,215,217,219,216,213,215,212,208,210,207,200,201,196,215,216,211,220,221,216,228,229,224,210,209,205,176,175,171,132,131,127,102,101,97,85,84,80,83,82,78,75,74,70,72,71,67,65,64,60,102,101,97,115,114,110,73,72,68,56,55,51,62,61,57,109,108,104,74,73,69,39,38,34,14,13,9,53,52,48,81,80,76,36,35,33,71,70,68,140,139,137,230,230,228,255,255,255,254,254,254,249,249,249,249,249,249,248,248,248,246,246,246,244,244,244,245,245,245,250,250,250,254,254,254,255,255,255,255,255,255,255,255,255,255,255,255,255,255,255,255,255,255,255,255,255,255,255,255,255,255,255,255,255,255,255,255,255,255,255,255,255,255,255,255,255,255,255,255,255,255,255,255,255,255,255,255,255,255,255,255,255,255,255,255,255,255,255,255,255,255,255,255,255,255,255,255,255,255,255,255,255,255,255,255,255,255,255,255,255,255,255,255,255,255,255,255,255,255,255,255,255,255,255,255,255,255,255,255,255,255,255,255,255,255,255,255,255,255,255,255,255,255,255,255,255,255,255,255,255,255,255,255,255,255,255,255,255,255,255,255,255,255,255,255,255,255,255,255,255,255,255,255,255,255,255,255,255,255,255,255,255,255,255,255,255,255,255,255,255,255,255,255,255,255,255,255,255,255,255,255,255,255,255,255,255,255,255,255,255,255,255,255,255,255,255,255,255,255,255,255,255,255,255,255,255,255,255,255,255,255,255,255,255,255,255,255,255,255,255,255,255,255,255,255,255,255,255,255,255,255,255,255,255,255,255,255,255,255,255,255,255,255,255,255,255,255,255,255,255,255,255,255,255,255,255,255,255,255,255,255,255,255,255,255,255,255,255,255,255,255,255,255,255,255,255,255,255,255,255,255,255,255,255,255,255,255,255,255,255,255,255,255,255,255,255,255,255,255,255,255,255,255,255,255,255,255,255,255,255,255,255,255,255,255,255,255,255,255,255,255,255,255,255,255,255,255,255,255,255,255,255,255,255,255,255,255,255,255,255,255,255,255,255,255,255,255
248,250,247,249,251,248,226,228,225,117,119,116,46,48,45,19,21,18,95,97,94,126,128,125,127,129,126,100,102,99,108,110,107,148,150,147,164,166,163,171,173,170,173,175,172,169,171,168,157,159,154,143,145,140,144,146,143,151,153,150,171,173,170,187,189,186,201,203,200,205,207,206,211,213,212,211,213,212,212,214,213,213,214,216,213,214,216,212,213,215,213,214,216,214,215,217,214,215,217,214,215,217,214,215,217,213,214,216,213,214,216,213,214,216,213,214,216,213,214,216,213,214,216,213,214,216,213,214,216,213,214,216,213,214,216,213,214,216,213,214,216,212,213,215,215,217,214,213,215,212,212,214,211,214,216,213,215,217,214,213,215,212,212,214,211,213,215,212,213,215,212,213,215,212,213,215,212,213,215,212,216,218,215,219,221,218,218,220,217,215,217,214,208,210,207,202,204,201,197,199,196,200,202,199,207,209,206,211,213,210,210,212,209,209,211,208,205,207,202,212,213,208,218,219,214,226,227,222,225,224,220,203,202,198,159,158,154,125,124,120,101,100,96,96,95,91,86,85,81,61,60,56,26,25,21,94,93,89,131,130,126,108,107,103,55,54,50,33,32,28,72,71,67,96,95,91,90,89,85,29,28,24,46,45,41,75,74,70,90,89,87,74,73,71,77,76,74,204,204,202,250,250,250,253,253,253,247,247,247,248,248,248,250,250,250,245,245,245,244,244,244,249,249,249,252,252,252,254,254,254,255,255,255,255,255,255,255,255,255,255,255,255,255,255,255,255,255,255,255,255,255,255,255,255,255,255,255,255,255,255,255,255,255,255,255,255,255,255,255,255,255,255,255,255,255,255,255,255,255,255,255,255,255,255,255,255,255,255,255,255,255,255,255,255,255,255,255,255,255,255,255,255,255,255,255,255,255,255,255,255,255,255,255,255,255,255,255,255,255,255,255,255,255,255,255,255,255,255,255,255,255,255,255,255,255,255,255,255,255,255,255,255,255,255,255,255,255,255,255,255,255,255,255,255,255,255,255,255,255,255,255,255,255,255,255,255,255,255,255,255,255,255,255,255,255,255,255,255,255,255,255,255,255,255,255,255,255,255,255,255,255,255,255,255,255,255,255,255,255,255,255,255,255,255,255,255,255,255,255,255,255,255,255,255,255,255,255,255,255,255,255,255,255,255,255,255,255,255,255,255,255,255,255,255,255,255,255,255,255,255,255,255,255,255,255,255,255,255,255,255,255,255,255,255,255,255,255,255,255,255,255,255,255,255,255,255,255,255,255,255,255,255,255,255,255,255,255,255,255,255,255,255,255,255,255,255,255,255,255,255,255,255,255,255,255,255,255,255,255,255,255,255,255,255,255,255,255,255,255,255,255,255,255,255,255,255,255,255,255,255,255,255,255,255,255,255,255,255,255,255,255,255,255,255,255,255,255,255,255,255,255,255,255,255,255,255,255,255,255,255,255,255,255,255,255,255,255,255,255,255,255,255,255,255,255,255,255,255,255,255,255,255
250,252,249,253,255,252,224,226,223,73,75,72,20,22,19,27,29,26,124,126,123,146,148,145,129,131,128,127,129,126,139,141,138,162,164,161,167,169,166,165,167,164,171,173,170,158,160,157,146,148,143,136,138,133,143,145,140,155,157,154,179,181,178,195,197,194,204,206,203,206,208,207,210,212,211,211,213,212,212,213,215,212,213,215,212,213,215,213,214,216,213,214,216,213,214,216,214,215,217,214,215,217,214,215,217,214,215,217,213,214,216,213,214,216,213,214,216,214,215,217,213,214,216,213,214,216,213,214,216,213,214,216,213,214,216,213,214,216,213,214,216,213,214,216,213,215,212,213,215,212,213,215,212,213,215,212,213,215,212,213,215,212,213,215,212,213,215,212,213,215,212,214,216,213,213,215,212,213,215,212,215,217,214,217,219,216,213,215,212,206,208,205,195,197,194,186,188,185,180,182,179,181,183,180,193,195,192,198,200,197,205,207,204,211,213,210,209,211,206,209,210,205,216,217,212,227,228,223,235,234,230,219,218,214,188,187,183,151,150,146,126,125,121,115,114,110,91,90,86,63,62,58,19,18,14,84,83,79,133,132,128,155,154,150,75,74,70,29,28,24,46,45,41,105,104,100,128,127,123,55,54,50,45,44,40,62,61,57,133,132,130,80,79,77,34,33,31,175,175,173,235,235,235,255,255,255,246,246,246,249,249,249,254,254,254,241,241,241,242,242,242,253,253,253,254,254,254,253,253,253,255,255,255,255,255,255,255,255,255,255,255,255,255,255,255,255,255,255,255,255,255,255,255,255,255,255,255,255,255,255,255,255,255,255,255,255,255,255,255,255,255,255,255,255,255,255,255,255,255,255,255,255,255,255,255,255,255,255,255,255,255,255,255,255,255,255,255,255,255,255,255,255,255,255,255,255,255,255,255,255,255,255,255,255,255,255,255,255,255,255,255,255,255,255,255,255,255,255,255,255,255,255,255,255,255,255,255,255,255,255,255,255,255,255,255,255,255,255,255,255,255,255,255,255,255,255,255,255,255,255,255,255,255,255,255,255,255,255,255,255,255,255,255,255,255,255,255,255,255,255,255,255,255,255,255,255,255,255,255,255,255,255,255,255,255,255,255,255,255,255,255,255,255,255,255,255,255,255,255,255,255,255,255,255,255,255,255,255,255,255,255,255,255,255,255,255,255,255,255,255,255,255,255,255,255,255,255,255,255,255,255,255,255,255,255,255,255,255,255,255,255,255,255,255,255,255,255,255,255,255,255,255,255,255,255,255,255,255,255,255,255,255,255,255,255,255,255,255,255,255,255,255,255,255,255,255,255,255,255,255,255,255,255,255,255,255,255,255,255,255,255,255,255,255,255,255,255,255,255,255,255,255,255,255,255,255,255,255,255,255,255,255,255,255,255,255,255,255,255,255,255,255,255,255,255,255,255,255,255,255,255,255,255,255,255,255,255,255,255,255,255,255,255,255,255,255,255,255,255,255,255,255,255,255,255,255,255,255,255,255,255,255
253,255,252,251,253,250,214,216,213,57,59,56,18,20,17,50,52,49,144,146,143,155,157,154,125,127,124,147,149,146,159,161,158,166,168,165,166,168,165,160,162,159,157,159,156,147,149,146,138,140,135,134,136,131,147,149,144,163,165,162,187,189,186,202,204,201,209,211,208,212,214,213,211,213,212,212,214,213,212,213,215,212,213,215,212,213,215,213,214,216,213,214,216,212,213,215,214,215,217,214,215,217,214,215,217,214,215,217,213,214,216,213,214,216,213,214,216,213,214,216,213,214,216,213,214,216,213,214,216,213,214,216,213,214,216,213,214,216,213,214,216,213,214,216,213,215,212,213,215,212,213,215,212,213,215,212,213,215,212,213,215,212,213,215,212,213,215,212,212,214,211,214,216,213,213,215,212,212,214,211,214,216,213,214,216,213,208,210,207,199,201,198,183,185,182,171,173,170,160,162,159,157,159,156,168,170,167,177,179,176,194,196,193,207,209,206,217,219,214,211,212,207,210,211,206,214,215,210,226,227,222,226,225,221,214,213,209,183,182,178,153,152,148,133,132,128,110,109,105,88,87,83,60,59,55,78,77,73,124,123,119,194,193,189,136,135,131,61,60,56,20,19,15,86,85,81,133,132,128,88,87,83,49,48,44,44,43,39,141,140,138,85,84,82,29,28,26,138,138,136,211,211,211,252,252,252,245,245,245,249,249,249,254,254,254,244,244,244,245,245,245,253,253,253,253,253,253,253,253,253,255,255,255,255,255,255,255,255,255,255,255,255,255,255,255,255,255,255,255,255,255,255,255,255,255,255,255,255,255,255,255,255,255,255,255,255,255,255,255,255,255,255,255,255,255,255,255,255,255,255,255,255,255,255,255,255,255,255,255,255,255,255,255,255,255,255,255,255,255,255,255,255,255,255,255,255,255,255,255,255,255,255,255,255,255,255,255,255,255,255,255,255,255,255,255,255,255,255,255,255,255,255,255,255,255,255,255,255,255,255,255,255,255,255,255,255,255,255,255,255,255,255,255,255,255,255,255,255,255,255,255,255,255,255,255,255,255,255,255,255,255,255,255,255,255,255,255,255,255,255,255,255,255,255,255,255,255,255,255,255,255,255,255,255,255,255,255,255,255,255,255,255,255,255,255,255,255,255,255,255,255,255,255,255,255,255,255,255,255,255,255,255,255,255,255,255,255,255,255,255,255,255,255,255,255,255,255,255,255,255,255,255,255,255,255,255,255,255,255,255,255,255,255,255,255,255,255,255,255,255,255,255,255,255,255,255,255,255,255,255,255,255,255,255,255,255,255,255,255,255,255,255,255,255,255,255,255,255,255,255,255,255,255,255,255,255,255,255,255,255,255,255,255,255,255,255,255,255,255,255,255,255,255,255,255,255,255,255,255,255,255,255,255,255,255,255,255,255,255,255,255,255,255,255,255,255,255,255,255,255,255,255,255,255,255,255,255,255,255,255,255,255,255,255,255,255,255,255,255,255,255,255,255,255,255,255,255,255,255,255,255,255
251,253,250,239,241,238,195,197,194,46,48,45,28,30,27,79,81,78,154,156,153,150,152,149,120,122,119,168,170,167,178,180,177,167,169,166,165,167,164,157,159,156,144,146,143,137,139,136,134,136,131,139,141,136,156,158,155,173,175,172,192,194,191,204,206,203,211,213,210,215,217,216,213,215,214,212,214,213,211,212,214,211,212,214,212,213,215,212,213,215,212,213,215,212,213,215,213,214,216,213,214,216,213,214,216,213,214,216,212,213,215,212,213,215,212,213,215,212,213,215,212,213,215,212,213,215,212,213,215,212,213,215,212,213,215,212,213,215,212,213,215,212,213,215,212,214,213,212,214,213,212,214,211,212,214,211,212,214,211,212,214,211,212,214,211,212,214,211,211,213,210,213,215,212,213,215,212,212,214,211,212,214,211,212,214,211,207,209,206,200,202,199,189,191,188,173,175,172,156,158,155,144,146,143,148,150,147,158,160,157,182,184,181,204,206,203,219,221,216,215,216,211,210,211,206,208,209,204,220,219,215,227,226,222,232,231,227,208,207,203,179,178,174,136,135,131,111,110,106,103,102,98,109,108,104,64,63,59,79,78,74,179,178,174,164,163,159,113,112,108,22,21,17,54,53,49,96,95,91,107,106,102,59,58,54,31,30,26,115,114,112,89,88,86,50,49,47,96,96,94,172,172,172,245,245,245,246,246,246,249,249,249,253,253,253,250,250,250,251,251,251,254,254,254,253,253,253,253,253,253,255,255,255,255,255,255,255,255,255,255,255,255,255,255,255,255,255,255,255,255,255,255,255,255,255,255,255,255,255,255,255,255,255,255,255,255,255,255,255,255,255,255,255,255,255,255,255,255,255,255,255,255,255,255,255,255,255,255,255,255,255,255,255,255,255,255,255,255,255,255,255,255,255,255,255,255,255,255,255,255,255,255,255,255,255,255,255,255,255,255,255,255,255,255,255,255,255,255,255,255,255,255,255,255,255,255,255,255,255,255,255,255,255,255,255,255,255,255,255,255,255,255,255,255,255,255,255,255,255,255,255,255,255,255,255,255,255,255,255,255,255,255,255,255,255,255,255,255,255,255,255,255,255,255,255,255,255,255,255,255,255,255,255,255,255,255,255,255,255,255,255,255,255,255,255,255,255,255,255,255,255,255,255,255,255,255,255,255,255,255,255,255,255,255,255,255,255,255,255,255,255,255,255,255,255,255,255,255,255,255,255,255,255,255,255,255,255,255,255,255,255,255,255,255,255,255,255,255,255,255,255,255,255,255,255,255,255,255,255,255,255,255,255,255,255,255,255,255,255,255,255,255,255,255,255,255,255,255,255,255,255,255,255,255,255,255,255,255,255,255,255,255,255,255,255,255,255,255,255,255,255,255,255,255,255,255,255,255,255,255,255,255,255,255,255,255,255,255,255,255,255,255,255,255,255,255,255,255,255,255,255,255,255,255,255,255,255,255,255,255,255,255,255,255,255,255,255,255,255,255,255,255,255,255,255,255,255,255,255,255,255,255
254,255,253,216,218,215,156,158,155,38,40,37,47,49,46,114,116,113,166,168,165,158,160,157,124,126,123,178,180,177,187,189,186,169,171,168,164,166,163,156,158,155,138,140,137,133,135,132,137,139,134,149,151,148,166,168,165,181,183,180,193,195,192,200,202,199,208,210,209,215,217,216,214,216,215,212,214,213,211,212,214,211,212,214,212,213,215,212,213,215,212,213,215,211,212,214,213,214,216,213,214,216,213,214,216,213,214,216,212,213,215,212,213,215,212,213,215,212,213,215,212,213,215,212,213,215,212,213,215,212,213,215,212,213,215,212,213,215,212,213,215,212,213,215,212,214,213,212,214,213,212,214,211,212,214,211,212,214,211,212,214,211,212,214,211,212,214,211,212,214,211,212,214,211,212,214,211,212,214,211,212,214,211,211,213,210,211,213,210,210,212,209,199,201,198,183,185,182,163,165,162,143,145,142,137,139,136,140,142,139,165,167,164,190,192,189,215,217,212,215,216,211,211,212,207,203,204,199,210,209,205,222,221,217,244,243,239,231,230,226,195,194,190,142,141,137,121,120,116,121,120,116,148,147,143,64,63,59,47,46,42,135,134,130,184,183,179,161,160,156,37,36,32,27,26,22,54,53,49,118,117,113,79,78,74,43,42,38,71,70,68,88,87,85,91,90,88,66,66,64,135,135,135,228,228,228,245,245,245,251,251,251,253,253,253,254,254,254,255,255,255,254,254,254,253,253,253,253,253,253,254,254,254,255,255,255,255,255,255,255,255,255,255,255,255,255,255,255,255,255,255,255,255,255,255,255,255,255,255,255,255,255,255,255,255,255,255,255,255,255,255,255,255,255,255,255,255,255,255,255,255,255,255,255,255,255,255,255,255,255,255,255,255,255,255,255,255,255,255,255,255,255,255,255,255,255,255,255,255,255,255,255,255,255,255,255,255,255,255,255,255,255,255,255,255,255,255,255,255,255,255,255,255,255,255,255,255,255,255,255,255,255,255,255,255,255,255,255,255,255,255,255,255,255,255,255,255,255,255,255,255,255,255,255,255,255,255,255,255,255,255,255,255,255,255,255,255,255,255,255,255,255,255,255,255,255,255,255,255,255,255,255,255,255,255,255,255,255,255,255,255,255,255,255,255,255,255,255,255,255,255,255,255,255,255,255,255,255,255,255,255,255,255,255,255,255,255,255,255,255,255,255,255,255,255,255,255,255,255,255,255,255,255,255,255,255,255,255,255,255,255,255,255,255,255,255,255,255,255,255,255,255,255,255,255,255,255,255,255,255,255,255,255,255,255,255,255,255,255,255,255,255,255,255,255,255,255,255,255,255,255,255,255,255,255,255,255,255,255,255,255,255,255,255,255,255,255,255,255,255,255,255,255,255,255,255,255,255,255,255,255,255,255,255,255,255,255,255,255,255,255,255,255,255,255,255,255,255,255,255,255,255,255,255,255,255,255,255,255,255,255,255,255,255,255,255,255,255,255,255,255,255,255,255,255,255,255,255,255,255,255,255
252,254,251,180,182,179,98,100,97,28,30,27,66,68,65,141,143,140,168,170,167,158,160,157,136,138,135,178,180,177,189,191,188,178,180,177,165,167,164,153,155,152,137,139,136,135,137,134,143,145,142,160,162,159,176,178,175,188,190,187,193,195,192,198,200,197,206,208,207,215,217,216,213,215,214,211,213,212,210,211,213,211,212,214,212,213,215,212,213,215,212,213,215,212,213,215,212,213,215,213,214,216,213,214,216,213,214,216,212,213,215,212,213,215,212,213,215,212,213,215,212,213,215,212,213,215,212,213,215,212,213,215,212,213,215,212,213,215,212,213,215,212,213,215,212,214,213,212,214,213,212,214,213,212,214,211,212,214,211,212,214,211,212,214,211,212,214,211,213,215,212,211,213,210,212,214,211,213,215,212,211,213,210,210,212,209,212,214,211,216,218,215,212,214,211,200,202,199,182,184,181,160,162,159,147,149,146,145,147,144,166,168,165,190,192,189,214,215,210,214,215,210,210,211,206,202,203,198,206,205,201,219,218,214,244,243,239,240,239,235,211,210,206,155,154,150,128,127,123,124,123,119,157,156,152,86,85,81,47,46,42,75,74,70,165,164,160,201,200,196,105,104,100,45,44,40,38,37,33,130,129,125,122,121,117,86,85,81,47,46,44,84,83,81,121,120,118,48,48,46,103,103,103,198,198,198,238,238,238,254,254,254,253,253,253,255,255,255,255,255,255,254,254,254,253,253,253,252,252,252,254,254,254,255,255,255,255,255,255,255,255,255,255,255,255,255,255,255,255,255,255,255,255,255,255,255,255,255,255,255,255,255,255,255,255,255,255,255,255,255,255,255,255,255,255,255,255,255,255,255,255,255,255,255,255,255,255,255,255,255,255,255,255,255,255,255,255,255,255,255,255,255,255,255,255,255,255,255,255,255,255,255,255,255,255,255,255,255,255,255,255,255,255,255,255,255,255,255,255,255,255,255,255,255,255,255,255,255,255,255,255,255,255,255,255,255,255,255,255,255,255,255,255,255,255,255,255,255,255,255,255,255,255,255,255,255,255,255,255,255,255,255,255,255,255,255,255,255,255,255,255,255,255,255,255,255,255,255,255,255,255,255,255,255,255,255,255,255,255,255,255,255,255,255,255,255,255,255,255,255,255,255,255,255,255,255,255,255,255,255,255,255,255,255,255,255,255,255,255,255,255,255,255,255,255,255,255,255,255,255,255,255,255,255,255,255,255,255,255,255,255,255,255,255,255,255,255,255,255,255,255,255,255,255,255,255,255,255,255,255,255,255,255,255,255,255,255,255,255,255,255,255,255,255,255,255,255,255,255,255,255,255,255,255,255,255,255,255,255,255,255,255,255,255,255,255,255,255,255,255,255,255,255,255,255,255,255,255,255,255,255,255,255,255,255,255,255,255,255,255,255,255,255,255,255,255,255,255,255,255,255,255,255,255,255,255,255,255,255,255,255,255,255,255,255,255,255,255,255,255,255,255,255,255,255,255,255,255,255,255,255,255
253,255,252,154,156,153,48,50,47,35,37,34,89,91,88,161,163,160,165,167,164,157,159,156,151,153,150,172,174,171,184,186,183,184,186,183,162,164,161,148,150,147,139,141,138,143,145,142,152,154,151,172,174,171,185,187,184,195,197,194,197,199,196,199,201,200,204,206,205,213,215,214,212,214,213,210,212,211,210,211,213,211,212,214,212,213,215,211,212,214,211,212,214,212,213,215,212,213,215,213,214,216,213,214,216,213,214,216,212,213,215,212,213,215,211,212,214,212,213,215,211,212,214,211,212,214,211,212,214,211,212,214,211,212,214,211,212,214,211,212,214,211,212,214,212,214,213,212,214,213,212,214,213,212,214,211,212,214,211,212,214,211,212,214,211,212,214,211,212,214,211,210,212,209,211,213,210,213,215,212,211,213,210,208,210,207,209,211,208,213,215,212,216,218,215,210,212,209,198,200,197,179,181,178,166,168,165,161,163,160,177,179,176,196,198,195,214,215,210,211,212,207,208,209,204,205,206,201,209,208,204,216,215,211,230,229,225,232,231,227,217,216,212,185,184,180,157,156,152,138,137,133,142,141,137,117,116,112,85,84,80,49,48,44,140,139,135,199,198,194,166,165,161,94,93,89,65,64,60,134,133,129,146,145,141,120,119,115,36,35,33,78,77,75,131,130,128,42,42,40,78,78,78,161,161,161,230,230,230,254,254,254,254,254,254,252,252,252,253,253,253,255,255,255,254,254,254,254,254,254,255,255,255,255,255,255,255,255,255,255,255,255,255,255,255,255,255,255,255,255,255,255,255,255,255,255,255,255,255,255,255,255,255,255,255,255,255,255,255,255,255,255,255,255,255,255,255,255,255,255,255,255,255,255,255,255,255,255,255,255,255,255,255,255,255,255,255,255,255,255,255,255,255,255,255,255,255,255,255,255,255,255,255,255,255,255,255,255,255,255,255,255,255,255,255,255,255,255,255,255,255,255,255,255,255,255,255,255,255,255,255,255,255,255,255,255,255,255,255,255,255,255,255,255,255,255,255,255,255,255,255,255,255,255,255,255,255,255,255,255,255,255,255,255,255,255,255,255,255,255,255,255,255,255,255,255,255,255,255,255,255,255,255,255,255,255,255,255,255,255,255,255,255,255,255,255,255,255,255,255,255,255,255,255,255,255,255,255,255,255,255,255,255,255,255,255,255,255,255,255,255,255,255,255,255,255,255,255,255,255,255,255,255,255,255,255,255,255,255,255,255,255,255,255,255,255,255,255,255,255,255,255,255,255,255,255,255,255,255,255,255,255,255,255,255,255,255,255,255,255,255,255,255,255,255,255,255,255,255,255,255,255,255,255,255,255,255,255,255,255,255,255,255,255,255,255,255,255,255,255,255,255,255,255,255,255,255,255,255,255,255,255,255,255,255,255,255,255,255,255,255,255,255,255,255,255,255,255,255,255,255,255,255,255,255,255,255,255,255,255,255,255,255,255,255,255,255,255,255,255,255,255,255,255,255,255,255,255,255,255,255,255
251,253,250,135,137,134,16,18,15,52,54,51,107,109,106,164,166,163,152,154,151,159,161,158,167,169,166,165,167,164,169,171,168,174,176,173,150,152,149,140,142,139,140,142,139,150,152,149,162,164,161,182,184,181,192,194,191,201,203,200,203,205,202,204,206,205,207,209,208,212,214,213,211,213,212,210,212,211,210,211,213,211,212,214,212,213,215,211,212,214,211,212,214,212,213,215,212,213,215,212,213,215,213,214,216,213,214,216,212,213,215,211,212,214,211,212,214,211,212,214,211,212,214,211,212,214,211,212,214,211,212,214,211,212,214,211,212,214,211,212,214,211,212,214,211,213,212,211,213,212,211,213,212,211,213,210,211,213,210,211,213,210,211,213,210,211,213,210,211,213,210,211,213,210,211,213,210,212,214,211,211,213,210,209,211,208,209,211,208,209,211,208,214,216,213,212,214,211,208,210,207,196,198,195,188,190,187,183,185,182,193,195,192,206,206,204,216,217,212,209,210,205,207,208,203,212,211,207,214,213,209,215,214,210,215,214,210,224,223,219,222,221,217,216,215,211,184,183,179,151,150,146,117,116,112,146,145,141,132,131,127,44,43,39,109,108,104,176,175,171,217,216,212,151,150,146,110,109,105,138,137,133,161,160,156,140,139,135,31,30,28,69,68,66,123,122,120,50,50,48,63,63,63,121,121,121,220,220,220,254,254,254,253,253,253,246,246,246,248,248,248,254,254,254,254,254,254,255,255,255,255,255,255,255,255,255,255,255,255,255,255,255,255,255,255,255,255,255,255,255,255,255,255,255,255,255,255,255,255,255,255,255,255,255,255,255,255,255,255,255,255,255,255,255,255,255,255,255,255,255,255,255,255,255,255,255,255,255,255,255,255,255,255,255,255,255,255,255,255,255,255,255,255,255,255,255,255,255,255,255,255,255,255,255,255,255,255,255,255,255,255,255,255,255,255,255,255,255,255,255,255,255,255,255,255,255,255,255,255,255,255,255,255,255,255,255,255,255,255,255,255,255,255,255,255,255,255,255,255,255,255,255,255,255,255,255,255,255,255,255,255,255,255,255,255,255,255,255,255,255,255,255,255,255,255,255,255,255,255,255,255,255,255,255,255,255,255,255,255,255,255,255,255,255,255,255,255,255,255,255,255,255,255,255,255,255,255,255,255,255,255,255,255,255,255,255,255,255,255,255,255,255,255,255,255,255,255,255,255,255,255,255,255,255,255,255,255,255,255,255,255,255,255,255,255,255,255,255,255,255,255,255,255,255,255,255,255,255,255,255,255,255,255,255,255,255,255,255,255,255,255,255,255,255,255,255,255,255,255,255,255,255,255,255,255,255,255,255,255,255,255,255,255,255,255,255,255,255,255,255,255,255,255,255,255,255,255,255,255,255,255,255,255,255,255,255,255,255,255,255,255,255,255,255,255,255,255,255,255,255,255,255,255,255,255,255,255,255,255,255,255,255,255,255,255,255,255,255,255,255,255,255,255,255,255,255,255,255,255,255,255,255
252,254,251,133,135,132,14,16,13,83,85,82,129,131,128,162,164,161,135,137,134,153,155,152,180,182,179,161,163,160,155,157,154,158,160,157,137,139,136,132,134,131,138,140,137,153,155,152,168,170,167,187,189,186,194,196,193,204,206,203,208,210,207,211,213,212,213,215,214,217,219,218,211,213,212,210,212,211,210,211,213,212,213,215,211,212,214,210,211,213,210,211,213,212,213,215,211,212,214,212,213,215,212,213,215,212,213,215,212,213,215,211,212,214,211,212,214,211,212,214,211,212,214,211,212,214,211,212,214,211,212,214,211,212,214,211,212,214,211,212,214,211,212,214,211,213,212,211,213,212,211,213,212,211,213,210,211,213,210,211,213,210,211,213,210,211,213,210,211,213,210,211,213,210,211,213,210,210,212,209,212,214,211,213,215,212,212,214,211,209,211,208,205,207,204,207,209,206,209,211,208,203,205,202,201,203,200,197,199,196,202,204,201,209,209,207,218,219,214,213,214,209,218,219,214,230,229,225,227,226,222,216,215,211,198,197,193,206,205,201,224,223,219,245,244,240,214,213,209,162,161,157,85,84,80,141,140,136,149,148,144,47,46,42,62,61,57,116,115,111,218,217,213,192,191,187,154,153,149,131,130,126,149,148,144,142,141,137,38,37,35,60,59,57,107,106,104,61,61,59,59,59,59,91,91,91,208,208,208,255,255,255,251,251,251,240,240,240,242,242,242,252,252,252,253,253,253,254,254,254,255,255,255,254,254,254,255,255,255,255,255,255,255,255,255,255,255,255,255,255,255,255,255,255,255,255,255,255,255,255,255,255,255,255,255,255,255,255,255,255,255,255,255,255,255,255,255,255,255,255,255,255,255,255,255,255,255,255,255,255,255,255,255,255,255,255,255,255,255,255,255,255,255,255,255,255,255,255,255,255,255,255,255,255,255,255,255,255,255,255,255,255,255,255,255,255,255,255,255,255,255,255,255,255,255,255,255,255,255,255,255,255,255,255,255,255,255,255,255,255,255,255,255,255,255,255,255,255,255,255,255,255,255,255,255,255,255,255,255,255,255,255,255,255,255,255,255,255,255,255,255,255,255,255,255,255,255,255,255,255,255,255,255,255,255,255,255,255,255,255,255,255,255,255,255,255,255,255,255,255,255,255,255,255,255,255,255,255,255,255,255,255,255,255,255,255,255,255,255,255,255,255,255,255,255,255,255,255,255,255,255,255,255,255,255,255,255,255,255,255,255,255,255,255,255,255,255,255,255,255,255,255,255,255,255,255,255,255,255,255,255,255,255,255,255,255,255,255,255,255,255,255,255,255,255,255,255,255,255,255,255,255,255,255,255,255,255,255,255,255,255,255,255,255,255,255,255,255,255,255,255,255,255,255,255,255,255,255,255,255,255,255,255,255,255,255,255,255,255,255,255,255,255,255,255,255,255,255,255,255,255,255,255,255,255,255,255,255,255,255,255,255,255,255,255,255,255,255,255,255,255,255,255,255,255,255,255,255,255,255,255,255
241,243,240,122,124,121,20,22,19,106,108,105,144,146,143,156,158,155,139,141,138,152,154,151,176,178,175,158,160,157,151,153,150,154,156,153,128,130,127,124,126,123,147,149,146,163,165,162,180,182,181,190,192,191,200,202,201,206,208,205,210,212,209,210,212,209,212,214,211,215,217,214,212,214,211,210,212,209,210,212,209,210,212,211,211,213,212,211,212,214,211,212,214,212,213,215,212,213,215,212,213,215,213,214,216,213,214,216,212,213,215,211,212,214,211,212,214,211,212,214,211,212,214,211,212,214,211,212,214,211,212,214,211,213,212,211,213,212,211,213,212,211,213,212,212,214,211,212,214,211,211,213,210,211,213,210,211,213,210,211,213,210,211,213,210,211,213,210,212,214,211,211,213,210,211,213,210,211,213,210,212,214,211,212,214,211,211,213,210,210,212,209,206,208,205,207,209,204,208,210,205,208,210,205,207,209,204,207,209,204,209,211,206,210,212,207,216,217,212,216,217,212,219,220,215,226,225,221,225,224,220,215,214,210,210,206,203,212,208,205,223,222,218,236,235,231,218,217,213,181,180,176,120,119,115,149,148,144,133,132,128,50,49,45,46,45,41,91,90,86,223,222,218,204,203,199,156,155,151,87,86,82,120,119,115,149,148,144,79,79,77,58,58,56,73,73,71,90,90,88,70,70,70,61,61,61,202,202,202,253,253,253,246,246,246,244,244,244,246,246,246,252,252,252,255,255,255,255,255,255,254,254,254,255,255,255,255,255,255,255,255,255,255,255,255,255,255,255,255,255,255,255,255,255,255,255,255,255,255,255,255,255,255,255,255,255,255,255,255,255,255,255,255,255,255,255,255,255,255,255,255,255,255,255,255,255,255,255,255,255,255,255,255,255,255,255,255,255,255,255,255,255,255,255,255,255,255,255,255,255,255,255,255,255,255,255,255,255,255,255,255,255,255,255,255,255,255,255,255,255,255,255,255,255,255,255,255,255,255,255,255,255,255,255,255,255,255,255,255,255,255,255,255,255,255,255,255,255,255,255,255,255,255,255,255,255,255,255,255,255,255,255,255,255,255,255,255,255,255,255,255,255,255,255,255,255,255,255,255,255,255,255,255,255,255,255,255,255,255,255,255,255,255,255,255,255,255,255,255,255,255,255,255,255,255,255,255,255,255,255,255,255,255,255,255,255,255,255,255,255,255,255,255,255,255,255,255,255,255,255,255,255,255,255,255,255,255,255,255,255,255,255,255,255,255,255,255,255,255,255,255,255,255,255,255,255,255,255,255,255,255,255,255,255,255,255,255,255,255,255,255,255,255,255,255,255,255,255,255,255,255,255,255,255,255,255,255,255,255,255,255,255,255,255,255,255,255,255,255,255,255,255,255,255,255,255,255,255,255,255,255,255,255,255,255,255,255,255,255,255,255,255,255,255,255,255,255,255,255,255,255,255,255,255,255,255,255,255,255,255,255,255,255,255,255,255,255,255,255,255,255,255,255,255,255,255,255,255,255,255,255,255
224,226,223,117,119,116,23,25,22,121,123,120,158,160,157,162,164,161,150,152,149,157,159,156,164,166,163,162,164,161,159,161,158,151,153,150,124,126,123,127,129,126,156,158,155,174,176,173,190,192,191,198,200,199,206,208,207,209,211,208,209,211,208,208,210,207,208,210,207,210,212,209,211,213,210,209,211,208,209,211,208,209,211,210,210,212,211,210,212,211,210,211,213,211,212,214,212,212,214,211,212,214,212,213,215,212,213,215,212,213,215,211,212,214,211,212,214,211,212,214,211,212,214,211,212,214,211,213,212,211,213,212,211,213,212,211,213,212,211,213,212,211,213,212,212,214,211,212,214,211,212,214,211,212,214,211,212,214,211,212,214,211,212,214,211,211,213,210,212,214,211,211,213,210,210,212,209,210,212,209,210,212,209,210,212,209,210,212,209,209,211,208,209,211,208,209,211,206,210,212,207,210,212,207,209,211,206,210,212,207,211,213,208,212,214,209,213,214,209,216,217,212,216,217,212,214,213,209,215,214,210,219,218,214,224,220,217,226,222,219,220,219,215,219,218,214,207,206,202,198,197,193,198,197,193,149,148,144,102,101,97,67,66,62,50,49,45,93,92,88,229,228,224,205,204,200,132,131,127,22,21,17,80,79,75,158,157,153,135,135,133,68,68,66,23,23,21,134,134,132,99,99,99,30,30,30,195,195,195,248,248,248,244,244,244,249,249,249,253,253,253,255,255,255,254,254,254,254,254,254,255,255,255,255,255,255,255,255,255,255,255,255,255,255,255,255,255,255,255,255,255,255,255,255,255,255,255,255,255,255,255,255,255,255,255,255,255,255,255,255,255,255,255,255,255,255,255,255,255,255,255,255,255,255,255,255,255,255,255,255,255,255,255,255,255,255,255,255,255,255,255,255,255,255,255,255,255,255,255,255,255,255,255,255,255,255,255,255,255,255,255,255,255,255,255,255,255,255,255,255,255,255,255,255,255,255,255,255,255,255,255,255,255,255,255,255,255,255,255,255,255,255,255,255,255,255,255,255,255,255,255,255,255,255,255,255,255,255,255,255,255,255,255,255,255,255,255,255,255,255,255,255,255,255,255,255,255,255,255,255,255,255,255,255,255,255,255,255,255,255,255,255,255,255,255,255,255,255,255,255,255,255,255,255,255,255,255,255,255,255,255,255,255,255,255,255,255,255,255,255,255,255,255,255,255,255,255,255,255,255,255,255,255,255,255,255,255,255,255,255,255,255,255,255,255,255,255,255,255,255,255,255,255,255,255,255,255,255,255,255,255,255,255,255,255,255,255,255,255,255,255,255,255,255,255,255,255,255,255,255,255,255,255,255,255,255,255,255,255,255,255,255,255,255,255,255,255,255,255,255,255,255,255,255,255,255,255,255,255,255,255,255,255,255,255,255,255,255,255,255,255,255,255,255,255,255,255,255,255,255,255,255,255,255,255,255,255,255,255,255,255,255,255,255,255,255,255,255,255,255,255,255,255,255,255,255,255,255,255,255,255,255
203,205,202,107,109,106,21,23,20,129,131,128,161,163,160,157,159,156,154,156,153,158,160,157,163,165,162,166,168,165,159,161,158,143,145,142,123,125,122,133,135,132,161,163,160,179,181,178,194,196,195,201,203,202,207,209,206,209,211,208,208,210,207,206,208,205,206,208,205,209,211,208,210,212,209,209,211,208,208,210,207,209,211,210,209,211,210,209,211,210,210,212,211,210,211,213,212,212,212,212,212,212,213,213,213,212,214,213,211,213,212,211,213,212,211,213,212,211,213,212,211,213,212,211,213,212,211,213,212,211,213,212,211,213,212,211,213,210,211,213,210,211,213,210,212,214,211,212,214,211,212,214,211,212,214,211,212,214,211,212,214,211,211,213,210,211,213,210,212,214,211,211,213,210,210,212,209,210,212,209,209,211,208,209,211,208,210,212,209,210,212,209,210,212,209,210,212,209,210,212,207,210,212,207,210,212,207,211,213,208,211,213,208,212,214,209,213,214,209,219,220,215,217,218,213,210,209,205,209,208,204,215,214,210,222,218,215,224,220,217,220,219,215,212,211,207,210,209,205,209,208,204,214,213,209,155,154,150,110,109,105,86,85,81,62,61,57,86,85,81,193,192,188,188,187,183,143,142,138,29,28,24,55,54,50,110,109,105,138,138,136,76,76,74,24,24,22,129,129,127,82,82,82,36,36,36,195,195,195,242,242,242,243,243,243,252,252,252,255,255,255,255,255,255,253,253,253,254,254,254,255,255,255,255,255,255,255,255,255,255,255,255,255,255,255,255,255,255,255,255,255,255,255,255,255,255,255,255,255,255,255,255,255,255,255,255,255,255,255,255,255,255,255,255,255,255,255,255,255,255,255,255,255,255,255,255,255,255,255,255,255,255,255,255,255,255,255,255,255,255,255,255,255,255,255,255,255,255,255,255,255,255,255,255,255,255,255,255,255,255,255,255,255,255,255,255,255,255,255,255,255,255,255,255,255,255,255,255,255,255,255,255,255,255,255,255,255,255,255,255,255,255,255,255,255,255,255,255,255,255,255,255,255,255,255,255,255,255,255,255,255,255,255,255,255,255,255,255,255,255,255,255,255,255,255,255,255,255,255,255,255,255,255,255,255,255,255,255,255,255,255,255,255,255,255,255,255,255,255,255,255,255,255,255,255,255,255,255,255,255,255,255,255,255,255,255,255,255,255,255,255,255,255,255,255,255,255,255,255,255,255,255,255,255,255,255,255,255,255,255,255,255,255,255,255,255,255,255,255,255,255,255,255,255,255,255,255,255,255,255,255,255,255,255,255,255,255,255,255,255,255,255,255,255,255,255,255,255,255,255,255,255,255,255,255,255,255,255,255,255,255,255,255,255,255,255,255,255,255,255,255,255,255,255,255,255,255,255,255,255,255,255,255,255,255,255,255,255,255,255,255,255,255,255,255,255,255,255,255,255,255,255,255,255,255,255,255,255,255,255,255,255,255,255,255,255,255,255,255,255,255,255,255,255,255,255,255,255,255,255,255,255
184,186,183,96,98,95,23,25,22,135,137,134,162,164,161,154,156,153,157,159,156,161,163,160,171,173,170,167,169,166,152,154,151,133,135,132,127,129,126,138,140,137,163,165,162,181,183,180,195,197,196,201,203,200,206,208,205,208,210,207,208,210,207,206,208,205,207,209,206,211,213,210,210,212,209,209,211,208,209,211,208,209,211,208,210,212,211,210,212,211,210,212,211,211,213,212,212,212,212,212,212,212,213,213,213,213,213,213,211,213,212,211,213,212,211,213,212,211,213,212,211,213,212,211,213,210,211,213,210,211,213,210,211,213,210,211,213,210,211,213,210,211,213,210,211,213,210,212,214,211,212,214,211,212,214,211,212,214,211,211,213,210,211,213,210,211,213,210,210,212,209,211,213,210,210,212,209,210,212,209,209,211,208,209,211,208,210,212,209,210,212,209,210,212,209,210,212,209,210,212,209,210,212,207,210,212,207,211,213,208,211,213,208,211,213,208,210,211,206,214,215,210,214,215,210,211,210,206,210,209,205,211,210,206,215,211,208,218,214,211,216,215,211,216,215,211,215,214,210,217,216,212,219,218,214,162,161,157,117,116,112,111,110,106,79,78,74,85,84,80,159,158,154,189,188,184,164,163,159,41,40,36,34,33,29,78,77,73,151,151,149,86,86,84,23,23,21,116,116,114,83,83,83,38,38,38,181,181,181,241,241,241,245,245,245,252,252,252,255,255,255,254,254,254,253,253,253,255,255,255,255,255,255,254,254,254,255,255,255,255,255,255,255,255,255,255,255,255,255,255,255,255,255,255,255,255,255,255,255,255,255,255,255,255,255,255,255,255,255,255,255,255,255,255,255,255,255,255,255,255,255,255,255,255,255,255,255,255,255,255,255,255,255,255,255,255,255,255,255,255,255,255,255,255,255,255,255,255,255,255,255,255,255,255,255,255,255,255,255,255,255,255,255,255,255,255,255,255,255,255,255,255,255,255,255,255,255,255,255,255,255,255,255,255,255,255,255,255,255,255,255,255,255,255,255,255,255,255,255,255,255,255,255,255,255,255,255,255,255,255,255,255,255,255,255,255,255,255,255,255,255,255,255,255,255,255,255,255,255,255,255,255,255,255,255,255,255,255,255,255,255,255,255,255,255,255,255,255,255,255,255,255,255,255,255,255,255,255,255,255,255,255,255,255,255,255,255,255,255,255,255,255,255,255,255,255,255,255,255,255,255,255,255,255,255,255,255,255,255,255,255,255,255,255,255,255,255,255,255,255,255,255,255,255,255,255,255,255,255,255,255,255,255,255,255,255,255,255,255,255,255,255,255,255,255,255,255,255,255,255,255,255,255,255,255,255,255,255,255,255,255,255,255,255,255,255,255,255,255,255,255,255,255,255,255,255,255,255,255,255,255,255,255,255,255,255,255,255,255,255,255,255,255,255,255,255,255,255,255,255,255,255,255,255,255,255,255,255,255,255,255,255,255,255,255,255,255,255,255,255,255,255,255,255,255,255,255,255,255,255,255,255
157,159,156,79,81,78,26,28,25,142,144,141,167,169,166,157,159,156,159,161,158,166,168,165,176,178,175,167,169,166,148,150,147,125,127,124,130,132,129,143,145,142,168,170,167,188,190,187,198,200,197,203,205,202,207,209,206,208,210,207,208,210,207,206,208,205,207,209,206,212,214,211,211,213,210,210,212,209,209,211,208,209,211,208,210,212,209,210,212,211,210,212,211,211,213,212,212,212,210,212,212,210,212,212,210,212,212,210,211,213,210,211,213,210,211,213,210,211,213,210,211,213,210,211,213,210,211,213,210,211,213,210,211,213,210,211,213,210,211,213,208,211,213,208,212,214,211,212,214,211,212,214,211,212,214,211,212,214,211,212,214,211,211,213,210,211,213,210,209,211,208,210,212,209,210,212,209,210,212,209,209,211,208,209,211,208,209,211,208,210,212,209,211,213,210,210,212,209,210,212,209,210,212,209,211,213,210,211,213,208,211,213,208,212,213,208,212,213,208,213,214,209,211,212,207,210,209,205,209,208,204,209,208,204,213,209,206,217,213,210,213,212,208,212,211,207,218,217,213,224,223,219,239,238,234,168,167,163,123,122,118,123,122,118,91,90,86,84,83,79,135,134,130,200,199,195,198,197,193,62,61,57,21,20,16,48,47,43,164,164,162,110,110,108,28,28,26,98,98,96,79,79,79,43,43,43,170,170,170,227,227,227,250,250,250,252,252,252,255,255,255,255,255,255,254,254,254,255,255,255,255,255,255,255,255,255,255,255,255,255,255,255,255,255,255,255,255,255,255,255,255,255,255,255,255,255,255,255,255,255,255,255,255,255,255,255,255,255,255,255,255,255,255,255,255,255,255,255,255,255,255,255,255,255,255,255,255,255,255,255,255,255,255,255,255,255,255,255,255,255,255,255,255,255,255,255,255,255,255,255,255,255,255,255,255,255,255,255,255,255,255,255,255,255,255,255,255,255,255,255,255,255,255,255,255,255,255,255,255,255,255,255,255,255,255,255,255,255,255,255,255,255,255,255,255,255,255,255,255,255,255,255,255,255,255,255,255,255,255,255,255,255,255,255,255,255,255,255,255,255,255,255,255,255,255,255,255,255,255,255,255,255,255,255,255,255,255,255,255,255,255,255,255,255,255,255,255,255,255,255,255,255,255,255,255,255,255,255,255,255,255,255,255,255,255,255,255,255,255,255,255,255,255,255,255,255,255,255,255,255,255,255,255,255,255,255,255,255,255,255,255,255,255,255,255,255,255,255,255,255,255,255,255,255,255,255,255,255,255,255,255,255,255,255,255,255,255,255,255,255,255,255,255,255,255,255,255,255,255,255,255,255,255,255,255,255,255,255,255,255,255,255,255,255,255,255,255,255,255,255,255,255,255,255,255,255,255,255,255,255,255,255,255,255,255,255,255,255,255,255,255,255,255,255,255,255,255,255,255,255,255,255,255,255,255,255,255,255,255,255,255,255,255,255,255,255,255,255,255,255,255,255,255,255,255,255,255,255,255,255,255,255
128,130,127,62,64,61,26,28,25,145,147,144,170,172,169,157,159,156,158,160,157,168,170,167,178,180,177,167,169,166,144,146,143,117,119,116,132,134,131,152,154,151,176,178,175,191,193,190,201,203,200,204,206,203,207,209,206,208,210,207,208,210,207,206,208,205,207,209,206,212,214,211,211,213,210,210,212,209,209,211,208,209,211,208,210,212,209,210,212,209,210,212,209,210,212,211,211,211,209,211,211,209,211,211,209,212,212,210,212,212,210,211,213,210,211,213,210,211,213,210,211,213,210,211,213,210,211,213,210,211,213,210,211,213,208,211,213,208,211,213,208,211,213,208,211,213,210,211,213,210,212,214,211,212,214,211,212,214,211,211,213,210,211,213,210,210,212,209,210,212,209,210,212,209,211,213,210,210,212,209,210,212,209,209,211,208,209,211,208,209,211,208,211,213,210,210,212,209,210,212,209,210,212,209,211,213,210,211,213,210,211,213,208,212,213,208,213,214,209,215,216,211,213,212,208,208,207,203,209,208,204,211,210,206,214,210,207,214,210,207,214,213,209,209,208,204,221,220,216,226,225,221,236,235,231,179,178,174,141,140,136,117,116,112,96,95,91,94,93,89,124,123,119,195,194,190,211,210,206,85,84,80,32,31,27,37,36,32,158,158,156,110,110,108,34,34,32,84,84,82,68,68,68,51,51,51,152,152,152,217,217,217,252,252,252,254,254,254,255,255,255,255,255,255,254,254,254,253,253,253,254,254,254,255,255,255,255,255,255,255,255,255,255,255,255,255,255,255,255,255,255,255,255,255,255,255,255,255,255,255,255,255,255,255,255,255,255,255,255,255,255,255,255,255,255,255,255,255,255,255,255,255,255,255,255,255,255,255,255,255,255,255,255,255,255,255,255,255,255,255,255,255,255,255,255,255,255,255,255,255,255,255,255,255,255,255,255,255,255,255,255,255,255,255,255,255,255,255,255,255,255,255,255,255,255,255,255,255,255,255,255,255,255,255,255,255,255,255,255,255,255,255,255,255,255,255,255,255,255,255,255,255,255,255,255,255,255,255,255,255,255,255,255,255,255,255,255,255,255,255,255,255,255,255,255,255,255,255,255,255,255,255,255,255,255,255,255,255,255,255,255,255,255,255,255,255,255,255,255,255,255,255,255,255,255,255,255,255,255,255,255,255,255,255,255,255,255,255,255,255,255,255,255,255,255,255,255,255,255,255,255,255,255,255,255,255,255,255,255,255,255,255,255,255,255,255,255,255,255,255,255,255,255,255,255,255,255,255,255,255,255,255,255,255,255,255,255,255,255,255,255,255,255,255,255,255,255,255,255,255,255,255,255,255,255,255,255,255,255,255,255,255,255,255,255,255,255,255,255,255,255,255,255,255,255,255,255,255,255,255,255,255,255,255,255,255,255,255,255,255,255,255,255,255,255,255,255,255,255,255,255,255,255,255,255,255,255,255,255,255,255,255,255,255,255,255,255,255,255,255,255,255,255,255,255,255,255,255,255,255,255,255
105,107,104,53,55,52,28,30,27,150,152,149,174,176,173,158,160,157,160,162,159,171,173,170,180,182,179,162,164,161,137,139,136,111,113,110,137,139,136,162,164,161,183,185,182,193,195,192,202,204,201,205,207,204,207,209,206,207,209,206,207,209,206,205,207,204,207,209,206,213,215,212,211,213,210,210,212,209,210,212,209,210,212,209,210,212,209,210,212,209,210,212,209,210,212,209,211,211,209,211,211,209,211,211,209,211,211,209,211,213,210,211,213,210,211,213,210,211,213,210,211,213,208,211,213,208,211,213,208,211,213,210,211,213,210,211,213,210,211,213,210,211,213,210,210,212,209,210,212,209,211,213,210,211,213,210,211,213,210,210,212,209,210,212,209,209,211,208,210,212,209,210,212,209,210,212,209,210,212,209,209,211,208,209,211,208,210,212,209,210,212,209,210,212,209,210,212,209,209,211,208,210,212,209,210,212,209,211,213,210,212,212,210,212,213,208,209,210,205,213,214,209,212,211,207,210,209,205,213,212,208,217,216,212,219,215,212,217,213,210,211,210,206,212,211,207,217,216,212,225,224,220,234,233,229,196,195,191,155,154,150,112,111,107,103,102,98,104,103,99,111,110,106,184,183,179,211,210,206,104,103,99,45,44,40,37,36,32,139,139,137,105,105,103,39,39,37,71,71,69,66,66,66,62,62,62,135,135,135,199,199,199,253,253,253,254,254,254,254,254,254,254,254,254,253,253,253,253,253,253,254,254,254,255,255,255,255,255,255,255,255,255,255,255,255,255,255,255,255,255,255,255,255,255,255,255,255,255,255,255,255,255,255,255,255,255,255,255,255,255,255,255,255,255,255,255,255,255,255,255,255,255,255,255,255,255,255,255,255,255,255,255,255,255,255,255,255,255,255,255,255,255,255,255,255,255,255,255,255,255,255,255,255,255,255,255,255,255,255,255,255,255,255,255,255,255,255,255,255,255,255,255,255,255,255,255,255,255,255,255,255,255,255,255,255,255,255,255,255,255,255,255,255,255,255,255,255,255,255,255,255,255,255,255,255,255,255,255,255,255,255,255,255,255,255,255,255,255,255,255,255,255,255,255,255,255,255,255,255,255,255,255,255,255,255,255,255,255,255,255,255,255,255,255,255,255,255,255,255,255,255,255,255,255,255,255,255,255,255,255,255,255,255,255,255,255,255,255,255,255,255,255,255,255,255,255,255,255,255,255,255,255,255,255,255,255,255,255,255,255,255,255,255,255,255,255,255,255,255,255,255,255,255,255,255,255,255,255,255,255,255,255,255,255,255,255,255,255,255,255,255,255,255,255,255,255,255,255,255,255,255,255,255,255,255,255,255,255,255,255,255,255,255,255,255,255,255,255,255,255,255,255,255,255,255,255,255,255,255,255,255,255,255,255,255,255,255,255,255,255,255,255,255,255,255,255,255,255,255,255,255,255,255,255,255,255,255,255,255,255,255,255,255,255,255,255,255,255,255,255,255,255,255,255,255,255,255,255,255,255,255,255
85,87,84,45,47,44,28,30,27,155,157,154,179,181,178,158,160,157,160,162,159,170,172,169,178,180,177,156,158,155,133,135,132,111,113,110,142,144,141,166,168,165,188,190,187,200,202,199,205,207,204,206,208,205,207,209,206,207,209,206,206,208,205,205,207,204,207,209,206,213,215,212,212,214,211,211,213,210,210,212,209,211,213,210,211,213,210,210,212,209,210,212,209,210,212,209,210,212,209,210,212,209,209,211,208,210,212,209,210,212,209,211,213,210,210,212,209,210,212,207,210,212,207,210,212,209,210,212,209,210,212,209,210,212,209,210,212,209,210,212,209,210,212,209,210,212,209,211,213,210,211,213,210,211,213,210,211,213,210,211,213,210,210,212,209,210,212,209,209,211,208,209,211,208,208,210,207,208,210,207,208,210,207,209,211,208,210,212,209,210,212,209,210,212,209,210,212,209,210,212,209,210,212,209,210,212,209,211,213,210,212,212,210,212,212,210,213,214,209,213,214,209,212,213,208,213,212,208,216,215,211,217,216,212,218,217,213,221,217,214,214,213,209,209,208,204,215,214,210,219,218,214,231,230,226,213,212,208,181,180,176,110,109,105,115,114,110,114,113,109,88,87,83,154,153,149,186,185,181,119,118,114,67,66,62,51,50,46,111,111,109,96,96,94,60,60,58,55,55,53,59,59,59,72,72,72,117,117,117,188,188,188,254,254,254,253,253,253,252,252,252,253,253,253,254,254,254,255,255,255,255,255,255,254,254,254,255,255,255,255,255,255,255,255,255,255,255,255,255,255,255,255,255,255,255,255,255,255,255,255,255,255,255,255,255,255,255,255,255,255,255,255,255,255,255,255,255,255,255,255,255,255,255,255,255,255,255,255,255,255,255,255,255,255,255,255,255,255,255,255,255,255,255,255,255,255,255,255,255,255,255,255,255,255,255,255,255,255,255,255,255,255,255,255,255,255,255,255,255,255,255,255,255,255,255,255,255,255,255,255,255,255,255,255,255,255,255,255,255,255,255,255,255,255,255,255,255,255,255,255,255,255,255,255,255,255,255,255,255,255,255,255,255,255,255,255,255,255,255,255,255,255,255,255,255,255,255,255,255,255,255,255,255,255,255,255,255,255,255,255,255,255,255,255,255,255,255,255,255,255,255,255,255,255,255,255,255,255,255,255,255,255,255,255,255,255,255,255,255,255,255,255,255,255,255,255,255,255,255,255,255,255,255,255,255,255,255,255,255,255,255,255,255,255,255,255,255,255,255,255,255,255,255,255,255,255,255,255,255,255,255,255,255,255,255,255,255,255,255,255,255,255,255,255,255,255,255,255,255,255,255,255,255,255,255,255,255,255,255,255,255,255,255,255,255,255,255,255,255,255,255,255,255,255,255,255,255,255,255,255,255,255,255,255,255,255,255,255,255,255,255,255,255,255,255,255,255,255,255,255,255,255,255,255,255,255,255,255,255,255,255,255,255,255,255,255,255,255,255,255,255,255,255,255,255,255,255,255,255,255,255,255
80,82,79,41,43,40,29,31,28,160,162,159,177,179,176,158,160,157,163,165,162,168,170,167,172,174,171,151,153,150,129,131,128,116,118,115,146,148,145,174,176,173,191,193,190,203,205,202,208,210,207,206,208,205,205,207,204,206,208,205,205,207,204,204,206,203,209,211,208,215,217,214,213,215,212,212,214,211,210,212,209,209,211,208,209,211,208,210,212,209,210,212,209,210,212,207,210,212,209,210,212,209,210,212,209,209,211,208,210,212,209,211,213,210,210,212,209,209,211,206,210,212,209,210,212,209,210,212,209,210,212,209,210,212,209,210,212,209,210,212,209,210,212,209,210,212,209,211,213,210,211,213,210,210,212,209,210,212,209,211,213,210,210,212,209,209,211,208,209,211,208,209,211,208,209,211,208,209,211,208,209,211,208,209,211,208,210,212,209,210,212,209,210,212,209,210,212,209,210,212,209,210,212,209,210,212,209,211,213,210,211,213,210,212,212,210,212,213,208,213,214,209,213,214,209,214,213,209,216,215,211,220,219,215,222,221,217,221,220,216,215,214,210,212,211,207,209,208,204,214,213,209,220,219,215,227,226,222,197,196,192,127,126,122,129,128,124,122,121,117,67,66,62,130,129,125,181,180,176,152,151,147,124,123,119,104,103,99,132,132,130,108,108,106,74,74,72,49,49,47,57,57,57,85,85,85,99,99,99,171,171,171,254,254,254,250,250,250,252,252,252,254,254,254,252,252,252,253,253,253,255,255,255,255,255,255,255,255,255,255,255,255,255,255,255,255,255,255,255,255,255,255,255,255,255,255,255,255,255,255,255,255,255,255,255,255,255,255,255,255,255,255,255,255,255,255,255,255,255,255,255,255,255,255,255,255,255,255,255,255,255,255,255,255,255,255,255,255,255,255,255,255,255,255,255,255,255,255,255,255,255,255,255,255,255,255,255,255,255,255,255,255,255,255,255,255,255,255,255,255,255,255,255,255,255,255,255,255,255,255,255,255,255,255,255,255,255,255,255,255,255,255,255,255,255,255,255,255,255,255,255,255,255,255,255,255,255,255,255,255,255,255,255,255,255,255,255,255,255,255,255,255,255,255,255,255,255,255,255,255,255,255,255,255,255,255,255,255,255,255,255,255,255,255,255,255,255,255,255,255,255,255,255,255,255,255,255,255,255,255,255,255,255,255,255,255,255,255,255,255,255,255,255,255,255,255,255,255,255,255,255,255,255,255,255,255,255,255,255,255,255,255,255,255,255,255,255,255,255,255,255,255,255,255,255,255,255,255,255,255,255,255,255,255,255,255,255,255,255,255,255,255,255,255,255,255,255,255,255,255,255,255,255,255,255,255,255,255,255,255,255,255,255,255,255,255,255,255,255,255,255,255,255,255,255,255,255,255,255,255,255,255,255,255,255,255,255,255,255,255,255,255,255,255,255,255,255,255,255,255,255,255,255,255,255,255,255,255,255,255,255,255,255,255,255,255,255,255,255,255,255,255,255,255,255,255,255,255,255,255,255,255
77,79,76,42,44,41,32,34,31,161,163,160,177,179,176,158,160,157,163,165,162,166,168,165,164,166,163,143,145,142,127,129,126,121,123,120,151,153,150,178,180,177,195,197,194,206,208,205,208,210,207,206,208,205,206,208,205,206,208,205,205,207,204,204,206,203,208,210,207,214,216,213,212,214,211,212,214,211,211,213,210,211,213,210,211,213,208,210,212,207,208,213,207,208,213,207,209,211,208,209,211,208,209,211,208,208,210,207,209,211,208,210,212,209,210,212,207,210,212,207,210,212,207,210,212,209,210,212,209,210,212,209,210,212,209,210,212,209,210,212,211,210,212,211,210,212,209,211,213,210,211,213,210,210,212,209,210,212,209,210,212,209,210,212,209,209,211,208,209,211,208,209,211,208,209,211,208,209,211,208,209,211,208,209,211,208,210,212,209,210,212,209,210,212,209,210,212,209,210,212,209,210,212,209,210,212,209,211,213,210,211,213,210,211,213,210,213,213,211,214,215,210,214,215,210,213,214,209,215,214,210,219,218,214,222,221,217,223,222,218,217,216,212,214,213,209,211,210,206,211,210,206,213,212,208,228,227,223,210,209,205,147,146,142,147,146,142,118,117,113,47,46,42,118,117,113,190,189,185,181,180,176,160,159,155,140,139,135,152,152,150,128,128,126,89,89,87,45,45,43,56,56,56,90,90,90,86,86,86,156,156,156,253,253,253,249,249,249,251,251,251,254,254,254,253,253,253,253,253,253,255,255,255,255,255,255,255,255,255,255,255,255,255,255,255,255,255,255,255,255,255,255,255,255,255,255,255,255,255,255,255,255,255,255,255,255,255,255,255,255,255,255,255,255,255,255,255,255,255,255,255,255,255,255,255,255,255,255,255,255,255,255,255,255,255,255,255,255,255,255,255,255,255,255,255,255,255,255,255,255,255,255,255,255,255,255,255,255,255,255,255,255,255,255,255,255,255,255,255,255,255,255,255,255,255,255,255,255,255,255,255,255,255,255,255,255,255,255,255,255,255,255,255,255,255,255,255,255,255,255,255,255,255,255,255,255,255,255,255,255,255,255,255,255,255,255,255,255,255,255,255,255,255,255,255,255,255,255,255,255,255,255,255,255,255,255,255,255,255,255,255,255,255,255,255,255,255,255,255,255,255,255,255,255,255,255,255,255,255,255,255,255,255,255,255,255,255,255,255,255,255,255,255,255,255,255,255,255,255,255,255,255,255,255,255,255,255,255,255,255,255,255,255,255,255,255,255,255,255,255,255,255,255,255,255,255,255,255,255,255,255,255,255,255,255,255,255,255,255,255,255,255,255,255,255,255,255,255,255,255,255,255,255,255,255,255,255,255,255,255,255,255,255,255,255,255,255,255,255,255,255,255,255,255,255,255,255,255,255,255,255,255,255,255,255,255,255,255,255,255,255,255,255,255,255,255,255,255,255,255,255,255,255,255,255,255,255,255,255,255,255,255,255,255,255,255,255,255,255,255,255,255,255,255,255,255,255,255,255,255,255,255
77,79,76,44,46,43,35,37,34,161,163,160,178,180,177,158,160,157,162,164,161,163,165,162,156,158,155,134,136,133,125,127,124,126,128,125,157,159,156,181,183,180,198,200,197,209,211,208,209,211,206,207,209,206,205,207,204,204,206,203,203,205,202,204,206,203,209,211,208,214,216,213,214,216,213,212,214,211,211,213,210,209,214,210,209,214,208,208,213,207,208,213,207,208,213,207,210,212,209,209,211,208,208,210,207,208,210,207,209,211,206,209,211,206,209,211,206,210,212,207,209,211,206,209,211,206,209,211,206,209,211,208,209,211,208,209,211,208,209,211,210,209,211,210,210,212,209,210,212,209,210,212,209,210,212,209,209,211,208,210,212,209,209,211,208,208,210,207,209,211,208,209,211,208,209,211,208,208,210,207,208,210,207,209,211,208,209,211,208,210,212,209,210,212,209,210,212,209,210,212,209,210,212,209,210,212,209,211,213,210,211,213,210,211,213,210,213,213,211,216,216,214,215,216,211,211,212,207,210,211,206,216,215,211,220,219,215,222,221,217,217,218,213,214,215,210,209,210,205,209,210,205,212,213,208,223,224,219,212,213,208,169,170,165,160,161,156,121,122,117,28,29,24,122,123,118,210,211,206,200,201,196,168,169,164,146,147,142,153,153,151,140,140,138,106,106,104,40,40,38,59,59,59,102,102,102,76,76,76,144,144,144,253,253,253,248,248,248,250,250,250,254,254,254,253,253,253,252,252,252,254,254,254,255,255,255,255,255,255,255,255,255,255,255,255,255,255,255,255,255,255,255,255,255,255,255,255,255,255,255,255,255,255,255,255,255,255,255,255,255,255,255,255,255,255,255,255,255,255,255,255,255,255,255,255,255,255,255,255,255,255,255,255,255,255,255,255,255,255,255,255,255,255,255,255,255,255,255,255,255,255,255,255,255,255,255,255,255,255,255,255,255,255,255,255,255,255,255,255,255,255,255,255,255,255,255,255,255,255,255,255,255,255,255,255,255,255,255,255,255,255,255,255,255,255,255,255,255,255,255,255,255,255,255,255,255,255,255,255,255,255,255,255,255,255,255,255,255,255,255,255,255,255,255,255,255,255,255,255,255,255,255,255,255,255,255,255,255,255,255,255,255,255,255,255,255,255,255,255,255,255,255,255,255,255,255,255,255,255,255,255,255,255,255,255,255,255,255,255,255,255,255,255,255,255,255,255,255,255,255,255,255,255,255,255,255,255,255,255,255,255,255,255,255,255,255,255,255,255,255,255,255,255,255,255,255,255,255,255,255,255,255,255,255,255,255,255,255,255,255,255,255,255,255,255,255,255,255,255,255,255,255,255,255,255,255,255,255,255,255,255,255,255,255,255,255,255,255,255,255,255,255,255,255,255,255,255,255,255,255,255,255,255,255,255,255,255,255,255,255,255,255,255,255,255,255,255,255,255,255,255,255,255,255,255,255,255,255,255,255,255,255,255,255,255,255,255,255,255,255,255,255,255,255,255,255,255,255,255,255,255,255
83,85,82,47,49,46,37,39,36,161,163,160,178,180,177,158,160,157,162,164,161,160,162,159,149,151,148,128,130,127,124,126,123,130,132,129,161,163,160,183,185,182,199,201,198,209,211,208,210,212,209,207,209,206,205,207,204,203,205,202,203,205,202,204,206,203,210,212,209,215,217,214,215,217,214,211,216,212,209,214,210,209,214,210,209,214,208,208,213,207,208,213,207,208,213,207,210,212,209,209,211,208,209,211,206,209,211,206,209,211,206,209,211,206,209,212,205,209,212,205,208,211,204,208,210,205,209,211,206,209,211,206,209,211,208,209,211,208,209,211,208,208,210,207,210,212,209,210,212,209,210,212,209,210,212,209,209,211,208,209,211,208,209,211,208,209,211,208,208,210,207,208,210,207,208,210,207,208,210,207,208,210,207,209,211,208,209,211,208,210,212,209,210,212,209,210,212,209,210,212,209,210,212,209,210,212,209,211,213,210,211,213,210,211,213,210,212,214,211,216,216,214,215,215,213,210,211,206,207,208,203,211,212,207,217,216,212,219,218,214,218,219,214,216,217,212,210,211,206,211,212,207,214,215,210,214,215,210,206,207,202,188,189,184,162,163,158,120,121,116,18,19,14,131,132,127,221,222,217,182,183,178,121,122,117,88,89,84,118,118,116,130,130,128,117,117,115,36,36,34,59,59,59,108,108,108,65,65,65,137,137,137,254,254,254,247,247,247,248,248,248,253,253,253,252,252,252,252,252,252,254,254,254,255,255,255,255,255,255,255,255,255,255,255,255,255,255,255,255,255,255,255,255,255,255,255,255,255,255,255,255,255,255,255,255,255,255,255,255,255,255,255,255,255,255,255,255,255,255,255,255,255,255,255,255,255,255,255,255,255,255,255,255,255,255,255,255,255,255,255,255,255,255,255,255,255,255,255,255,255,255,255,255,255,255,255,255,255,255,255,255,255,255,255,255,255,255,255,255,255,255,255,255,255,255,255,255,255,255,255,255,255,255,255,255,255,255,255,255,255,255,255,255,255,255,255,255,255,255,255,255,255,255,255,255,255,255,255,255,255,255,255,255,255,255,255,255,255,255,255,255,255,255,255,255,255,255,255,255,255,255,255,255,255,255,255,255,255,255,255,255,255,255,255,255,255,255,255,255,255,255,255,255,255,255,255,255,255,255,255,255,255,255,255,255,255,255,255,255,255,255,255,255,255,255,255,255,255,255,255,255,255,255,255,255,255,255,255,255,255,255,255,255,255,255,255,255,255,255,255,255,255,255,255,255,255,255,255,255,255,255,255,255,255,255,255,255,255,255,255,255,255,255,255,255,255,255,255,255,255,255,255,255,255,255,255,255,255,255,255,255,255,255,255,255,255,255,255,255,255,255,255,255,255,255,255,255,255,255,255,255,255,255,255,255,255,255,255,255,255,255,255,255,255,255,255,255,255,255,255,255,255,255,255,255,255,255,255,255,255,255,255,255,255,255,255,255,255,255,255,255,255,255,255,255,255,255,255,255,255,255,255
95,97,94,54,56,53,39,41,38,160,162,159,180,182,179,159,161,158,162,164,161,157,159,156,144,146,143,126,128,125,126,128,125,136,138,135,167,169,166,187,189,186,199,201,198,207,209,206,208,210,207,207,209,206,206,208,205,205,207,204,205,207,204,206,208,205,210,212,209,212,217,213,208,213,209,208,213,209,209,214,210,212,217,213,212,217,211,209,214,208,206,211,205,205,210,204,205,210,204,206,211,205,206,211,205,206,211,204,207,212,205,208,213,206,210,213,206,209,212,205,208,211,204,209,212,205,210,213,206,210,212,207,210,212,207,209,211,206,208,210,207,207,209,206,209,211,208,208,210,207,208,210,207,209,211,208,208,210,207,208,210,207,208,210,207,208,210,207,208,210,207,207,209,206,207,209,206,207,209,206,208,210,207,209,211,208,209,211,208,210,212,209,210,212,209,210,212,209,210,212,209,210,212,209,210,212,209,210,212,209,211,213,210,211,213,210,211,213,210,214,216,213,215,215,213,210,210,208,207,207,205,210,211,206,214,215,210,215,216,211,217,217,215,216,216,214,215,215,213,213,213,211,211,211,209,214,214,212,211,211,209,195,195,193,159,159,157,101,101,99,26,26,24,139,139,137,223,223,221,161,161,159,88,88,86,47,47,45,89,89,87,121,121,119,125,125,123,37,37,35,62,62,62,114,114,114,64,64,64,137,137,137,255,255,255,248,248,248,248,248,248,252,252,252,251,251,251,252,252,252,255,255,255,255,255,255,255,255,255,255,255,255,255,255,255,255,255,255,255,255,255,255,255,255,255,255,255,255,255,255,255,255,255,255,255,255,255,255,255,255,255,255,255,255,255,255,255,255,255,255,255,255,255,255,255,255,255,255,255,255,255,255,255,255,255,255,255,255,255,255,255,255,255,255,255,255,255,255,255,255,255,255,255,255,255,255,255,255,255,255,255,255,255,255,255,255,255,255,255,255,255,255,255,255,255,255,255,255,255,255,255,255,255,255,255,255,255,255,255,255,255,255,255,255,255,255,255,255,255,255,255,255,255,255,255,255,255,255,255,255,255,255,255,255,255,255,255,255,255,255,255,255,255,255,255,255,255,255,255,255,255,255,255,255,255,255,255,255,255,255,255,255,255,255,255,255,255,255,255,255,255,255,255,255,255,255,255,255,255,255,255,255,255,255,255,255,255,255,255,255,255,255,255,255,255,255,255,255,255,255,255,255,255,255,255,255,255,255,255,255,255,255,255,255,255,255,255,255,255,255,255,255,255,255,255,255,255,255,255,255,255,255,255,255,255,255,255,255,255,255,255,255,255,255,255,255,255,255,255,255,255,255,255,255,255,255,255,255,255,255,255,255,255,255,255,255,255,255,255,255,255,255,255,255,255,255,255,255,255,255,255,255,255,255,255,255,255,255,255,255,255,255,255,255,255,255,255,255,255,255,255,255,255,255,255,255,255,255,255,255,255,255,255,255,255,255,255,255,255,255,255,255,255,255,255,255,255,255,255,255,255,255
113,115,112,67,69,66,45,47,44,159,161,158,180,182,179,163,165,162,166,168,165,158,160,157,146,148,145,131,133,130,133,135,132,144,146,143,175,177,174,192,194,191,198,200,197,203,205,202,205,207,204,206,208,205,208,210,207,209,211,208,208,210,207,208,210,207,207,211,210,208,212,211,203,208,204,205,210,206,210,215,211,215,220,216,214,219,213,208,213,207,202,209,202,201,208,201,205,210,203,206,211,204,206,211,204,204,209,202,204,210,200,207,213,203,207,213,203,205,211,201,207,210,201,209,212,203,211,214,205,212,215,208,212,215,208,210,212,207,208,210,205,206,208,203,205,207,204,204,206,203,205,207,204,205,207,204,205,207,204,205,207,204,205,207,204,205,207,204,206,208,205,205,207,204,205,207,204,205,207,204,206,208,205,207,209,206,208,210,207,209,211,208,209,211,208,209,211,208,209,211,208,210,212,209,210,212,209,210,212,209,210,212,209,210,212,209,209,211,208,212,214,211,212,214,211,210,210,208,209,209,207,210,210,208,212,213,208,213,214,209,215,215,213,211,211,209,215,215,213,214,214,212,212,212,210,226,226,224,221,221,219,188,188,186,120,120,118,71,71,69,59,59,57,148,148,146,203,203,201,140,140,138,103,103,101,92,92,90,153,153,151,156,156,154,126,126,124,27,27,25,66,66,66,133,133,133,83,83,83,141,141,141,255,255,255,250,250,250,249,249,249,251,251,251,250,250,250,252,252,252,255,255,255,255,255,255,255,255,255,255,255,255,255,255,255,255,255,255,255,255,255,255,255,255,255,255,255,255,255,255,255,255,255,255,255,255,255,255,255,255,255,255,255,255,255,255,255,255,255,255,255,255,255,255,255,255,255,255,255,255,255,255,255,255,255,255,255,255,255,255,255,255,255,255,255,255,255,255,255,255,255,255,255,255,255,255,255,255,255,255,255,255,255,255,255,255,255,255,255,255,255,255,255,255,255,255,255,255,255,255,255,255,255,255,255,255,255,255,255,255,255,255,255,255,255,255,255,255,255,255,255,255,255,255,255,255,255,255,255,255,255,255,255,255,255,255,255,255,255,255,255,255,255,255,255,255,255,255,255,255,255,255,255,255,255,255,255,255,255,255,255,255,255,255,255,255,255,255,255,255,255,255,255,255,255,255,255,255,255,255,255,255,255,255,255,255,255,255,255,255,255,255,255,255,255,255,255,255,255,255,255,255,255,255,255,255,255,255,255,255,255,255,255,255,255,255,255,255,255,255,255,255,255,255,255,255,255,255,255,255,255,255,255,255,255,255,255,255,255,255,255,255,255,255,255,255,255,255,255,255,255,255,255,255,255,255,255,255,255,255,255,255,255,255,255,255,255,255,255,255,255,255,255,255,255,255,255,255,255,255,255,255,255,255,255,255,255,255,255,255,255,255,255,255,255,255,255,255,255,255,255,255,255,255,255,255,255,255,255,255,255,255,255,255,255,255,255,255,255,255,255,255,255,255,255,255,255,255,255,255,255,255
130,132,129,80,82,79,49,51,48,152,154,151,175,177,174,164,166,163,171,173,170,161,163,160,146,148,145,136,138,135,138,140,137,146,148,145,179,181,178,195,197,194,198,200,197,200,202,199,204,206,203,206,208,205,209,211,208,211,213,210,210,212,209,209,211,210,206,210,209,205,209,208,205,209,208,207,212,208,211,216,212,212,217,213,207,214,207,201,208,201,201,208,201,203,210,203,213,218,211,214,220,210,209,215,205,201,207,197,199,205,193,202,208,196,203,209,197,199,205,193,200,206,194,205,208,197,209,212,203,211,214,205,212,215,208,210,213,206,207,210,203,204,207,200,202,204,201,202,204,201,202,204,201,203,205,202,203,205,202,202,204,201,203,205,202,203,205,202,204,206,203,204,206,203,203,205,202,204,206,203,205,207,204,207,209,206,208,210,207,208,210,207,209,211,208,209,211,208,209,211,208,209,211,208,209,211,208,210,212,209,210,212,209,210,212,209,209,211,208,209,211,208,210,212,209,210,212,209,210,210,208,211,211,209,212,212,210,212,213,208,212,212,210,210,210,208,213,213,211,212,212,210,214,214,212,224,224,222,217,217,215,194,194,192,136,136,134,83,83,81,63,63,61,128,128,126,171,171,169,126,126,124,101,101,99,97,97,95,148,148,146,156,156,154,128,128,126,29,29,27,62,62,62,127,127,127,92,92,92,152,152,152,255,255,255,252,252,252,251,251,251,251,251,251,249,249,249,252,252,252,255,255,255,255,255,255,255,255,255,255,255,255,255,255,255,255,255,255,255,255,255,255,255,255,255,255,255,255,255,255,255,255,255,255,255,255,255,255,255,255,255,255,255,255,255,255,255,255,255,255,255,255,255,255,255,255,255,255,255,255,255,255,255,255,255,255,255,255,255,255,255,255,255,255,255,255,255,255,255,255,255,255,255,255,255,255,255,255,255,255,255,255,255,255,255,255,255,255,255,255,255,255,255,255,255,255,255,255,255,255,255,255,255,255,255,255,255,255,255,255,255,255,255,255,255,255,255,255,255,255,255,255,255,255,255,255,255,255,255,255,255,255,255,255,255,255,255,255,255,255,255,255,255,255,255,255,255,255,255,255,255,255,255,255,255,255,255,255,255,255,255,255,255,255,255,255,255,255,255,255,255,255,255,255,255,255,255,255,255,255,255,255,255,255,255,255,255,255,255,255,255,255,255,255,255,255,255,255,255,255,255,255,255,255,255,255,255,255,255,255,255,255,255,255,255,255,255,255,255,255,255,255,255,255,255,255,255,255,255,255,255,255,255,255,255,255,255,255,255,255,255,255,255,255,255,255,255,255,255,255,255,255,255,255,255,255,255,255,255,255,255,255,255,255,255,255,255,255,255,255,255,255,255,255,255,255,255,255,255,255,255,255,255,255,255,255,255,255,255,255,255,255,255,255,255,255,255,255,255,255,255,255,255,255,255,255,255,255,255,255,255,255,255,255,255,255,255,255,255,255,255,255,255,255,255,255,255,255,255,255,255,255
141,143,140,88,90,87,50,52,49,144,146,143,166,168,165,162,164,161,174,176,173,164,166,163,142,144,141,135,137,134,135,137,134,143,145,142,178,180,177,196,198,195,199,201,198,201,203,200,205,207,204,207,209,206,209,211,208,210,212,209,210,212,209,206,210,209,205,209,208,205,209,208,211,215,214,211,216,212,210,215,211,206,211,207,198,205,198,195,202,195,200,207,200,208,215,208,222,228,218,222,228,218,214,220,210,201,207,195,195,201,189,198,204,192,197,203,191,193,199,185,194,200,188,198,204,192,205,208,197,209,212,203,210,213,204,209,212,205,205,208,201,203,206,199,203,205,202,202,204,201,202,204,201,203,205,202,204,206,203,203,205,202,203,205,202,204,206,203,205,207,204,204,206,203,204,206,203,204,206,203,206,208,205,208,210,207,209,211,208,209,211,208,209,211,208,209,211,208,209,211,208,209,211,208,209,211,208,210,212,209,210,212,209,210,212,209,211,213,210,210,212,209,210,212,209,211,213,210,212,212,210,212,212,210,212,212,210,212,213,208,212,214,211,214,216,213,212,214,211,210,212,209,212,214,211,206,208,205,204,206,203,216,218,215,165,167,164,114,116,113,54,56,53,108,110,107,149,151,148,121,123,120,98,100,97,94,96,93,133,133,131,147,147,145,124,124,122,30,30,28,56,56,56,119,119,119,96,96,96,160,160,160,255,255,255,253,253,253,253,253,253,252,252,252,249,249,249,252,252,252,255,255,255,254,254,254,255,255,255,255,255,255,255,255,255,255,255,255,255,255,255,255,255,255,255,255,255,255,255,255,255,255,255,255,255,255,255,255,255,255,255,255,255,255,255,255,255,255,255,255,255,255,255,255,255,255,255,255,255,255,255,255,255,255,255,255,255,255,255,255,255,255,255,255,255,255,255,255,255,255,255,255,255,255,255,255,255,255,255,255,255,255,255,255,255,255,255,255,255,255,255,255,255,255,255,255,255,255,255,255,255,255,255,255,255,255,255,255,255,255,255,255,255,255,255,255,255,255,255,255,255,255,255,255,255,255,255,255,255,255,255,255,255,255,255,255,255,255,255,255,255,255,255,255,255,255,255,255,255,255,255,255,255,255,255,255,255,255,255,255,255,255,255,255,255,255,255,255,255,255,255,255,255,255,255,255,255,255,255,255,255,255,255,255,255,255,255,255,255,255,255,255,255,255,255,255,255,255,255,255,255,255,255,255,255,255,255,255,255,255,255,255,255,255,255,255,255,255,255,255,255,255,255,255,255,255,255,255,255,255,255,255,255,255,255,255,255,255,255,255,255,255,255,255,255,255,255,255,255,255,255,255,255,255,255,255,255,255,255,255,255,255,255,255,255,255,255,255,255,255,255,255,255,255,255,255,255,255,255,255,255,255,255,255,255,255,255,255,255,255,255,255,255,255,255,255,255,255,255,255,255,255,255,255,255,255,255,255,255,255,255,255,255,255,255,255,255,255,255,255,255,255,255,255,255,255,255,255,255,255,255,255
159,161,158,100,102,99,53,55,52,136,138,135,157,159,156,158,160,157,175,177,174,167,169,166,142,144,141,131,133,130,134,136,133,148,150,147,179,181,178,197,199,196,199,201,198,201,203,200,205,207,206,207,209,206,209,211,208,209,211,208,209,211,208,208,210,207,207,209,206,205,207,204,209,213,212,213,217,216,210,214,213,203,207,206,198,203,199,194,199,193,194,199,193,189,194,187,195,201,191,195,201,191,209,212,201,213,216,205,208,211,200,206,209,198,201,205,191,199,201,188,200,202,191,201,203,192,205,207,196,206,207,199,212,213,205,211,212,206,209,210,204,205,206,200,205,206,201,202,203,198,203,204,199,205,206,201,203,205,202,201,203,200,203,205,202,204,206,203,204,206,203,204,206,203,204,206,203,204,206,203,205,207,204,207,209,206,208,210,207,208,210,207,209,211,208,209,211,208,209,211,208,209,211,208,209,211,208,210,212,209,210,212,209,210,212,209,210,212,209,210,212,209,210,212,209,210,212,209,210,212,209,211,213,210,211,213,210,212,214,211,211,213,210,214,216,213,211,213,210,211,213,210,214,216,213,206,208,205,205,207,204,219,221,218,182,184,181,134,136,133,72,74,71,135,137,134,184,186,183,165,167,164,136,138,135,127,129,126,166,166,164,158,158,156,124,124,122,31,31,29,50,50,50,105,105,105,109,109,109,173,173,173,254,254,254,253,253,253,253,253,253,253,253,253,252,252,252,253,253,253,255,255,255,254,254,254,255,255,255,255,255,255,255,255,255,255,255,255,255,255,255,255,255,255,255,255,255,255,255,255,255,255,255,255,255,255,255,255,255,255,255,255,255,255,255,255,255,255,255,255,255,255,255,255,255,255,255,255,255,255,255,255,255,255,255,255,255,255,255,255,255,255,255,255,255,255,255,255,255,255,255,255,255,255,255,255,255,255,255,255,255,255,255,255,255,255,255,255,255,255,255,255,255,255,255,255,255,255,255,255,255,255,255,255,255,255,255,255,255,255,255,255,255,255,255,255,255,255,255,255,255,255,255,255,255,255,255,255,255,255,255,255,255,255,255,255,255,255,255,255,255,255,255,255,255,255,255,255,255,255,255,255,255,255,255,255,255,255,255,255,255,255,255,255,255,255,255,255,255,255,255,255,255,255,255,255,255,255,255,255,255,255,255,255,255,255,255,255,255,255,255,255,255,255,255,255,255,255,255,255,255,255,255,255,255,255,255,255,255,255,255,255,255,255,255,255,255,255,255,255,255,255,255,255,255,255,255,255,255,255,255,255,255,255,255,255,255,255,255,255,255,255,255,255,255,255,255,255,255,255,255,255,255,255,255,255,255,255,255,255,255,255,255,255,255,255,255,255,255,255,255,255,255,255,255,255,255,255,255,255,255,255,255,255,255,255,255,255,255,255,255,255,255,255,255,255,255,255,255,255,255,255,255,255,255,255,255,255,255,255,255,255,255,255,255,255,255,255,255,255,255,255,255,255,255,255,255,255,255,255,255,255
179,181,178,108,110,107,48,50,47,134,136,133,159,161,158,159,161,158,174,176,173,164,166,163,141,143,140,128,130,127,131,133,130,148,150,147,180,182,179,197,199,196,200,202,199,202,204,201,206,208,207,207,209,206,209,211,208,209,211,208,208,210,207,207,209,206,206,208,205,205,207,204,213,215,214,212,216,215,205,209,208,202,206,205,201,206,202,198,203,197,183,188,182,164,169,162,151,154,145,160,163,154,185,188,177,219,222,211,218,221,210,206,208,197,206,208,195,200,202,189,199,201,190,198,200,189,202,204,193,205,206,198,212,213,205,212,213,207,212,213,207,208,209,203,206,207,202,203,204,199,202,203,198,204,205,200,203,205,202,203,205,202,204,206,203,204,206,203,204,206,203,204,206,203,204,206,203,204,206,203,205,207,204,207,209,206,209,211,208,209,211,208,209,211,208,209,211,208,209,211,208,209,211,208,209,211,208,210,212,209,210,212,209,210,212,209,210,212,209,210,212,209,210,212,209,210,212,209,210,212,209,211,213,210,211,213,210,212,214,211,212,214,211,211,213,210,213,215,212,213,215,212,212,214,211,215,217,214,214,216,213,207,209,206,172,174,171,130,132,129,81,83,80,148,150,147,199,201,198,164,166,163,126,128,125,105,107,104,149,149,147,152,152,150,121,121,119,31,31,29,41,41,41,92,92,92,123,123,123,187,187,187,254,254,254,252,252,252,253,253,253,254,254,254,253,253,253,253,253,253,255,255,255,255,255,255,255,255,255,255,255,255,255,255,255,255,255,255,255,255,255,255,255,255,255,255,255,255,255,255,255,255,255,255,255,255,255,255,255,255,255,255,255,255,255,255,255,255,255,255,255,255,255,255,255,255,255,255,255,255,255,255,255,255,255,255,255,255,255,255,255,255,255,255,255,255,255,255,255,255,255,255,255,255,255,255,255,255,255,255,255,255,255,255,255,255,255,255,255,255,255,255,255,255,255,255,255,255,255,255,255,255,255,255,255,255,255,255,255,255,255,255,255,255,255,255,255,255,255,255,255,255,255,255,255,255,255,255,255,255,255,255,255,255,255,255,255,255,255,255,255,255,255,255,255,255,255,255,255,255,255,255,255,255,255,255,255,255,255,255,255,255,255,255,255,255,255,255,255,255,255,255,255,255,255,255,255,255,255,255,255,255,255,255,255,255,255,255,255,255,255,255,255,255,255,255,255,255,255,255,255,255,255,255,255,255,255,255,255,255,255,255,255,255,255,255,255,255,255,255,255,255,255,255,255,255,255,255,255,255,255,255,255,255,255,255,255,255,255,255,255,255,255,255,255,255,255,255,255,255,255,255,255,255,255,255,255,255,255,255,255,255,255,255,255,255,255,255,255,255,255,255,255,255,255,255,255,255,255,255,255,255,255,255,255,255,255,255,255,255,255,255,255,255,255,255,255,255,255,255,255,255,255,255,255,255,255,255,255,255,255,255,255,255,255,255,255,255,255,255,255,255,255,255,255,255,255,255,255,255,255,255
204,206,203,117,119,116,41,43,40,134,136,133,161,163,160,158,160,157,170,172,169,160,162,159,143,145,142,125,127,124,130,132,129,151,153,150,182,184,181,197,199,196,201,203,200,203,205,202,206,208,207,207,209,206,209,211,208,209,211,208,208,210,207,207,209,206,205,207,204,204,206,203,206,208,207,209,211,210,202,204,203,209,211,210,214,216,213,211,213,208,177,179,174,139,142,135,101,104,95,117,120,111,156,159,148,217,220,209,221,223,212,202,204,193,205,207,194,202,204,191,201,201,191,197,197,187,199,199,189,202,202,194,211,211,203,213,212,207,213,214,208,211,212,206,207,208,203,204,205,200,203,204,199,204,205,200,204,206,203,204,206,203,204,206,203,204,206,203,204,206,203,204,206,203,204,206,203,204,206,203,205,207,204,208,210,207,209,211,208,209,211,208,209,211,208,209,211,208,209,211,208,209,211,208,209,211,208,210,212,209,210,212,209,210,212,209,210,212,209,210,212,209,210,212,209,210,212,209,210,212,209,211,213,210,211,213,210,212,214,211,213,215,212,209,211,208,214,216,213,212,214,211,209,211,208,225,227,224,225,227,224,195,197,194,156,158,155,117,119,116,75,77,74,149,151,148,202,204,201,148,150,147,93,95,92,58,60,57,109,109,107,126,126,124,109,109,107,37,37,35,37,37,37,79,79,79,140,140,140,200,200,200,254,254,254,251,251,251,252,252,252,255,255,255,254,254,254,253,253,253,254,254,254,255,255,255,255,255,255,255,255,255,255,255,255,255,255,255,255,255,255,255,255,255,255,255,255,255,255,255,255,255,255,255,255,255,255,255,255,255,255,255,255,255,255,255,255,255,255,255,255,255,255,255,255,255,255,255,255,255,255,255,255,255,255,255,255,255,255,255,255,255,255,255,255,255,255,255,255,255,255,255,255,255,255,255,255,255,255,255,255,255,255,255,255,255,255,255,255,255,255,255,255,255,255,255,255,255,255,255,255,255,255,255,255,255,255,255,255,255,255,255,255,255,255,255,255,255,255,255,255,255,255,255,255,255,255,255,255,255,255,255,255,255,255,255,255,255,255,255,255,255,255,255,255,255,255,255,255,255,255,255,255,255,255,255,255,255,255,255,255,255,255,255,255,255,255,255,255,255,255,255,255,255,255,255,255,255,255,255,255,255,255,255,255,255,255,255,255,255,255,255,255,255,255,255,255,255,255,255,255,255,255,255,255,255,255,255,255,255,255,255,255,255,255,255,255,255,255,255,255,255,255,255,255,255,255,255,255,255,255,255,255,255,255,255,255,255,255,255,255,255,255,255,255,255,255,255,255,255,255,255,255,255,255,255,255,255,255,255,255,255,255,255,255,255,255,255,255,255,255,255,255,255,255,255,255,255,255,255,255,255,255,255,255,255,255,255,255,255,255,255,255,255,255,255,255,255,255,255,255,255,255,255,255,255,255,255,255,255,255,255,255,255,255,255,255,255,255,255,255,255,255,255,255,255,255,255,255,255,255,255
225,227,224,124,126,123,35,37,34,140,142,139,166,168,165,158,160,157,165,167,164,159,161,158,146,148,145,125,127,124,131,133,130,155,157,154,184,186,183,198,200,197,201,203,200,203,205,202,206,208,207,207,209,206,209,211,208,209,211,208,208,210,207,207,209,206,205,207,204,204,206,203,208,210,209,209,211,210,197,199,198,203,205,204,211,213,210,217,219,214,186,188,183,149,152,145,108,109,101,104,105,97,123,125,114,175,177,166,198,200,189,204,204,194,206,206,194,206,206,194,204,204,194,197,197,187,195,195,185,197,197,189,206,206,198,209,208,203,212,211,206,210,209,204,205,206,201,205,206,201,203,204,199,204,205,200,204,206,203,203,205,202,203,205,202,203,205,202,204,206,203,204,206,203,204,206,203,204,206,203,206,208,205,208,210,207,209,211,208,209,211,208,209,211,208,209,211,208,209,211,208,209,211,208,209,211,208,210,212,209,210,212,209,210,212,209,210,212,209,210,212,209,210,212,209,210,212,209,210,212,209,211,213,210,211,213,210,212,214,211,212,214,211,210,212,209,214,216,213,211,213,210,212,214,211,232,234,231,234,236,233,207,209,206,172,174,171,125,127,124,66,68,65,145,147,144,201,203,200,155,157,154,100,102,99,67,69,66,110,110,108,118,118,116,101,101,99,41,41,39,32,32,32,64,64,64,156,156,156,216,216,216,254,254,254,251,251,251,252,252,252,255,255,255,255,255,255,253,253,253,254,254,254,255,255,255,255,255,255,255,255,255,255,255,255,255,255,255,255,255,255,255,255,255,255,255,255,255,255,255,255,255,255,255,255,255,255,255,255,255,255,255,255,255,255,255,255,255,255,255,255,255,255,255,255,255,255,255,255,255,255,255,255,255,255,255,255,255,255,255,255,255,255,255,255,255,255,255,255,255,255,255,255,255,255,255,255,255,255,255,255,255,255,255,255,255,255,255,255,255,255,255,255,255,255,255,255,255,255,255,255,255,255,255,255,255,255,255,255,255,255,255,255,255,255,255,255,255,255,255,255,255,255,255,255,255,255,255,255,255,255,255,255,255,255,255,255,255,255,255,255,255,255,255,255,255,255,255,255,255,255,255,255,255,255,255,255,255,255,255,255,255,255,255,255,255,255,255,255,255,255,255,255,255,255,255,255,255,255,255,255,255,255,255,255,255,255,255,255,255,255,255,255,255,255,255,255,255,255,255,255,255,255,255,255,255,255,255,255,255,255,255,255,255,255,255,255,255,255,255,255,255,255,255,255,255,255,255,255,255,255,255,255,255,255,255,255,255,255,255,255,255,255,255,255,255,255,255,255,255,255,255,255,255,255,255,255,255,255,255,255,255,255,255,255,255,255,255,255,255,255,255,255,255,255,255,255,255,255,255,255,255,255,255,255,255,255,255,255,255,255,255,255,255,255,255,255,255,255,255,255,255,255,255,255,255,255,255,255,255,255,255,255,255,255,255,255,255,255,255,255,255,255,255,255,255,255,255,255,255,255,255
241,243,240,131,133,130,35,37,34,147,149,146,171,173,170,161,163,160,162,164,161,158,160,157,149,151,148,126,128,125,132,134,131,156,158,155,185,187,184,198,200,197,200,202,199,202,204,201,205,207,206,207,209,206,209,211,208,209,211,208,208,210,207,207,209,206,205,207,204,204,206,203,206,208,207,210,210,210,199,199,199,202,202,202,207,207,205,218,219,214,201,202,197,178,179,173,136,137,129,122,123,115,118,120,109,129,129,119,164,164,154,204,204,194,208,208,196,216,214,202,215,212,203,206,203,194,200,197,188,197,194,187,203,200,193,204,201,196,207,204,199,205,202,197,200,201,196,204,205,200,204,205,200,204,205,200,204,206,203,203,205,202,202,204,201,204,206,203,204,206,203,204,206,203,204,206,203,204,206,203,206,208,205,208,210,207,209,211,208,209,211,208,209,211,208,209,211,208,209,211,208,209,211,208,209,211,208,210,212,209,210,212,209,210,212,209,210,212,209,210,212,209,210,212,209,210,212,209,211,213,210,211,213,210,211,213,210,211,213,210,212,214,211,213,215,212,212,214,211,211,213,210,213,215,212,218,220,217,222,224,221,222,224,221,181,183,180,126,128,125,47,49,46,134,136,133,204,206,203,183,185,182,133,135,132,100,102,99,121,121,119,109,109,107,86,86,84,48,48,46,34,34,34,56,56,56,170,170,170,228,228,228,254,254,254,251,251,251,251,251,251,255,255,255,254,254,254,253,253,253,254,254,254,255,255,255,255,255,255,255,255,255,255,255,255,255,255,255,255,255,255,255,255,255,255,255,255,255,255,255,255,255,255,255,255,255,255,255,255,255,255,255,255,255,255,255,255,255,255,255,255,255,255,255,255,255,255,255,255,255,255,255,255,255,255,255,255,255,255,255,255,255,255,255,255,255,255,255,255,255,255,255,255,255,255,255,255,255,255,255,255,255,255,255,255,255,255,255,255,255,255,255,255,255,255,255,255,255,255,255,255,255,255,255,255,255,255,255,255,255,255,255,255,255,255,255,255,255,255,255,255,255,255,255,255,255,255,255,255,255,255,255,255,255,255,255,255,255,255,255,255,255,255,255,255,255,255,255,255,255,255,255,255,255,255,255,255,255,255,255,255,255,255,255,255,255,255,255,255,255,255,255,255,255,255,255,255,255,255,255,255,255,255,255,255,255,255,255,255,255,255,255,255,255,255,255,255,255,255,255,255,255,255,255,255,255,255,255,255,255,255,255,255,255,255,255,255,255,255,255,255,255,255,255,255,255,255,255,255,255,255,255,255,255,255,255,255,255,255,255,255,255,255,255,255,255,255,255,255,255,255,255,255,255,255,255,255,255,255,255,255,255,255,255,255,255,255,255,255,255,255,255,255,255,255,255,255,255,255,255,255,255,255,255,255,255,255,255,255,255,255,255,255,255,255,255,255,255,255,255,255,255,255,255,255,255,255,255,255,255,255,255,255,255,255,255,255,255,255,255,255,255,255,255,255,255,255,255,255,255,255,255
250,252,249,140,142,139,43,45,42,145,147,144,169,171,168,162,164,161,165,167,164,160,162,159,149,151,148,128,130,127,132,134,131,154,156,153,183,185,182,197,199,196,199,201,198,202,204,201,205,207,206,207,209,206,209,211,208,209,211,208,209,211,208,208,210,207,206,208,205,206,206,204,214,214,214,213,213,213,199,199,199,193,193,193,195,195,193,211,212,207,220,219,215,219,218,213,196,196,188,158,158,150,117,117,107,88,88,78,138,135,126,208,205,196,221,219,207,226,224,212,228,225,216,219,216,207,210,207,198,201,198,191,201,198,191,199,196,191,199,196,191,195,192,187,195,196,191,202,203,198,204,205,200,203,204,199,204,206,203,203,205,202,202,204,201,205,207,204,204,206,203,204,206,203,204,206,203,204,206,203,205,207,204,208,210,207,209,211,208,209,211,208,209,211,208,209,211,208,209,211,208,209,211,208,209,211,208,210,212,209,210,212,209,210,212,209,210,212,209,210,212,209,210,212,209,210,212,209,211,213,210,211,213,210,211,213,210,211,213,210,212,214,211,212,214,211,211,213,210,213,215,212,211,213,210,202,204,201,207,209,206,226,228,225,186,188,185,119,121,118,25,27,24,118,120,117,207,209,206,210,212,209,178,180,177,153,155,152,153,153,151,116,116,114,72,72,70,53,53,51,35,35,35,47,47,47,182,182,182,242,242,242,255,255,255,251,251,251,251,251,251,253,253,253,253,253,253,253,253,253,255,255,255,255,255,255,255,255,255,255,255,255,255,255,255,255,255,255,255,255,255,255,255,255,255,255,255,255,255,255,255,255,255,255,255,255,255,255,255,255,255,255,255,255,255,255,255,255,255,255,255,255,255,255,255,255,255,255,255,255,255,255,255,255,255,255,255,255,255,255,255,255,255,255,255,255,255,255,255,255,255,255,255,255,255,255,255,255,255,255,255,255,255,255,255,255,255,255,255,255,255,255,255,255,255,255,255,255,255,255,255,255,255,255,255,255,255,255,255,255,255,255,255,255,255,255,255,255,255,255,255,255,255,255,255,255,255,255,255,255,255,255,255,255,255,255,255,255,255,255,255,255,255,255,255,255,255,255,255,255,255,255,255,255,255,255,255,255,255,255,255,255,255,255,255,255,255,255,255,255,255,255,255,255,255,255,255,255,255,255,255,255,255,255,255,255,255,255,255,255,255,255,255,255,255,255,255,255,255,255,255,255,255,255,255,255,255,255,255,255,255,255,255,255,255,255,255,255,255,255,255,255,255,255,255,255,255,255,255,255,255,255,255,255,255,255,255,255,255,255,255,255,255,255,255,255,255,255,255,255,255,255,255,255,255,255,255,255,255,255,255,255,255,255,255,255,255,255,255,255,255,255,255,255,255,255,255,255,255,255,255,255,255,255,255,255,255,255,255,255,255,255,255,255,255,255,255,255,255,255,255,255,255,255,255,255,255,255,255,255,255,255,255,255,255,255,255,255,255,255,255,255,255,255,255,255,255,255,255,255,255,255
253,255,252,152,154,151,61,63,60,137,139,136,159,161,158,159,161,158,174,176,173,168,170,167,149,151,148,132,134,131,133,135,132,150,152,149,181,183,180,196,198,195,198,200,197,202,204,201,205,207,206,207,209,206,209,211,208,210,212,209,210,212,209,209,211,208,208,208,206,207,207,205,210,210,210,211,211,211,206,204,205,202,200,201,200,199,197,208,207,203,219,218,214,225,224,219,217,217,209,185,185,177,150,147,138,111,108,99,133,130,121,176,173,164,201,197,186,218,214,203,229,225,216,223,219,210,216,212,203,205,200,194,203,198,192,200,195,191,198,193,189,193,188,184,193,194,189,202,203,198,204,205,200,203,204,199,204,206,203,204,206,203,202,204,201,205,207,204,204,206,203,204,206,203,204,206,203,204,206,203,205,207,204,207,209,206,209,211,208,209,211,208,209,211,208,209,211,208,209,211,208,209,211,208,209,211,208,210,212,209,210,212,209,210,212,209,210,212,209,210,212,209,210,212,209,210,212,209,211,213,210,211,213,210,211,213,210,211,213,210,211,213,210,210,212,209,211,213,210,214,216,213,213,215,212,210,212,209,213,215,212,218,220,217,171,173,170,110,112,109,34,36,33,128,130,127,204,206,203,168,170,167,137,139,136,123,125,122,151,151,149,106,106,104,55,55,53,61,61,59,42,42,42,42,42,42,191,191,191,247,247,247,255,255,255,251,251,251,250,250,250,251,251,251,251,251,251,253,253,253,255,255,255,255,255,255,255,255,255,255,255,255,255,255,255,255,255,255,255,255,255,255,255,255,255,255,255,255,255,255,255,255,255,255,255,255,255,255,255,255,255,255,255,255,255,255,255,255,255,255,255,255,255,255,255,255,255,255,255,255,255,255,255,255,255,255,255,255,255,255,255,255,255,255,255,255,255,255,255,255,255,255,255,255,255,255,255,255,255,255,255,255,255,255,255,255,255,255,255,255,255,255,255,255,255,255,255,255,255,255,255,255,255,255,255,255,255,255,255,255,255,255,255,255,255,255,255,255,255,255,255,255,255,255,255,255,255,255,255,255,255,255,255,255,255,255,255,255,255,255,255,255,255,255,255,255,255,255,255,255,255,255,255,255,255,255,255,255,255,255,255,255,255,255,255,255,255,255,255,255,255,255,255,255,255,255,255,255,255,255,255,255,255,255,255,255,255,255,255,255,255,255,255,255,255,255,255,255,255,255,255,255,255,255,255,255,255,255,255,255,255,255,255,255,255,255,255,255,255,255,255,255,255,255,255,255,255,255,255,255,255,255,255,255,255,255,255,255,255,255,255,255,255,255,255,255,255,255,255,255,255,255,255,255,255,255,255,255,255,255,255,255,255,255,255,255,255,255,255,255,255,255,255,255,255,255,255,255,255,255,255,255,255,255,255,255,255,255,255,255,255,255,255,255,255,255,255,255,255,255,255,255,255,255,255,255,255,255,255,255,255,255,255,255,255,255,255,255,255,255,255,255,255,255,255,255,255,255,255,255,255,255
252,254,251,161,163,160,78,80,77,131,133,130,151,153,150,154,156,153,182,184,181,177,179,176,150,152,149,135,137,134,133,135,132,147,149,146,179,181,178,196,198,195,197,199,196,202,204,201,205,207,206,207,209,206,209,211,208,210,212,209,210,212,209,209,211,208,209,209,207,208,208,206,210,210,210,212,210,211,210,208,209,207,205,206,204,203,201,202,201,197,212,208,205,218,215,210,222,219,212,202,199,192,180,177,168,147,144,135,135,132,123,135,131,122,166,162,151,195,191,180,218,214,205,216,212,203,212,208,199,204,199,193,204,199,193,203,198,194,202,197,193,196,191,187,193,194,189,203,204,199,204,205,200,203,204,199,204,206,203,204,206,203,202,204,201,204,206,203,204,206,203,204,206,203,204,206,203,204,206,203,205,207,204,207,209,206,208,210,207,208,210,207,209,211,208,209,211,208,209,211,208,209,211,208,209,211,208,210,212,209,210,212,209,210,212,209,210,212,209,210,212,209,210,212,209,210,212,209,211,213,210,211,213,210,211,213,210,211,213,210,214,216,213,211,213,210,213,215,212,211,213,210,211,213,210,221,223,220,217,219,216,195,197,194,147,149,146,103,105,102,60,62,59,153,155,152,200,202,199,111,113,110,81,83,80,86,88,85,158,158,156,110,110,108,47,47,45,65,65,63,42,42,42,35,35,35,197,197,197,253,253,253,255,255,255,252,252,252,250,250,250,249,249,249,250,250,250,253,253,253,255,255,255,255,255,255,255,255,255,255,255,255,255,255,255,255,255,255,255,255,255,255,255,255,255,255,255,255,255,255,255,255,255,255,255,255,255,255,255,255,255,255,255,255,255,255,255,255,255,255,255,255,255,255,255,255,255,255,255,255,255,255,255,255,255,255,255,255,255,255,255,255,255,255,255,255,255,255,255,255,255,255,255,255,255,255,255,255,255,255,255,255,255,255,255,255,255,255,255,255,255,255,255,255,255,255,255,255,255,255,255,255,255,255,255,255,255,255,255,255,255,255,255,255,255,255,255,255,255,255,255,255,255,255,255,255,255,255,255,255,255,255,255,255,255,255,255,255,255,255,255,255,255,255,255,255,255,255,255,255,255,255,255,255,255,255,255,255,255,255,255,255,255,255,255,255,255,255,255,255,255,255,255,255,255,255,255,255,255,255,255,255,255,255,255,255,255,255,255,255,255,255,255,255,255,255,255,255,255,255,255,255,255,255,255,255,255,255,255,255,255,255,255,255,255,255,255,255,255,255,255,255,255,255,255,255,255,255,255,255,255,255,255,255,255,255,255,255,255,255,255,255,255,255,255,255,255,255,255,255,255,255,255,255,255,255,255,255,255,255,255,255,255,255,255,255,255,255,255,255,255,255,255,255,255,255,255,255,255,255,255,255,255,255,255,255,255,255,255,255,255,255,255,255,255,255,255,255,255,255,255,255,255,255,255,255,255,255,255,255,255,255,255,255,255,255,255,255,255,255,255,255,255,255,255,255,255,255,255,255,255,255
250,252,249,172,174,171,91,93,90,125,127,124,141,143,140,151,153,150,192,194,191,187,189,186,149,151,148,140,142,139,136,138,135,140,142,139,177,179,176,194,196,193,197,199,196,202,204,201,205,207,206,206,208,205,208,210,207,211,213,210,212,214,211,211,211,209,210,210,208,209,209,207,205,205,205,206,204,205,216,214,215,218,216,217,215,214,212,204,200,197,196,192,189,193,190,185,197,194,187,200,197,190,207,204,195,206,203,194,145,141,132,77,73,64,119,115,104,156,152,141,192,188,179,201,197,188,203,199,190,202,197,191,208,203,197,206,201,197,208,203,199,203,198,194,200,201,196,203,204,199,203,204,199,203,204,199,204,206,203,203,205,202,202,204,201,204,206,203,204,206,203,204,206,203,204,206,203,204,206,203,206,208,205,207,209,206,208,210,207,209,211,208,209,211,208,209,211,208,209,211,208,209,211,208,210,212,209,210,212,209,210,212,209,210,212,209,210,212,209,210,212,209,210,212,209,211,213,210,211,213,210,210,212,209,211,213,210,213,215,212,213,215,212,212,214,211,211,213,210,211,213,210,213,215,212,223,225,222,210,212,209,152,154,151,113,115,112,91,93,90,103,105,102,186,188,185,204,206,203,41,43,40,9,11,8,42,44,41,179,179,177,128,128,126,37,37,35,64,64,62,47,47,47,33,33,33,198,198,198,255,255,255,254,254,254,251,251,251,249,249,249,247,247,247,247,247,247,252,252,252,255,255,255,254,254,254,255,255,255,255,255,255,255,255,255,255,255,255,255,255,255,255,255,255,255,255,255,255,255,255,255,255,255,255,255,255,255,255,255,255,255,255,255,255,255,255,255,255,255,255,255,255,255,255,255,255,255,255,255,255,255,255,255,255,255,255,255,255,255,255,255,255,255,255,255,255,255,255,255,255,255,255,255,255,255,255,255,255,255,255,255,255,255,255,255,255,255,255,255,255,255,255,255,255,255,255,255,255,255,255,255,255,255,255,255,255,255,255,255,255,255,255,255,255,255,255,255,255,255,255,255,255,255,255,255,255,255,255,255,255,255,255,255,255,255,255,255,255,255,255,255,255,255,255,255,255,255,255,255,255,255,255,255,255,255,255,255,255,255,255,255,255,255,255,255,255,255,255,255,255,255,255,255,255,255,255,255,255,255,255,255,255,255,255,255,255,255,255,255,255,255,255,255,255,255,255,255,255,255,255,255,255,255,255,255,255,255,255,255,255,255,255,255,255,255,255,255,255,255,255,255,255,255,255,255,255,255,255,255,255,255,255,255,255,255,255,255,255,255,255,255,255,255,255,255,255,255,255,255,255,255,255,255,255,255,255,255,255,255,255,255,255,255,255,255,255,255,255,255,255,255,255,255,255,255,255,255,255,255,255,255,255,255,255,255,255,255,255,255,255,255,255,255,255,255,255,255,255,255,255,255,255,255,255,255,255,255,255,255,255,255,255,255,255,255,255,255,255,255,255,255,255,255,255,255,255,255,255,255,255,255,255
253,255,252,212,214,211,162,164,161,115,117,114,122,124,121,156,158,155,201,203,200,195,197,194,170,172,169,142,144,141,138,140,137,148,150,147,174,176,173,189,191,188,197,199,196,198,200,197,200,202,201,203,205,202,208,210,207,213,215,212,214,216,213,211,211,209,206,206,204,202,202,200,205,205,205,209,207,208,220,218,219,217,215,216,210,209,207,201,200,196,203,199,196,207,204,199,208,205,198,203,200,193,198,195,186,202,199,190,167,164,155,121,117,108,124,120,109,133,129,118,146,142,133,170,166,157,190,186,177,204,199,193,206,201,195,204,199,195,202,197,193,198,193,189,197,198,193,204,205,200,206,207,202,205,206,201,205,207,204,205,207,204,205,207,204,206,208,205,206,208,205,206,208,205,206,208,205,206,208,205,207,209,206,208,210,207,208,210,207,209,211,208,208,210,207,208,210,207,208,210,207,208,210,207,208,210,207,209,211,208,209,211,208,209,211,208,207,209,206,204,206,203,205,207,204,209,211,208,210,212,209,208,210,207,209,211,208,213,215,212,215,217,214,213,215,212,211,213,210,214,216,213,218,220,217,217,219,216,204,206,203,161,163,160,132,134,131,127,129,126,157,159,156,181,183,180,163,165,162,42,44,41,20,22,19,54,56,53,173,173,171,109,109,107,20,20,18,67,67,65,93,93,93,123,123,123,222,222,222,253,253,253,252,252,252,245,245,245,241,241,241,244,244,244,248,248,248,253,253,253,255,255,255,254,254,254,255,255,255,255,255,255,255,255,255,255,255,255,255,255,255,255,255,255,255,255,255,255,255,255,255,255,255,255,255,255,255,255,255,255,255,255,255,255,255,255,255,255,255,255,255,255,255,255,255,255,255,255,255,255,255,255,255,255,255,255,255,255,255,255,255,255,255,255,255,255,255,255,255,255,255,255,255,255,255,255,255,255,255,255,255,255,255,255,255,255,255,255,255,255,255,255,255,255,255,255,255,255,255,255,255,255,255,255,255,255,255,255,255,255,255,255,255,255,255,255,255,255,255,255,255,255,255,255,255,255,255,255,255,255,255,255,255,255,255,255,255,255,255,255,255,255,255,255,255,255,255,255,255,255,255,255,255,255,255,255,255,255,255,255,255,255,255,255,255,255,255,255,255,255,255,255,255,255,255,255,255,255,255,255,255,255,255,255,255,255,255,255,255,255,255,255,255,255,255,255,255,255,255,255,255,255,255,255,255,255,255,255,255,255,255,255,255,255,255,255,255,255,255,255,255,255,255,255,255,255,255,255,255,255,255,255,255,255,255,255,255,255,255,255,255,255,255,255,255,255,255,255,255,255,255,255,255,255,255,255,255,255,255,255,255,255,255,255,255,255,255,255,255,255,255,255,255,255,255,255,255,255,255,255,255,255,255,255,255,255,255,255,255,255,255,255,255,255,255,255,255,255,255,255,255,255,255,255,255,255,255,255,255,255,255,255,255,255,255,255,255,255,255,255,255,255,255,255,255,255,255,255,255,255,255,255
253,255,252,241,243,240,214,216,213,114,116,113,108,110,107,147,149,146,198,200,197,204,206,203,186,188,185,147,149,146,139,141,138,150,152,149,173,175,172,188,190,187,198,200,197,199,201,198,201,203,202,204,206,203,211,213,210,216,218,215,216,218,215,210,212,209,203,203,201,198,198,196,202,202,202,207,207,207,218,216,217,213,211,212,204,203,201,200,199,195,209,208,204,219,218,213,214,211,204,206,203,196,196,193,184,202,199,190,191,188,179,170,167,158,142,138,127,127,123,112,120,116,107,146,142,133,174,170,161,200,195,189,206,201,195,207,202,198,201,196,192,195,190,186,197,198,193,205,206,201,208,209,204,207,208,203,206,208,205,207,209,206,207,209,206,207,209,206,208,210,207,208,210,207,208,210,207,208,210,207,208,210,207,208,210,207,208,210,207,208,210,207,208,210,207,208,210,207,208,210,207,208,210,207,208,210,207,208,210,207,208,210,207,208,210,207,206,208,205,202,204,201,203,205,202,210,212,209,212,214,211,208,210,207,210,212,209,215,217,214,216,218,215,215,217,214,209,211,208,212,214,211,222,224,221,220,222,219,201,203,200,157,159,156,137,139,136,142,144,141,198,200,197,181,183,180,130,132,129,39,41,38,39,41,38,82,84,81,155,155,153,90,90,88,11,11,9,72,72,70,132,132,132,196,196,196,241,241,241,255,255,255,252,252,252,241,241,241,236,236,236,243,243,243,250,250,250,254,254,254,255,255,255,255,255,255,255,255,255,255,255,255,255,255,255,255,255,255,255,255,255,255,255,255,255,255,255,255,255,255,255,255,255,255,255,255,255,255,255,255,255,255,255,255,255,255,255,255,255,255,255,255,255,255,255,255,255,255,255,255,255,255,255,255,255,255,255,255,255,255,255,255,255,255,255,255,255,255,255,255,255,255,255,255,255,255,255,255,255,255,255,255,255,255,255,255,255,255,255,255,255,255,255,255,255,255,255,255,255,255,255,255,255,255,255,255,255,255,255,255,255,255,255,255,255,255,255,255,255,255,255,255,255,255,255,255,255,255,255,255,255,255,255,255,255,255,255,255,255,255,255,255,255,255,255,255,255,255,255,255,255,255,255,255,255,255,255,255,255,255,255,255,255,255,255,255,255,255,255,255,255,255,255,255,255,255,255,255,255,255,255,255,255,255,255,255,255,255,255,255,255,255,255,255,255,255,255,255,255,255,255,255,255,255,255,255,255,255,255,255,255,255,255,255,255,255,255,255,255,255,255,255,255,255,255,255,255,255,255,255,255,255,255,255,255,255,255,255,255,255,255,255,255,255,255,255,255,255,255,255,255,255,255,255,255,255,255,255,255,255,255,255,255,255,255,255,255,255,255,255,255,255,255,255,255,255,255,255,255,255,255,255,255,255,255,255,255,255,255,255,255,255,255,255,255,255,255,255,255,255,255,255,255,255,255,255,255,255,255,255,255,255,255,255,255,255,255,255,255,255,255,255,255,255,255,255,255,255,255,255,255,255
253,255,252,248,250,247,222,224,221,129,131,128,102,104,101,116,118,115,169,171,168,186,188,185,182,184,181,148,150,147,139,141,138,147,149,146,175,177,174,192,194,191,201,203,200,205,207,204,206,208,207,209,211,208,214,216,213,217,219,216,214,216,213,208,210,207,204,204,202,202,202,200,197,197,197,201,201,201,210,210,210,205,203,204,200,199,197,199,198,194,208,207,203,217,216,211,215,215,207,208,208,200,200,200,190,207,204,195,203,200,191,197,194,185,167,165,153,145,143,131,126,122,113,134,130,121,153,149,140,183,178,172,204,199,193,219,214,210,218,213,209,210,205,201,202,203,198,206,207,202,208,209,204,207,208,203,206,208,205,207,209,206,207,209,206,207,209,206,207,209,206,207,209,206,208,210,207,208,210,207,208,210,207,208,210,207,208,210,207,208,210,207,208,210,207,208,210,207,208,210,207,208,210,207,208,210,207,208,210,207,208,210,207,208,210,207,207,209,206,204,206,203,205,207,204,212,214,211,214,216,213,211,213,210,212,214,211,217,219,216,216,218,215,213,215,212,208,210,207,209,211,208,224,226,223,222,224,221,197,199,196,142,144,141,117,119,116,127,129,126,207,209,206,176,178,175,111,113,110,31,33,30,69,71,68,122,124,121,128,128,126,71,71,69,14,14,12,81,81,79,151,151,151,211,211,211,243,243,243,253,253,253,254,254,254,243,243,243,239,239,239,244,244,244,251,251,251,254,254,254,255,255,255,255,255,255,255,255,255,255,255,255,255,255,255,255,255,255,255,255,255,255,255,255,255,255,255,255,255,255,255,255,255,255,255,255,255,255,255,255,255,255,255,255,255,255,255,255,255,255,255,255,255,255,255,255,255,255,255,255,255,255,255,255,255,255,255,255,255,255,255,255,255,255,255,255,255,255,255,255,255,255,255,255,255,255,255,255,255,255,255,255,255,255,255,255,255,255,255,255,255,255,255,255,255,255,255,255,255,255,255,255,255,255,255,255,255,255,255,255,255,255,255,255,255,255,255,255,255,255,255,255,255,255,255,255,255,255,255,255,255,255,255,255,255,255,255,255,255,255,255,255,255,255,255,255,255,255,255,255,255,255,255,255,255,255,255,255,255,255,255,255,255,255,255,255,255,255,255,255,255,255,255,255,255,255,255,255,255,255,255,255,255,255,255,255,255,255,255,255,255,255,255,255,255,255,255,255,255,255,255,255,255,255,255,255,255,255,255,255,255,255,255,255,255,255,255,255,255,255,255,255,255,255,255,255,255,255,255,255,255,255,255,255,255,255,255,255,255,255,255,255,255,255,255,255,255,255,255,255,255,255,255,255,255,255,255,255,255,255,255,255,255,255,255,255,255,255,255,255,255,255,255,255,255,255,255,255,255,255,255,255,255,255,255,255,255,255,255,255,255,255,255,255,255,255,255,255,255,255,255,255,255,255,255,255,255,255,255,255,255,255,255,255,255,255,255,255,255,255,255,255,255,255,255,255,255,255,255,255,255,255
243,245,242,246,248,245,229,231,228,159,161,158,118,120,117,108,110,107,159,161,158,175,177,174,165,167,164,138,140,137,136,138,135,150,152,149,179,181,178,195,197,194,204,206,203,207,209,206,210,212,211,212,214,211,215,217,214,215,217,214,210,212,209,205,207,204,205,207,204,209,209,207,205,205,205,206,206,206,213,213,213,208,208,208,204,204,202,201,202,197,206,205,201,210,209,204,207,207,199,198,198,190,194,194,184,200,200,190,202,202,192,203,200,191,190,188,176,169,167,155,148,145,136,135,132,123,134,131,122,149,146,139,177,174,167,199,196,191,211,208,203,209,206,201,210,211,206,207,208,203,206,207,202,206,207,202,206,208,205,207,209,206,207,209,206,207,209,206,206,208,205,207,209,206,207,209,206,208,210,207,209,211,208,208,210,207,208,210,207,208,210,207,208,210,207,208,210,207,208,210,207,208,210,207,208,210,207,208,210,207,208,210,207,208,210,207,208,210,207,208,210,207,209,211,208,213,215,212,214,216,213,213,215,212,215,217,214,217,219,216,216,218,215,208,210,207,207,209,206,213,215,212,226,228,225,219,221,218,194,196,193,135,137,134,111,113,110,131,133,130,218,220,217,159,161,158,79,81,78,16,18,15,94,96,93,159,161,158,105,105,103,51,51,49,22,22,20,103,103,101,173,173,173,222,222,222,244,244,244,254,254,254,254,254,254,248,248,248,245,245,245,246,246,246,248,248,248,252,252,252,255,255,255,255,255,255,255,255,255,255,255,255,255,255,255,255,255,255,255,255,255,255,255,255,255,255,255,255,255,255,255,255,255,255,255,255,255,255,255,255,255,255,255,255,255,255,255,255,255,255,255,255,255,255,255,255,255,255,255,255,255,255,255,255,255,255,255,255,255,255,255,255,255,255,255,255,255,255,255,255,255,255,255,255,255,255,255,255,255,255,255,255,255,255,255,255,255,255,255,255,255,255,255,255,255,255,255,255,255,255,255,255,255,255,255,255,255,255,255,255,255,255,255,255,255,255,255,255,255,255,255,255,255,255,255,255,255,255,255,255,255,255,255,255,255,255,255,255,255,255,255,255,255,255,255,255,255,255,255,255,255,255,255,255,255,255,255,255,255,255,255,255,255,255,255,255,255,255,255,255,255,255,255,255,255,255,255,255,255,255,255,255,255,255,255,255,255,255,255,255,255,255,255,255,255,255,255,255,255,255,255,255,255,255,255,255,255,255,255,255,255,255,255,255,255,255,255,255,255,255,255,255,255,255,255,255,255,255,255,255,255,255,255,255,255,255,255,255,255,255,255,255,255,255,255,255,255,255,255,255,255,255,255,255,255,255,255,255,255,255,255,255,255,255,255,255,255,255,255,255,255,255,255,255,255,255,255,255,255,255,255,255,255,255,255,255,255,255,255,255,255,255,255,255,255,255,255,255,255,255,255,255,255,255,255,255,255,255,255,255,255,255,255,255,255,255,255,255,255,255,255,255,255,255,255,255,255,255,255,255,255,255
231,233,230,241,243,240,244,246,243,190,192,189,142,144,141,115,117,114,148,150,147,157,159,156,146,148,145,121,123,120,131,133,130,152,154,151,179,181,178,194,196,193,203,205,202,203,205,202,207,209,208,210,212,209,213,215,212,212,214,211,207,209,206,203,205,202,206,208,205,213,215,212,213,215,214,211,211,211,215,215,215,211,211,211,209,209,207,206,207,202,206,207,202,207,208,202,200,201,193,192,193,185,193,193,183,199,199,189,201,201,191,199,199,189,200,200,188,188,186,174,170,167,158,147,144,135,131,128,119,126,123,116,143,140,133,167,164,159,195,192,187,214,211,206,214,215,210,207,208,203,205,206,201,207,208,203,206,208,205,206,208,205,207,209,206,206,208,205,207,209,206,207,209,206,208,210,207,209,211,208,209,211,208,208,210,207,208,210,207,208,210,207,208,210,207,208,210,207,208,210,207,208,210,207,208,210,207,208,210,207,208,210,207,208,210,207,208,210,207,211,213,210,213,215,212,213,215,212,213,215,212,213,215,212,214,216,213,215,217,214,213,215,212,206,208,205,209,211,208,216,218,215,230,232,229,223,225,222,195,197,194,132,134,131,121,123,120,148,150,147,225,227,224,141,143,140,55,57,54,21,23,20,112,114,111,181,183,180,79,79,77,31,31,29,33,33,31,130,130,128,196,196,196,243,243,243,247,247,247,255,255,255,253,253,253,252,252,252,251,251,251,249,249,249,248,248,248,251,251,251,255,255,255,255,255,255,255,255,255,255,255,255,255,255,255,255,255,255,255,255,255,255,255,255,255,255,255,255,255,255,255,255,255,255,255,255,255,255,255,255,255,255,255,255,255,255,255,255,255,255,255,255,255,255,255,255,255,255,255,255,255,255,255,255,255,255,255,255,255,255,255,255,255,255,255,255,255,255,255,255,255,255,255,255,255,255,255,255,255,255,255,255,255,255,255,255,255,255,255,255,255,255,255,255,255,255,255,255,255,255,255,255,255,255,255,255,255,255,255,255,255,255,255,255,255,255,255,255,255,255,255,255,255,255,255,255,255,255,255,255,255,255,255,255,255,255,255,255,255,255,255,255,255,255,255,255,255,255,255,255,255,255,255,255,255,255,255,255,255,255,255,255,255,255,255,255,255,255,255,255,255,255,255,255,255,255,255,255,255,255,255,255,255,255,255,255,255,255,255,255,255,255,255,255,255,255,255,255,255,255,255,255,255,255,255,255,255,255,255,255,255,255,255,255,255,255,255,255,255,255,255,255,255,255,255,255,255,255,255,255,255,255,255,255,255,255,255,255,255,255,255,255,255,255,255,255,255,255,255,255,255,255,255,255,255,255,255,255,255,255,255,255,255,255,255,255,255,255,255,255,255,255,255,255,255,255,255,255,255,255,255,255,255,255,255,255,255,255,255,255,255,255,255,255,255,255,255,255,255,255,255,255,255,255,255,255,255,255,255,255,255,255,255,255,255,255,255,255,255,255,255,255,255,255,255,255,255,255,255,255,255,255
224,226,223,235,237,234,248,250,247,221,223,220,183,185,182,147,149,146,150,152,149,146,148,145,130,132,129,114,116,113,124,126,123,144,146,143,177,179,176,195,197,194,202,204,201,200,202,199,203,205,204,205,207,204,209,211,208,209,211,208,204,206,203,201,203,200,206,208,205,214,216,213,203,205,204,194,196,195,195,195,195,196,196,196,202,202,200,204,205,200,204,205,200,204,205,199,204,205,197,203,204,196,204,206,195,203,205,194,204,204,194,200,200,190,199,199,187,195,195,183,187,187,177,166,166,156,145,142,133,125,122,115,119,119,111,133,132,127,163,162,157,194,193,188,210,211,206,206,207,202,207,208,203,208,209,204,205,207,204,206,208,205,208,210,207,206,208,205,208,210,207,208,210,207,208,210,207,208,210,207,208,210,207,208,210,207,208,210,207,208,210,207,208,210,207,208,210,207,208,210,207,208,210,207,208,210,207,208,210,207,208,210,207,208,210,207,209,211,208,212,214,211,214,216,213,213,215,212,210,212,209,210,212,209,210,212,209,211,213,210,210,212,209,208,210,207,211,213,210,218,220,217,232,234,231,215,217,214,180,182,179,120,122,119,126,128,125,155,157,154,209,211,208,139,141,138,72,74,71,67,69,66,127,129,126,166,168,165,47,47,45,26,26,24,58,58,56,157,157,155,214,214,214,251,251,251,246,246,246,251,251,251,252,252,252,253,253,253,254,254,254,252,252,252,250,250,250,252,252,252,255,255,255,255,255,255,255,255,255,255,255,255,255,255,255,255,255,255,255,255,255,255,255,255,255,255,255,255,255,255,255,255,255,255,255,255,255,255,255,255,255,255,255,255,255,255,255,255,255,255,255,255,255,255,255,255,255,255,255,255,255,255,255,255,255,255,255,255,255,255,255,255,255,255,255,255,255,255,255,255,255,255,255,255,255,255,255,255,255,255,255,255,255,255,255,255,255,255,255,255,255,255,255,255,255,255,255,255,255,255,255,255,255,255,255,255,255,255,255,255,255,255,255,255,255,255,255,255,255,255,255,255,255,255,255,255,255,255,255,255,255,255,255,255,255,255,255,255,255,255,255,255,255,255,255,255,255,255,255,255,255,255,255,255,255,255,255,255,255,255,255,255,255,255,255,255,255,255,255,255,255,255,255,255,255,255,255,255,255,255,255,255,255,255,255,255,255,255,255,255,255,255,255,255,255,255,255,255,255,255,255,255,255,255,255,255,255,255,255,255,255,255,255,255,255,255,255,255,255,255,255,255,255,255,255,255,255,255,255,255,255,255,255,255,255,255,255,255,255,255,255,255,255,255,255,255,255,255,255,255,255,255,255,255,255,255,255,255,255,255,255,255,255,255,255,255,255,255,255,255,255,255,255,255,255,255,255,255,255,255,255,255,255,255,255,255,255,255,255,255,255,255,255,255,255,255,255,255,255,255,255,255,255,255,255,255,255,255,255,255,255,255,255,255,255,255,255,255,255,255,255,255,255,255,255,255,255,255,255,255,255,255
228,230,227,239,241,238,243,245,242,239,241,238,211,213,210,173,175,172,147,149,146,126,128,125,120,122,119,117,119,116,121,123,120,133,135,132,177,179,176,200,202,199,201,203,200,203,205,202,200,202,201,202,204,201,205,207,204,205,207,204,201,203,200,199,201,198,204,206,203,213,215,212,189,191,190,174,176,175,172,174,173,178,180,179,195,195,193,204,205,200,206,207,202,205,206,200,199,200,192,202,203,195,204,206,195,200,202,191,202,204,193,203,203,193,196,196,184,198,198,186,196,196,186,184,184,174,164,164,154,144,144,136,129,129,121,135,134,129,155,154,149,188,187,182,204,205,200,205,206,201,208,209,204,209,210,205,204,206,203,206,208,205,208,210,207,206,208,205,207,209,206,207,209,206,208,210,207,208,210,207,208,210,207,208,210,207,208,210,207,208,210,207,208,210,207,208,210,207,208,210,207,208,210,207,208,210,207,208,210,207,208,210,207,208,210,207,209,211,208,212,214,211,214,216,213,212,214,211,208,210,207,206,208,205,206,208,205,206,208,205,208,210,207,208,210,207,214,216,213,223,225,222,230,232,229,191,193,190,152,154,151,106,108,105,131,133,130,163,165,162,193,195,192,149,151,148,104,106,103,114,116,113,132,134,131,121,123,120,27,27,25,37,37,35,90,90,88,185,185,183,234,234,234,252,252,252,248,248,248,243,243,243,251,251,251,252,252,252,254,254,254,253,253,253,251,251,251,252,252,252,254,254,254,255,255,255,255,255,255,255,255,255,255,255,255,255,255,255,255,255,255,255,255,255,255,255,255,255,255,255,255,255,255,255,255,255,255,255,255,255,255,255,255,255,255,255,255,255,255,255,255,255,255,255,255,255,255,255,255,255,255,255,255,255,255,255,255,255,255,255,255,255,255,255,255,255,255,255,255,255,255,255,255,255,255,255,255,255,255,255,255,255,255,255,255,255,255,255,255,255,255,255,255,255,255,255,255,255,255,255,255,255,255,255,255,255,255,255,255,255,255,255,255,255,255,255,255,255,255,255,255,255,255,255,255,255,255,255,255,255,255,255,255,255,255,255,255,255,255,255,255,255,255,255,255,255,255,255,255,255,255,255,255,255,255,255,255,255,255,255,255,255,255,255,255,255,255,255,255,255,255,255,255,255,255,255,255,255,255,255,255,255,255,255,255,255,255,255,255,255,255,255,255,255,255,255,255,255,255,255,255,255,255,255,255,255,255,255,255,255,255,255,255,255,255,255,255,255,255,255,255,255,255,255,255,255,255,255,255,255,255,255,255,255,255,255,255,255,255,255,255,255,255,255,255,255,255,255,255,255,255,255,255,255,255,255,255,255,255,255,255,255,255,255,255,255,255,255,255,255,255,255,255,255,255,255,255,255,255,255,255,255,255,255,255,255,255,255,255,255,255,255,255,255,255,255,255,255,255,255,255,255,255,255,255,255,255,255,255,255,255,255,255,255,255,255,255,255,255,255,255,255,255,255,255,255,255,255,255,255,255,255
242,247,241,234,239,233,237,242,236,245,250,244,228,233,227,196,201,195,124,129,123,103,108,102,105,110,104,124,129,123,125,130,124,114,119,113,173,178,172,203,208,202,203,208,202,206,211,205,202,204,199,201,203,198,202,204,199,201,206,202,199,204,200,195,200,196,195,199,198,202,206,205,173,177,176,147,151,150,144,148,147,160,166,162,179,185,181,196,203,196,203,210,203,198,205,198,193,199,187,199,205,193,192,198,186,187,190,179,195,199,185,204,208,194,201,205,191,195,197,184,194,196,183,197,199,186,187,189,178,169,171,160,154,155,147,148,149,141,160,161,155,181,182,176,196,198,195,205,207,204,206,208,205,206,208,205,206,208,205,206,208,205,208,210,207,207,209,206,207,209,206,207,209,206,207,209,206,208,210,207,208,210,207,208,210,207,208,210,207,209,211,208,207,209,206,208,210,207,208,210,207,208,210,207,207,209,206,208,210,207,209,211,208,209,211,208,207,209,206,214,216,213,213,215,212,207,209,206,205,207,204,202,204,201,202,204,201,201,203,200,206,208,203,211,213,208,217,219,214,223,225,220,223,225,220,165,167,162,116,118,113,92,94,89,139,141,136,172,174,169,158,160,155,148,150,145,146,148,143,164,166,161,126,128,123,67,69,64,15,15,15,58,58,58,130,130,130,209,209,209,245,245,245,253,253,253,241,241,241,241,241,241,247,247,247,251,251,251,255,255,255,255,255,255,255,255,255,255,255,255,255,255,255,255,255,255,255,255,255,255,255,255,255,255,255,255,255,255,255,255,255,255,255,255,255,255,255,255,255,255,255,255,255,255,255,255,255,255,255,255,255,255,255,255,255,255,255,255,255,255,255,255,255,255,255,255,255,255,255,255,255,255,255,255,255,255,255,255,255,255,255,255,255,255,255,255,255,255,255,255,255,255,255,255,255,255,255,255,255,255,255,255,255,255,255,255,255,255,255,255,255,255,255,255,255,255,255,255,255,255,255,255,255,255,255,255,255,255,255,255,255,255,255,255,255,255,255,255,255,255,255,255,255,255,255,255,255,255,255,255,255,255,255,255,255,255,255,255,255,255,255,255,255,255,255,255,255,255,255,255,255,255,255,255,255,255,255,255,255,255,255,255,255,255,255,255,255,255,255,255,255,255,255,255,255,255,255,255,255,255,255,255,255,255,255,255,255,255,255,255,255,255,255,255,255,255,255,255,255,255,255,255,255,255,255,255,255,255,255,255,255,255,255,255,255,255,255,255,255,255,255,255,255,255,255,255,255,255,255,255,255,255,255,255,255,255,255,255,255,255,255,255,255,255,255,255,255,255,255,255,255,255,255,255,255,255,255,255,255,255,255,255,255,255,255,255,255,255,255,255,255,255,255,255,255,255,255,255,255,255,255,255,255,255,255,255,255,255,255,255,255,255,255,255,255,255,255,255,255,255,255,255,255,255,255,255,255,255,255,255,255,255,255,255,255,255,255,255,255,255,255,255,255,255,255,255,255,255,255,255,255,255
246,248,245,237,239,236,231,233,230,246,248,245,243,245,242,215,217,214,116,118,115,73,75,72,78,80,77,127,129,126,127,129,126,118,120,117,174,176,173,203,205,202,218,220,217,213,215,212,210,212,207,204,206,201,200,202,197,198,200,197,193,198,194,189,194,190,188,192,191,192,196,195,151,155,154,119,123,122,106,110,109,126,131,127,156,162,158,188,195,188,190,197,190,194,201,194,196,202,190,192,198,186,194,200,188,186,189,178,195,199,185,204,208,194,195,199,185,199,201,188,196,198,185,200,202,189,196,198,187,187,189,178,178,179,171,172,173,165,176,177,171,189,190,184,198,200,197,206,208,205,207,209,206,206,208,205,206,208,205,206,208,205,208,210,207,207,209,206,208,210,207,208,210,207,208,210,207,208,210,207,208,210,207,207,209,206,207,209,206,207,209,206,209,211,208,209,211,208,209,211,208,209,211,208,208,210,207,208,210,207,207,209,206,207,209,206,209,211,208,211,213,210,210,212,209,208,210,207,206,208,205,201,203,200,199,201,198,199,201,198,206,208,205,218,220,217,223,225,222,219,221,218,202,204,201,140,142,139,105,107,104,111,113,110,148,150,147,159,161,158,111,113,110,126,128,125,146,148,145,179,181,178,104,106,103,26,28,25,32,32,32,91,91,91,167,167,167,228,228,228,249,249,249,250,250,250,240,240,240,242,242,242,248,248,248,251,251,251,253,253,253,254,254,254,254,254,254,255,255,255,255,255,255,255,255,255,255,255,255,255,255,255,255,255,255,255,255,255,255,255,255,255,255,255,255,255,255,255,255,255,255,255,255,255,255,255,255,255,255,255,255,255,255,255,255,255,255,255,255,255,255,255,255,255,255,255,255,255,255,255,255,255,255,255,255,255,255,255,255,255,255,255,255,255,255,255,255,255,255,255,255,255,255,255,255,255,255,255,255,255,255,255,255,255,255,255,255,255,255,255,255,255,255,255,255,255,255,255,255,255,255,255,255,255,255,255,255,255,255,255,255,255,255,255,255,255,255,255,255,255,255,255,255,255,255,255,255,255,255,255,255,255,255,255,255,255,255,255,255,255,255,255,255,255,255,255,255,255,255,255,255,255,255,255,255,255,255,255,255,255,255,255,255,255,255,255,255,255,255,255,255,255,255,255,255,255,255,255,255,255,255,255,255,255,255,255,255,255,255,255,255,255,255,255,255,255,255,255,255,255,255,255,255,255,255,255,255,255,255,255,255,255,255,255,255,255,255,255,255,255,255,255,255,255,255,255,255,255,255,255,255,255,255,255,255,255,255,255,255,255,255,255,255,255,255,255,255,255,255,255,255,255,255,255,255,255,255,255,255,255,255,255,255,255,255,255,255,255,255,255,255,255,255,255,255,255,255,255,255,255,255,255,255,255,255,255,255,255,255,255,255,255,255,255,255,255,255,255,255,255,255,255,255,255,255,255,255,255,255,255,255,255,255,255,255,255,255,255,255,255,255,255,255,255,255,255,255,255,255,255,255,255
250,252,249,240,242,239,228,230,227,246,248,245,247,249,246,222,224,221,121,123,120,67,69,66,43,45,42,107,109,106,131,133,130,134,136,133,165,167,164,188,190,187,211,213,210,219,221,218,218,220,215,209,211,206,203,205,200,198,200,197,190,192,189,182,184,181,177,181,180,177,181,180,129,133,132,89,93,92,81,85,84,100,105,101,128,133,129,168,173,167,177,182,176,179,186,179,193,199,189,207,213,203,213,219,207,201,204,193,198,201,190,196,199,188,199,203,189,199,203,189,199,201,190,200,202,191,197,199,188,193,194,186,192,193,185,189,190,184,189,190,184,195,196,190,199,201,198,206,208,205,206,208,205,206,208,205,206,208,205,206,208,205,208,210,207,207,209,206,206,208,205,207,209,206,208,210,207,208,210,207,208,210,207,208,210,207,208,210,207,208,210,207,207,209,206,207,209,206,208,210,207,208,210,207,209,211,208,209,211,208,209,211,208,208,210,207,208,210,207,208,210,207,206,208,205,205,207,204,206,208,205,207,209,206,204,206,203,200,202,199,211,213,210,221,223,220,215,217,214,203,205,202,179,181,178,139,141,138,122,124,121,141,143,140,142,144,141,118,120,117,55,57,54,94,96,93,147,149,146,172,174,171,89,91,88,18,20,17,50,50,50,125,125,125,201,201,201,241,241,241,252,252,252,250,250,250,244,244,244,246,246,246,251,251,251,251,251,251,252,252,252,254,254,254,255,255,255,255,255,255,255,255,255,255,255,255,255,255,255,255,255,255,255,255,255,255,255,255,255,255,255,255,255,255,255,255,255,255,255,255,255,255,255,255,255,255,255,255,255,255,255,255,255,255,255,255,255,255,255,255,255,255,255,255,255,255,255,255,255,255,255,255,255,255,255,255,255,255,255,255,255,255,255,255,255,255,255,255,255,255,255,255,255,255,255,255,255,255,255,255,255,255,255,255,255,255,255,255,255,255,255,255,255,255,255,255,255,255,255,255,255,255,255,255,255,255,255,255,255,255,255,255,255,255,255,255,255,255,255,255,255,255,255,255,255,255,255,255,255,255,255,255,255,255,255,255,255,255,255,255,255,255,255,255,255,255,255,255,255,255,255,255,255,255,255,255,255,255,255,255,255,255,255,255,255,255,255,255,255,255,255,255,255,255,255,255,255,255,255,255,255,255,255,255,255,255,255,255,255,255,255,255,255,255,255,255,255,255,255,255,255,255,255,255,255,255,255,255,255,255,255,255,255,255,255,255,255,255,255,255,255,255,255,255,255,255,255,255,255,255,255,255,255,255,255,255,255,255,255,255,255,255,255,255,255,255,255,255,255,255,255,255,255,255,255,255,255,255,255,255,255,255,255,255,255,255,255,255,255,255,255,255,255,255,255,255,255,255,255,255,255,255,255,255,255,255,255,255,255,255,255,255,255,255,255,255,255,255,255,255,255,255,255,255,255,255,255,255,255,255,255,255,255,255,255,255,255,255,255,255,255,255,255,255,255,255,255,255,255,255,255,255
252,254,251,240,242,239,228,230,227,242,244,241,252,254,251,239,241,238,161,163,160,79,81,78,16,18,15,73,75,72,122,124,121,155,157,154,149,151,148,171,173,170,202,204,201,219,221,218,223,225,220,210,212,207,196,198,193,190,192,189,184,186,183,177,179,176,173,175,174,165,169,168,125,129,128,81,85,84,58,62,61,77,82,78,100,105,101,143,148,142,160,165,159,172,177,171,190,196,186,218,224,214,233,239,229,224,230,220,212,215,204,195,198,187,199,202,191,198,201,190,204,207,196,204,206,195,200,201,193,197,198,190,197,198,192,196,197,191,195,198,191,198,200,195,200,202,199,206,208,205,206,208,205,206,208,205,206,208,205,206,208,205,207,209,206,207,209,206,206,208,205,207,209,206,208,210,207,208,210,207,208,210,207,208,210,207,209,211,208,209,211,208,209,211,208,208,210,207,208,210,207,209,211,208,208,210,207,208,210,207,208,210,207,208,210,207,208,210,207,204,206,203,207,209,206,214,216,213,211,213,210,206,208,205,201,203,200,203,205,202,211,213,210,231,233,230,219,221,218,190,192,189,151,153,150,157,159,156,162,164,161,167,169,166,118,120,117,61,63,60,11,13,10,74,76,73,146,148,145,144,146,143,69,71,68,18,20,17,89,89,89,165,165,165,229,229,229,249,249,249,253,253,253,249,249,249,247,247,247,250,250,250,253,253,253,251,251,251,251,251,251,253,253,253,255,255,255,255,255,255,255,255,255,255,255,255,255,255,255,255,255,255,255,255,255,255,255,255,255,255,255,255,255,255,255,255,255,255,255,255,255,255,255,255,255,255,255,255,255,255,255,255,255,255,255,255,255,255,255,255,255,255,255,255,255,255,255,255,255,255,255,255,255,255,255,255,255,255,255,255,255,255,255,255,255,255,255,255,255,255,255,255,255,255,255,255,255,255,255,255,255,255,255,255,255,255,255,255,255,255,255,255,255,255,255,255,255,255,255,255,255,255,255,255,255,255,255,255,255,255,255,255,255,255,255,255,255,255,255,255,255,255,255,255,255,255,255,255,255,255,255,255,255,255,255,255,255,255,255,255,255,255,255,255,255,255,255,255,255,255,255,255,255,255,255,255,255,255,255,255,255,255,255,255,255,255,255,255,255,255,255,255,255,255,255,255,255,255,255,255,255,255,255,255,255,255,255,255,255,255,255,255,255,255,255,255,255,255,255,255,255,255,255,255,255,255,255,255,255,255,255,255,255,255,255,255,255,255,255,255,255,255,255,255,255,255,255,255,255,255,255,255,255,255,255,255,255,255,255,255,255,255,255,255,255,255,255,255,255,255,255,255,255,255,255,255,255,255,255,255,255,255,255,255,255,255,255,255,255,255,255,255,255,255,255,255,255,255,255,255,255,255,255,255,255,255,255,255,255,255,255,255,255,255,255,255,255,255,255,255,255,255,255,255,255,255,255,255,255,255,255,255,255,255,255,255,255,255,255,255,255,255,255,255,255,255,255,255,255,255,255,255
243,245,242,245,247,244,245,247,244,239,241,238,242,244,241,243,245,242,215,217,214,119,121,118,10,12,9,41,43,40,98,100,97,171,173,170,132,134,131,136,138,135,183,185,182,214,216,213,219,221,216,210,212,207,195,197,194,186,188,185,178,180,177,170,172,171,166,168,167,160,162,161,164,166,165,148,152,151,107,112,108,105,110,106,113,118,114,139,144,140,134,139,133,140,145,139,158,163,156,181,186,179,204,210,200,198,204,194,199,202,193,205,208,199,205,208,199,203,206,197,204,207,198,206,209,200,206,209,200,205,208,201,203,206,199,199,201,196,197,199,194,197,199,194,200,202,199,205,207,204,206,208,205,206,208,205,206,208,205,206,208,205,207,209,206,207,209,206,207,209,206,208,210,207,208,210,207,207,209,206,207,209,206,207,209,206,208,210,207,208,210,207,208,210,207,208,210,207,209,211,208,209,211,208,208,210,207,207,209,206,208,210,207,209,211,208,207,209,206,202,204,201,202,204,201,210,212,209,213,215,212,216,218,215,208,210,207,210,212,209,218,220,217,230,232,229,209,211,208,176,178,175,128,130,127,165,167,164,187,189,186,172,174,171,86,88,85,22,24,21,5,7,4,82,84,81,137,139,136,103,105,102,46,48,45,30,32,29,139,139,139,205,205,205,249,249,249,254,254,254,250,250,250,245,245,245,248,248,248,255,255,255,253,253,253,251,251,251,250,250,250,251,251,251,253,253,253,254,254,254,254,254,254,255,255,255,255,255,255,255,255,255,255,255,255,255,255,255,255,255,255,255,255,255,255,255,255,255,255,255,255,255,255,255,255,255,255,255,255,255,255,255,255,255,255,255,255,255,255,255,255,255,255,255,255,255,255,255,255,255,255,255,255,255,255,255,255,255,255,255,255,255,255,255,255,255,255,255,255,255,255,255,255,255,255,255,255,255,255,255,255,255,255,255,255,255,255,255,255,255,255,255,255,255,255,255,255,255,255,255,255,255,255,255,255,255,255,255,255,255,255,255,255,255,255,255,255,255,255,255,255,255,255,255,255,255,255,255,255,255,255,255,255,255,255,255,255,255,255,255,255,255,255,255,255,255,255,255,255,255,255,255,255,255,255,255,255,255,255,255,255,255,255,255,255,255,255,255,255,255,255,255,255,255,255,255,255,255,255,255,255,255,255,255,255,255,255,255,255,255,255,255,255,255,255,255,255,255,255,255,255,255,255,255,255,255,255,255,255,255,255,255,255,255,255,255,255,255,255,255,255,255,255,255,255,255,255,255,255,255,255,255,255,255,255,255,255,255,255,255,255,255,255,255,255,255,255,255,255,255,255,255,255,255,255,255,255,255,255,255,255,255,255,255,255,255,255,255,255,255,255,255,255,255,255,255,255,255,255,255,255,255,255,255,255,255,255,255,255,255,255,255,255,255,255,255,255,255,255,255,255,255,255,255,255,255,255,255,255,255,255,255,255,255,255,255,255,255,255,255,255,255,255,255,255,255,255,255,255,255,255,255
244,246,243,246,248,245,250,252,249,240,242,239,239,241,238,243,245,242,247,249,246,165,167,164,53,55,52,33,35,32,77,79,76,150,152,149,128,130,127,133,135,132,162,164,161,196,198,195,212,212,210,201,201,199,176,178,175,165,167,164,164,166,163,164,166,165,164,166,165,158,160,159,165,167,166,168,170,169,162,164,161,139,144,140,121,126,122,93,98,94,106,111,105,126,131,125,146,151,144,163,168,161,180,185,178,190,195,188,200,203,196,208,211,202,208,211,202,201,204,195,202,205,198,206,209,202,209,212,205,209,212,205,205,207,202,201,203,198,199,201,196,198,200,195,200,202,199,206,208,205,205,207,204,206,208,205,207,209,206,206,208,205,207,209,206,207,209,206,207,209,206,208,210,207,208,210,207,208,210,207,208,210,207,210,212,209,210,212,209,209,211,208,208,210,207,209,211,208,210,212,209,209,211,208,206,208,205,203,205,202,204,206,203,207,209,206,208,210,207,207,209,206,210,212,209,218,220,217,215,217,214,211,213,210,199,201,198,209,211,208,222,222,220,227,227,225,199,199,197,166,166,164,133,133,131,179,179,177,187,187,185,129,129,127,56,56,54,13,13,11,47,47,45,106,106,104,128,128,126,57,57,55,36,36,34,64,64,62,187,187,187,233,233,233,253,253,253,253,253,253,250,250,250,248,248,248,251,251,251,255,255,255,254,254,254,252,252,252,251,251,251,252,252,252,253,253,253,254,254,254,254,254,254,255,255,255,255,255,255,255,255,255,255,255,255,255,255,255,255,255,255,255,255,255,255,255,255,255,255,255,255,255,255,255,255,255,255,255,255,255,255,255,255,255,255,255,255,255,255,255,255,255,255,255,255,255,255,255,255,255,255,255,255,255,255,255,255,255,255,255,255,255,255,255,255,255,255,255,255,255,255,255,255,255,255,255,255,255,255,255,255,255,255,255,255,255,255,255,255,255,255,255,255,255,255,255,255,255,255,255,255,255,255,255,255,255,255,255,255,255,255,255,255,255,255,255,255,255,255,255,255,255,255,255,255,255,255,255,255,255,255,255,255,255,255,255,255,255,255,255,255,255,255,255,255,255,255,255,255,255,255,255,255,255,255,255,255,255,255,255,255,255,255,255,255,255,255,255,255,255,255,255,255,255,255,255,255,255,255,255,255,255,255,255,255,255,255,255,255,255,255,255,255,255,255,255,255,255,255,255,255,255,255,255,255,255,255,255,255,255,255,255,255,255,255,255,255,255,255,255,255,255,255,255,255,255,255,255,255,255,255,255,255,255,255,255,255,255,255,255,255,255,255,255,255,255,255,255,255,255,255,255,255,255,255,255,255,255,255,255,255,255,255,255,255,255,255,255,255,255,255,255,255,255,255,255,255,255,255,255,255,255,255,255,255,255,255,255,255,255,255,255,255,255,255,255,255,255,255,255,255,255,255,255,255,255,255,255,255,255,255,255,255,255,255,255,255,255,255,255,255,255,255,255,255,255,255,255,255,255,255,255
241,241,241,249,249,249,255,255,255,255,255,255,245,245,245,237,237,237,249,249,249,212,212,212,147,147,147,52,52,52,47,47,47,93,93,93,133,133,133,140,140,140,135,135,135,177,177,177,196,196,194,185,185,183,154,154,152,142,142,140,153,153,151,160,162,161,162,164,163,155,157,156,136,138,137,150,152,151,204,206,203,183,185,182,119,121,118,23,28,24,63,68,62,124,129,123,141,146,140,155,160,154,172,177,171,213,218,211,217,222,215,205,208,201,203,206,199,205,208,201,205,208,201,206,209,202,208,210,205,208,210,205,205,207,202,204,206,201,204,206,203,203,205,202,202,204,201,207,209,206,206,208,205,206,208,205,207,209,206,205,207,204,207,209,206,207,209,206,206,208,205,207,209,206,208,210,207,208,210,207,209,211,208,211,213,210,210,212,209,208,210,207,211,213,210,212,214,211,214,216,213,211,213,210,205,207,204,199,201,198,199,201,198,202,204,201,212,214,211,217,219,216,227,229,226,235,237,234,217,219,216,194,196,193,183,185,182,214,216,213,229,229,229,219,219,219,174,174,174,151,151,151,166,166,166,201,201,201,164,164,164,47,47,47,12,12,12,34,34,34,122,122,122,137,137,137,107,107,107,22,22,22,40,40,40,107,107,107,224,224,224,252,252,252,254,254,254,255,255,255,254,254,254,255,255,255,253,253,253,253,253,253,254,254,254,254,254,254,254,254,254,253,253,253,254,254,254,255,255,255,255,255,255,255,255,255,255,255,255,255,255,255,255,255,255,255,255,255,255,255,255,255,255,255,255,255,255,255,255,255,255,255,255,255,255,255,255,255,255,255,255,255,255,255,255,255,255,255,255,255,255,255,255,255,255,255,255,255,255,255,255,255,255,255,255,255,255,255,255,255,255,255,255,255,255,255,255,255,255,255,255,255,255,255,255,255,255,255,255,255,255,255,255,255,255,255,255,255,255,255,255,255,255,255,255,255,255,255,255,255,255,255,255,255,255,255,255,255,255,255,255,255,255,255,255,255,255,255,255,255,255,255,255,255,255,255,255,255,255,255,255,255,255,255,255,255,255,255,255,255,255,255,255,255,255,255,255,255,255,255,255,255,255,255,255,255,255,255,255,255,255,255,255,255,255,255,255,255,255,255,255,255,255,255,255,255,255,255,255,255,255,255,255,255,255,255,255,255,255,255,255,255,255,255,255,255,255,255,255,255,255,255,255,255,255,255,255,255,255,255,255,255,255,255,255,255,255,255,255,255,255,255,255,255,255,255,255,255,255,255,255,255,255,255,255,255,255,255,255,255,255,255,255,255,255,255,255,255,255,255,255,255,255,255,255,255,255,255,255,255,255,255,255,255,255,255,255,255,255,255,255,255,255,255,255,255,255,255,255,255,255,255,255,255,255,255,255,255,255,255,255,255,255,255,255,255,255,255,255,255,255,255,255,255,255,255,255,255,255,255,255,255,255,255,255,255,255,255,255,255,255,255,255,255,255,255,255,255,255,255,255,255
251,251,251,255,255,255,250,250,250,254,254,254,246,246,246,243,243,243,249,249,249,239,239,239,213,213,213,128,128,128,71,71,71,41,41,41,112,112,112,147,147,147,143,143,143,158,158,158,169,169,167,186,186,184,177,177,175,163,163,161,156,156,156,148,148,148,146,148,147,146,148,147,141,143,142,146,148,145,186,188,185,177,179,176,141,143,140,80,82,79,100,102,99,139,141,136,143,148,142,160,165,159,182,187,181,207,212,206,204,209,203,206,208,203,201,203,198,205,207,202,206,208,203,205,207,202,205,207,202,205,207,202,205,207,204,206,208,205,206,208,205,203,205,202,204,206,203,208,210,207,206,208,205,206,208,205,206,208,205,205,207,204,207,209,206,207,209,206,207,209,206,208,210,207,208,210,207,208,210,207,208,210,207,208,210,207,206,208,205,202,204,201,205,207,204,209,211,208,213,215,212,213,215,212,207,209,206,203,205,202,204,206,203,209,211,208,213,215,212,220,222,219,215,217,214,208,210,207,205,207,204,214,216,213,214,214,214,236,236,236,223,223,223,196,196,196,150,150,150,147,147,147,173,173,173,163,163,163,126,126,126,40,40,40,47,47,47,78,78,78,129,129,129,94,94,94,54,54,54,33,33,33,86,86,86,167,167,167,232,232,232,255,255,255,253,253,253,255,255,255,252,252,252,255,255,255,254,254,254,254,254,254,253,253,253,255,255,255,255,255,255,254,254,254,253,253,253,255,255,255,255,255,255,255,255,255,255,255,255,255,255,255,255,255,255,255,255,255,255,255,255,255,255,255,255,255,255,255,255,255,255,255,255,255,255,255,255,255,255,255,255,255,255,255,255,255,255,255,255,255,255,255,255,255,255,255,255,255,255,255,255,255,255,255,255,255,255,255,255,255,255,255,255,255,255,255,255,255,255,255,255,255,255,255,255,255,255,255,255,255,255,255,255,255,255,255,255,255,255,255,255,255,255,255,255,255,255,255,255,255,255,255,255,255,255,255,255,255,255,255,255,255,255,255,255,255,255,255,255,255,255,255,255,255,255,255,255,255,255,255,255,255,255,255,255,255,255,255,255,255,255,255,255,255,255,255,255,255,255,255,255,255,255,255,255,255,255,255,255,255,255,255,255,255,255,255,255,255,255,255,255,255,255,255,255,255,255,255,255,255,255,255,255,255,255,255,255,255,255,255,255,255,255,255,255,255,255,255,255,255,255,255,255,255,255,255,255,255,255,255,255,255,255,255,255,255,255,255,255,255,255,255,255,255,255,255,255,255,255,255,255,255,255,255,255,255,255,255,255,255,255,255,255,255,255,255,255,255,255,255,255,255,255,255,255,255,255,255,255,255,255,255,255,255,255,255,255,255,255,255,255,255,255,255,255,255,255,255,255,255,255,255,255,255,255,255,255,255,255,255,255,255,255,255,255,255,255,255,255,255,255,255,255,255,255,255,255,255,255,255,255,255,255,255,255,255,255,255,255,255,255,255,255,255,255,255,255,255,255,255,255,255
255,255,255,254,254,254,252,252,252,250,250,250,248,248,248,248,248,248,243,243,243,252,252,252,246,246,246,193,193,193,114,114,114,25,25,25,83,83,83,115,115,115,137,137,137,137,137,137,149,149,147,176,176,174,184,184,182,181,181,181,152,152,152,136,136,136,131,131,131,148,150,149,146,148,147,146,148,145,160,162,159,169,171,168,164,166,163,128,130,127,134,136,133,148,150,147,144,149,145,172,177,173,192,197,193,198,203,197,204,206,201,204,206,201,203,205,200,204,206,201,205,207,202,205,207,204,206,208,205,206,208,205,206,208,205,205,207,204,205,207,204,204,206,203,205,207,204,206,208,205,206,208,205,206,208,205,206,208,205,207,209,206,208,210,207,208,210,207,207,209,206,208,210,207,208,210,207,207,209,206,206,208,205,204,206,203,202,204,201,199,201,198,202,204,201,207,209,206,213,215,212,215,217,214,213,215,212,209,211,208,208,210,207,210,212,209,213,215,212,215,217,214,209,211,208,195,195,195,211,211,211,223,223,223,243,243,243,228,228,228,202,202,202,163,163,163,138,138,138,138,138,138,180,180,180,145,145,145,102,102,102,57,57,57,88,88,88,114,114,114,117,117,117,62,62,62,21,21,21,67,67,67,140,140,140,215,215,215,244,244,244,249,249,249,254,254,254,255,255,255,254,254,254,253,253,253,253,253,253,253,253,253,254,254,254,254,254,254,254,254,254,254,254,254,254,254,254,254,254,254,255,255,255,255,255,255,255,255,255,255,255,255,255,255,255,255,255,255,255,255,255,255,255,255,255,255,255,255,255,255,255,255,255,255,255,255,255,255,255,255,255,255,255,255,255,255,255,255,255,255,255,255,255,255,255,255,255,255,255,255,255,255,255,255,255,255,255,255,255,255,255,255,255,255,255,255,255,255,255,255,255,255,255,255,255,255,255,255,255,255,255,255,255,255,255,255,255,255,255,255,255,255,255,255,255,255,255,255,255,255,255,255,255,255,255,255,255,255,255,255,255,255,255,255,255,255,255,255,255,255,255,255,255,255,255,255,255,255,255,255,255,255,255,255,255,255,255,255,255,255,255,255,255,255,255,255,255,255,255,255,255,255,255,255,255,255,255,255,255,255,255,255,255,255,255,255,255,255,255,255,255,255,255,255,255,255,255,255,255,255,255,255,255,255,255,255,255,255,255,255,255,255,255,255,255,255,255,255,255,255,255,255,255,255,255,255,255,255,255,255,255,255,255,255,255,255,255,255,255,255,255,255,255,255,255,255,255,255,255,255,255,255,255,255,255,255,255,255,255,255,255,255,255,255,255,255,255,255,255,255,255,255,255,255,255,255,255,255,255,255,255,255,255,255,255,255,255,255,255,255,255,255,255,255,255,255,255,255,255,255,255,255,255,255,255,255,255,255,255,255,255,255,255,255,255,255,255,255,255,255,255,255,255,255,255,255,255,255,255,255,255,255,255,255,255,255,255,255,255,255,255,255,255,255,255,255,255,255,255,255,255,255
255,255,255,253,253,253,249,249,249,245,245,245,248,248,248,254,254,254,246,246,246,245,245,245,254,254,254,246,246,246,174,174,174,58,58,58,27,27,27,55,55,55,110,110,110,113,113,113,126,126,126,158,158,158,184,184,184,178,178,178,136,136,136,121,121,121,132,132,132,164,164,164,154,156,153,142,144,141,139,141,138,164,166,163,182,184,181,165,167,164,158,160,157,155,157,154,152,157,153,181,186,182,205,210,206,196,201,197,200,202,199,204,206,203,205,207,204,205,207,204,205,207,204,206,208,205,206,208,205,206,208,205,206,208,205,205,207,204,205,207,204,204,206,203,205,207,204,206,208,205,206,208,205,206,208,205,206,208,205,207,209,206,208,210,207,208,210,207,207,209,206,208,210,207,208,210,207,208,210,207,207,209,206,205,207,204,203,205,202,201,203,200,203,205,202,207,209,206,213,215,212,215,217,214,213,215,212,210,212,209,210,212,209,211,213,210,211,213,210,203,205,202,203,203,203,206,206,206,227,227,227,239,239,239,236,236,236,205,205,205,168,168,168,130,130,130,122,122,122,135,135,135,169,169,169,141,141,141,122,122,122,106,106,106,135,135,135,139,139,139,92,92,92,36,36,36,31,31,31,123,123,123,199,199,199,250,250,250,247,247,247,250,250,250,253,253,253,254,254,254,253,253,253,253,253,253,255,255,255,255,255,255,254,254,254,254,254,254,254,254,254,254,254,254,254,254,254,254,254,254,255,255,255,255,255,255,255,255,255,255,255,255,255,255,255,255,255,255,255,255,255,255,255,255,255,255,255,255,255,255,255,255,255,255,255,255,255,255,255,255,255,255,255,255,255,255,255,255,255,255,255,255,255,255,255,255,255,255,255,255,255,255,255,255,255,255,255,255,255,255,255,255,255,255,255,255,255,255,255,255,255,255,255,255,255,255,255,255,255,255,255,255,255,255,255,255,255,255,255,255,255,255,255,255,255,255,255,255,255,255,255,255,255,255,255,255,255,255,255,255,255,255,255,255,255,255,255,255,255,255,255,255,255,255,255,255,255,255,255,255,255,255,255,255,255,255,255,255,255,255,255,255,255,255,255,255,255,255,255,255,255,255,255,255,255,255,255,255,255,255,255,255,255,255,255,255,255,255,255,255,255,255,255,255,255,255,255,255,255,255,255,255,255,255,255,255,255,255,255,255,255,255,255,255,255,255,255,255,255,255,255,255,255,255,255,255,255,255,255,255,255,255,255,255,255,255,255,255,255,255,255,255,255,255,255,255,255,255,255,255,255,255,255,255,255,255,255,255,255,255,255,255,255,255,255,255,255,255,255,255,255,255,255,255,255,255,255,255,255,255,255,255,255,255,255,255,255,255,255,255,255,255,255,255,255,255,255,255,255,255,255,255,255,255,255,255,255,255,255,255,255,255,255,255,255,255,255,255,255,255,255,255,255,255,255,255,255,255,255,255,255,255,255,255,255,255,255,255,255,255,255,255,255,255,255,255,255,255,255,255,255,255
247,247,247,251,251,251,250,250,250,241,241,241,246,246,246,254,254,254,251,251,251,243,243,243,240,240,240,248,248,248,218,218,218,154,154,154,52,52,52,43,43,43,109,109,109,126,126,126,142,142,142,148,148,148,160,160,160,154,154,154,128,128,128,126,126,126,136,136,136,154,154,152,152,154,151,145,147,144,133,135,132,156,158,155,172,174,171,164,166,163,158,160,157,156,158,155,163,168,164,191,196,192,216,221,217,199,201,198,197,199,196,203,205,202,205,207,204,205,207,204,206,208,205,206,208,205,206,208,205,206,208,205,206,208,205,205,207,204,205,207,204,204,206,203,205,207,204,206,208,205,207,209,206,207,209,206,207,209,206,207,209,206,208,210,207,208,210,207,207,209,206,208,210,207,208,210,207,208,210,207,208,210,207,208,210,207,207,209,206,207,209,206,207,209,206,209,211,208,211,213,210,212,214,211,210,212,209,208,210,207,209,211,208,210,212,209,210,212,209,202,202,202,214,214,214,234,234,234,234,234,234,224,224,224,196,196,196,172,172,172,152,152,152,125,125,125,108,108,108,101,101,101,114,114,114,138,138,138,153,153,153,144,144,144,124,124,124,98,98,98,43,43,43,51,51,51,95,95,95,184,184,184,229,229,229,255,255,255,252,252,252,254,254,254,255,255,255,254,254,254,254,254,254,254,254,254,254,254,254,254,254,254,254,254,254,254,254,254,254,254,254,254,254,254,254,254,254,254,254,254,255,255,255,255,255,255,255,255,255,255,255,255,255,255,255,255,255,255,255,255,255,255,255,255,255,255,255,255,255,255,255,255,255,255,255,255,255,255,255,255,255,255,255,255,255,255,255,255,255,255,255,255,255,255,255,255,255,255,255,255,255,255,255,255,255,255,255,255,255,255,255,255,255,255,255,255,255,255,255,255,255,255,255,255,255,255,255,255,255,255,255,255,255,255,255,255,255,255,255,255,255,255,255,255,255,255,255,255,255,255,255,255,255,255,255,255,255,255,255,255,255,255,255,255,255,255,255,255,255,255,255,255,255,255,255,255,255,255,255,255,255,255,255,255,255,255,255,255,255,255,255,255,255,255,255,255,255,255,255,255,255,255,255,255,255,255,255,255,255,255,255,255,255,255,255,255,255,255,255,255,255,255,255,255,255,255,255,255,255,255,255,255,255,255,255,255,255,255,255,255,255,255,255,255,255,255,255,255,255,255,255,255,255,255,255,255,255,255,255,255,255,255,255,255,255,255,255,255,255,255,255,255,255,255,255,255,255,255,255,255,255,255,255,255,255,255,255,255,255,255,255,255,255,255,255,255,255,255,255,255,255,255,255,255,255,255,255,255,255,255,255,255,255,255,255,255,255,255,255,255,255,255,255,255,255,255,255,255,255,255,255,255,255,255,255,255,255,255,255,255,255,255,255,255,255,255,255,255,255,255,255,255,255,255,255,255,255,255,255,255,255,255,255,255,255,255,255,255,255,255,255,255,255,255,255,255,255,255,255,255,255,255
239,239,239,248,248,248,251,251,251,241,241,241,245,245,245,252,252,252,254,254,254,247,247,247,241,241,241,244,244,244,242,242,242,221,221,221,107,107,107,73,73,73,118,118,118,143,143,143,153,153,153,151,151,151,146,146,146,140,140,140,131,131,131,135,135,135,143,143,143,147,147,145,147,149,146,149,151,148,139,141,138,152,154,151,159,161,158,155,157,154,158,160,157,164,166,163,176,178,175,197,199,196,214,216,213,204,206,203,201,203,200,205,207,204,205,207,204,204,206,203,206,208,205,206,208,205,206,208,205,206,208,205,206,208,205,205,207,204,205,207,204,205,207,204,205,207,204,206,208,205,207,209,206,207,209,206,207,209,206,208,210,207,208,210,207,208,210,207,208,210,207,208,210,207,209,211,208,209,211,208,209,211,208,210,212,209,211,213,210,213,215,212,213,215,212,212,214,211,210,212,209,207,209,206,204,206,203,204,206,203,207,209,206,211,213,210,216,216,216,206,206,206,222,222,222,254,254,254,232,232,232,201,201,201,159,159,159,158,158,158,146,146,146,125,125,125,85,85,85,59,59,59,50,50,50,133,133,133,179,179,179,163,163,163,103,103,103,53,53,53,21,21,21,83,83,83,162,162,162,230,230,230,247,247,247,250,250,250,253,253,253,254,254,254,255,255,255,255,255,255,255,255,255,254,254,254,253,253,253,252,252,252,254,254,254,254,254,254,254,254,254,254,254,254,254,254,254,254,254,254,255,255,255,255,255,255,255,255,255,255,255,255,255,255,255,255,255,255,255,255,255,255,255,255,255,255,255,255,255,255,255,255,255,255,255,255,255,255,255,255,255,255,255,255,255,255,255,255,255,255,255,255,255,255,255,255,255,255,255,255,255,255,255,255,255,255,255,255,255,255,255,255,255,255,255,255,255,255,255,255,255,255,255,255,255,255,255,255,255,255,255,255,255,255,255,255,255,255,255,255,255,255,255,255,255,255,255,255,255,255,255,255,255,255,255,255,255,255,255,255,255,255,255,255,255,255,255,255,255,255,255,255,255,255,255,255,255,255,255,255,255,255,255,255,255,255,255,255,255,255,255,255,255,255,255,255,255,255,255,255,255,255,255,255,255,255,255,255,255,255,255,255,255,255,255,255,255,255,255,255,255,255,255,255,255,255,255,255,255,255,255,255,255,255,255,255,255,255,255,255,255,255,255,255,255,255,255,255,255,255,255,255,255,255,255,255,255,255,255,255,255,255,255,255,255,255,255,255,255,255,255,255,255,255,255,255,255,255,255,255,255,255,255,255,255,255,255,255,255,255,255,255,255,255,255,255,255,255,255,255,255,255,255,255,255,255,255,255,255,255,255,255,255,255,255,255,255,255,255,255,255,255,255,255,255,255,255,255,255,255,255,255,255,255,255,255,255,255,255,255,255,255,255,255,255,255,255,255,255,255,255,255,255,255,255,255,255,255,255,255,255,255,255,255,255,255,255,255,255,255,255,255,255,255,255,255,255,255,255,255,255,255
242,242,242,249,249,249,253,253,253,246,246,246,248,248,248,250,250,250,255,255,255,249,249,249,242,242,242,242,242,242,247,247,247,250,250,250,198,198,198,165,165,165,149,149,149,162,162,162,171,171,171,172,172,172,146,146,146,138,138,138,146,146,146,148,148,148,141,141,141,123,123,121,141,143,140,155,157,154,157,159,156,153,155,152,142,144,141,132,134,131,151,153,150,172,174,171,186,188,185,196,198,195,200,202,199,208,210,207,207,209,206,206,208,205,206,208,205,205,207,204,206,208,205,206,208,205,207,209,206,207,209,206,206,208,205,206,208,205,205,207,204,205,207,204,206,208,205,207,209,206,208,210,207,207,209,206,207,209,206,208,210,207,208,210,207,208,210,207,209,211,208,208,210,207,209,211,208,209,211,208,209,211,208,210,212,209,213,215,212,216,218,215,217,219,216,213,215,212,208,210,207,202,204,201,200,202,199,202,204,201,209,211,208,216,218,215,222,222,222,224,224,224,235,235,235,251,251,251,201,201,201,159,159,159,132,132,132,160,160,160,152,152,152,117,117,117,51,51,51,6,6,6,8,8,8,123,123,123,174,174,174,119,119,119,56,56,56,16,16,16,50,50,50,149,149,149,232,232,232,250,250,250,242,242,242,236,236,236,252,252,252,252,252,252,253,253,253,253,253,253,254,254,254,255,255,255,254,254,254,253,253,253,254,254,254,254,254,254,254,254,254,254,254,254,254,254,254,254,254,254,255,255,255,255,255,255,255,255,255,255,255,255,255,255,255,255,255,255,255,255,255,255,255,255,255,255,255,255,255,255,255,255,255,255,255,255,255,255,255,255,255,255,255,255,255,255,255,255,255,255,255,255,255,255,255,255,255,255,255,255,255,255,255,255,255,255,255,255,255,255,255,255,255,255,255,255,255,255,255,255,255,255,255,255,255,255,255,255,255,255,255,255,255,255,255,255,255,255,255,255,255,255,255,255,255,255,255,255,255,255,255,255,255,255,255,255,255,255,255,255,255,255,255,255,255,255,255,255,255,255,255,255,255,255,255,255,255,255,255,255,255,255,255,255,255,255,255,255,255,255,255,255,255,255,255,255,255,255,255,255,255,255,255,255,255,255,255,255,255,255,255,255,255,255,255,255,255,255,255,255,255,255,255,255,255,255,255,255,255,255,255,255,255,255,255,255,255,255,255,255,255,255,255,255,255,255,255,255,255,255,255,255,255,255,255,255,255,255,255,255,255,255,255,255,255,255,255,255,255,255,255,255,255,255,255,255,255,255,255,255,255,255,255,255,255,255,255,255,255,255,255,255,255,255,255,255,255,255,255,255,255,255,255,255,255,255,255,255,255,255,255,255,255,255,255,255,255,255,255,255,255,255,255,255,255,255,255,255,255,255,255,255,255,255,255,255,255,255,255,255,255,255,255,255,255,255,255,255,255,255,255,255,255,255,255,255,255,255,255,255,255,255,255,255,255,255,255,255,255,255,255,255,255,255,255,255,255,255,255,255,255,255
250,250,250,252,252,252,255,255,255,253,253,253,249,249,249,246,246,246,251,251,251,251,251,251,247,247,247,248,248,248,248,248,248,248,248,248,232,232,232,183,183,183,122,122,122,151,151,151,169,169,171,187,187,189,156,156,156,142,142,142,145,145,145,149,149,149,148,148,148,136,136,134,148,150,147,156,158,155,165,167,164,154,156,153,144,146,143,139,141,138,165,167,164,192,194,191,193,195,192,193,195,192,188,190,187,207,209,206,207,209,206,205,207,204,206,206,206,207,207,207,208,208,208,207,209,206,207,209,206,207,209,206,207,209,206,206,208,205,206,208,205,205,207,204,206,208,205,207,209,206,208,210,207,208,210,207,208,210,207,208,210,207,209,211,208,208,210,207,209,211,208,209,211,208,209,211,208,209,211,208,208,210,207,208,210,207,211,213,210,215,217,214,216,218,215,211,213,210,205,207,204,201,203,200,201,203,200,206,208,205,214,216,213,220,222,219,226,226,226,229,229,229,222,222,222,211,211,211,165,165,165,140,140,140,135,135,135,151,151,151,124,124,124,59,59,59,21,21,21,21,21,21,60,60,60,117,117,117,130,130,130,61,61,61,24,24,24,40,40,40,129,129,129,199,199,199,245,245,245,240,240,240,243,243,243,244,244,244,254,254,254,254,254,254,254,254,254,253,253,253,253,253,253,254,254,254,254,254,254,254,254,254,254,254,254,254,254,254,254,254,254,254,254,254,254,254,254,254,254,254,255,255,255,255,255,255,255,255,255,255,255,255,255,255,255,255,255,255,255,255,255,255,255,255,255,255,255,255,255,255,255,255,255,255,255,255,255,255,255,255,255,255,255,255,255,255,255,255,255,255,255,255,255,255,255,255,255,255,255,255,255,255,255,255,255,255,255,255,255,255,255,255,255,255,255,255,255,255,255,255,255,255,255,255,255,255,255,255,255,255,255,255,255,255,255,255,255,255,255,255,255,255,255,255,255,255,255,255,255,255,255,255,255,255,255,255,255,255,255,255,255,255,255,255,255,255,255,255,255,255,255,255,255,255,255,255,255,255,255,255,255,255,255,255,255,255,255,255,255,255,255,255,255,255,255,255,255,255,255,255,255,255,255,255,255,255,255,255,255,255,255,255,255,255,255,255,255,255,255,255,255,255,255,255,255,255,255,255,255,255,255,255,255,255,255,255,255,255,255,255,255,255,255,255,255,255,255,255,255,255,255,255,255,255,255,255,255,255,255,255,255,255,255,255,255,255,255,255,255,255,255,255,255,255,255,255,255,255,255,255,255,255,255,255,255,255,255,255,255,255,255,255,255,255,255,255,255,255,255,255,255,255,255,255,255,255,255,255,255,255,255,255,255,255,255,255,255,255,255,255,255,255,255,255,255,255,255,255,255,255,255,255,255,255,255,255,255,255,255,255,255,255,255,255,255,255,255,255,255,255,255,255,255,255,255,255,255,255,255,255,255,255,255,255,255,255,255,255,255,255,255,255,255,255,255,255,255,255,255,255,255,255
254,254,254,251,251,251,250,250,250,255,255,255,249,249,249,244,244,244,248,248,248,250,250,250,249,249,249,252,252,252,249,249,249,246,246,246,230,230,230,177,177,177,103,103,103,125,125,125,161,161,163,190,190,192,164,164,166,144,144,144,138,138,138,147,147,147,154,154,154,152,154,151,150,152,149,153,155,152,170,172,169,161,163,160,151,153,150,150,152,149,172,174,171,198,200,197,196,198,195,193,195,192,190,192,189,204,206,203,206,208,205,206,206,204,206,206,206,206,206,206,208,208,208,208,208,206,208,210,207,207,209,206,207,209,206,206,208,205,206,208,205,205,207,204,206,208,205,207,209,206,208,210,207,208,210,207,208,210,207,209,211,208,209,211,208,209,211,208,210,212,209,209,211,208,210,212,209,210,212,209,208,210,207,207,209,206,209,211,208,213,215,212,213,215,212,208,210,207,204,206,203,204,206,203,208,210,207,213,215,212,217,219,216,221,221,221,223,223,223,222,222,222,202,202,202,167,167,167,138,138,138,131,131,131,143,143,143,122,122,122,82,82,82,12,12,12,14,14,14,50,50,50,118,118,118,112,112,112,76,76,76,9,9,9,19,19,19,80,80,80,193,193,193,241,241,241,252,252,252,227,227,227,238,238,238,255,255,255,253,253,253,254,254,254,255,255,255,254,254,254,254,254,254,254,254,254,254,254,254,254,254,254,254,254,254,254,254,254,254,254,254,254,254,254,254,254,254,254,254,254,255,255,255,255,255,255,255,255,255,255,255,255,255,255,255,255,255,255,255,255,255,255,255,255,255,255,255,255,255,255,255,255,255,255,255,255,255,255,255,255,255,255,255,255,255,255,255,255,255,255,255,255,255,255,255,255,255,255,255,255,255,255,255,255,255,255,255,255,255,255,255,255,255,255,255,255,255,255,255,255,255,255,255,255,255,255,255,255,255,255,255,255,255,255,255,255,255,255,255,255,255,255,255,255,255,255,255,255,255,255,255,255,255,255,255,255,255,255,255,255,255,255,255,255,255,255,255,255,255,255,255,255,255,255,255,255,255,255,255,255,255,255,255,255,255,255,255,255,255,255,255,255,255,255,255,255,255,255,255,255,255,255,255,255,255,255,255,255,255,255,255,255,255,255,255,255,255,255,255,255,255,255,255,255,255,255,255,255,255,255,255,255,255,255,255,255,255,255,255,255,255,255,255,255,255,255,255,255,255,255,255,255,255,255,255,255,255,255,255,255,255,255,255,255,255,255,255,255,255,255,255,255,255,255,255,255,255,255,255,255,255,255,255,255,255,255,255,255,255,255,255,255,255,255,255,255,255,255,255,255,255,255,255,255,255,255,255,255,255,255,255,255,255,255,255,255,255,255,255,255,255,255,255,255,255,255,255,255,255,255,255,255,255,255,255,255,255,255,255,255,255,255,255,255,255,255,255,255,255,255,255,255,255,255,255,255,255,255,255,255,255,255,255,255,255,255,255,255,255,255,255,255,255,255,255,255,255,255,255,255,255,255
255,255,255,246,246,246,239,239,239,250,250,250,250,250,250,248,248,248,247,247,247,245,245,245,254,254,254,253,253,253,255,255,255,252,252,252,206,206,206,155,155,155,96,96,96,114,114,114,137,137,139,174,174,176,163,163,165,149,149,149,140,140,140,153,153,153,160,160,160,164,166,163,145,147,144,135,137,134,153,155,152,162,164,161,171,173,170,179,181,178,181,183,180,188,190,187,197,199,196,196,198,195,199,201,198,204,206,203,206,208,205,208,208,206,208,208,208,206,206,206,208,208,208,209,209,207,208,210,207,208,210,207,207,209,206,207,209,206,206,208,205,206,208,205,206,208,205,208,210,207,208,210,207,208,210,207,208,210,207,209,211,208,209,211,208,209,211,208,209,211,208,209,211,208,210,212,209,211,213,210,209,211,208,207,209,206,209,211,208,212,214,211,212,214,211,208,210,207,206,208,205,209,211,208,216,218,215,219,221,218,220,222,219,220,220,220,212,212,212,193,193,193,165,165,165,127,127,127,131,131,131,139,139,139,153,153,153,89,89,89,38,38,38,4,4,4,58,58,58,105,105,105,145,145,145,83,83,83,37,37,37,19,19,19,74,74,74,148,148,148,236,236,236,246,246,246,241,241,241,225,225,225,235,235,235,246,246,246,246,246,246,250,250,250,253,253,253,254,254,254,254,254,254,254,254,254,254,254,254,254,254,254,254,254,254,254,254,254,254,254,254,254,254,254,254,254,254,254,254,254,255,255,255,255,255,255,255,255,255,255,255,255,255,255,255,255,255,255,255,255,255,255,255,255,255,255,255,255,255,255,255,255,255,255,255,255,255,255,255,255,255,255,255,255,255,255,255,255,255,255,255,255,255,255,255,255,255,255,255,255,255,255,255,255,255,255,255,255,255,255,255,255,255,255,255,255,255,255,255,255,255,255,255,255,255,255,255,255,255,255,255,255,255,255,255,255,255,255,255,255,255,255,255,255,255,255,255,255,255,255,255,255,255,255,255,255,255,255,255,255,255,255,255,255,255,255,255,255,255,255,255,255,255,255,255,255,255,255,255,255,255,255,255,255,255,255,255,255,255,255,255,255,255,255,255,255,255,255,255,255,255,255,255,255,255,255,255,255,255,255,255,255,255,255,255,255,255,255,255,255,255,255,255,255,255,255,255,255,255,255,255,255,255,255,255,255,255,255,255,255,255,255,255,255,255,255,255,255,255,255,255,255,255,255,255,255,255,255,255,255,255,255,255,255,255,255,255,255,255,255,255,255,255,255,255,255,255,255,255,255,255,255,255,255,255,255,255,255,255,255,255,255,255,255,255,255,255,255,255,255,255,255,255,255,255,255,255,255,255,255,255,255,255,255,255,255,255,255,255,255,255,255,255,255,255,255,255,255,255,255,255,255,255,255,255,255,255,255,255,255,255,255,255,255,255,255,255,255,255,255,255,255,255,255,255,255,255,255,255,255,255,255,255,255,255,255,255,255,255,255,255,255,255,255,255,255,255,255,255,255,255,255
252,252,252,241,241,241,238,238,238,247,247,247,254,254,254,251,251,251,247,247,247,247,247,247,250,250,250,254,254,254,251,251,251,249,249,249,224,224,224,190,190,190,156,156,156,131,131,131,127,127,127,140,140,140,158,158,158,165,165,165,164,164,164,160,160,160,156,156,156,148,148,148,127,129,126,111,113,110,135,137,134,166,168,165,188,190,187,192,194,191,183,185,182,168,170,167,193,195,192,207,209,206,220,222,219,204,206,203,202,204,201,205,207,204,205,207,204,208,210,207,208,210,207,208,210,207,207,209,206,206,208,205,206,208,205,207,209,206,207,209,206,205,207,204,207,209,206,207,209,206,209,211,208,208,210,207,207,209,206,208,210,207,210,212,209,209,211,208,208,210,207,212,214,211,210,212,209,210,212,209,209,211,208,213,215,212,211,213,210,213,215,212,211,213,210,208,210,207,209,211,208,217,219,216,221,223,220,225,227,224,218,220,217,209,211,208,196,196,194,169,169,167,133,133,131,105,105,105,137,137,137,156,156,156,160,160,160,73,73,73,39,39,39,55,55,55,122,122,122,136,136,136,89,89,89,43,43,43,33,33,33,80,80,80,146,146,146,208,208,208,237,237,237,248,248,248,244,244,244,239,239,239,233,233,233,237,237,237,246,246,246,251,251,251,254,254,254,254,254,254,254,254,254,254,254,254,255,255,255,254,254,254,254,254,254,254,254,254,254,254,254,254,254,254,254,254,254,254,254,254,255,255,255,255,255,255,255,255,255,255,255,255,255,255,255,255,255,255,255,255,255,255,255,255,255,255,255,255,255,255,255,255,255,255,255,255,255,255,255,255,255,255,255,255,255,255,255,255,255,255,255,255,255,255,255,255,255,255,255,255,255,255,255,255,255,255,255,255,255,255,255,255,255,255,255,255,255,255,255,255,255,255,255,255,255,255,255,255,255,255,255,255,255,255,255,255,255,255,255,255,255,255,255,255,255,255,255,255,255,255,255,255,255,255,255,255,255,255,255,255,255,255,255,255,255,255,255,255,255,255,255,255,255,255,255,255,255,255,255,255,255,255,255,255,255,255,255,255,255,255,255,255,255,255,255,255,255,255,255,255,255,255,255,255,255,255,255,255,255,255,255,255,255,255,255,255,255,255,255,255,255,255,255,255,255,255,255,255,255,255,255,255,255,255,255,255,255,255,255,255,255,255,255,255,255,255,255,255,255,255,255,255,255,255,255,255,255,255,255,255,255,255,255,255,255,255,255,255,255,255,255,255,255,255,255,255,255,255,255,255,255,255,255,255,255,255,255,255,255,255,255,255,255,255,255,255,255,255,255,255,255,255,255,255,255,255,255,255,255,255,255,255,255,255,255,255,255,255,255,255,255,255,255,255,255,255,255,255,255,255,255,255,255,255,255,255,255,255,255,255,255,255,255,255,255,255,255,255,255,255,255,255,255,255,255,255,255,255,255,255,255,255,255,255,255,255,255,255,255,255,255,255,255,255,255,255,255,255,255,255,255,255
250,250,250,243,243,243,241,241,241,249,249,249,255,255,255,252,252,252,250,250,250,252,252,252,249,249,249,253,253,253,252,252,252,245,245,245,251,251,251,244,244,244,222,222,222,165,165,165,125,125,125,114,114,114,151,151,151,175,175,175,180,180,180,164,164,164,140,140,140,127,127,127,101,103,100,101,103,100,120,122,119,158,160,157,196,198,195,209,211,208,175,177,174,155,157,154,188,190,187,222,224,221,235,237,234,208,210,207,202,204,201,204,206,203,210,212,209,208,210,207,207,209,206,208,210,207,209,211,208,210,212,209,211,213,210,210,212,209,208,210,207,207,209,206,206,208,205,207,209,206,209,211,208,211,213,210,210,212,209,210,212,209,209,211,208,206,208,205,211,213,210,209,211,208,210,212,209,209,211,208,215,217,214,213,215,212,214,216,213,215,217,214,212,214,211,210,212,209,212,214,211,223,225,222,228,230,227,227,229,226,212,214,211,197,199,196,176,176,174,148,148,146,111,111,109,81,81,81,132,132,132,159,159,159,164,164,164,84,84,84,65,65,65,107,107,107,164,164,164,139,139,139,15,15,15,17,17,17,71,71,71,165,165,165,223,223,223,245,245,245,240,240,240,245,245,245,252,252,252,252,252,252,237,237,237,227,227,227,249,249,249,253,253,253,255,255,255,254,254,254,254,254,254,255,255,255,255,255,255,254,254,254,254,254,254,254,254,254,254,254,254,254,254,254,254,254,254,255,255,255,255,255,255,255,255,255,255,255,255,255,255,255,255,255,255,255,255,255,255,255,255,255,255,255,255,255,255,255,255,255,255,255,255,255,255,255,255,255,255,255,255,255,255,255,255,255,255,255,255,255,255,255,255,255,255,255,255,255,255,255,255,255,255,255,255,255,255,255,255,255,255,255,255,255,255,255,255,255,255,255,255,255,255,255,255,255,255,255,255,255,255,255,255,255,255,255,255,255,255,255,255,255,255,255,255,255,255,255,255,255,255,255,255,255,255,255,255,255,255,255,255,255,255,255,255,255,255,255,255,255,255,255,255,255,255,255,255,255,255,255,255,255,255,255,255,255,255,255,255,255,255,255,255,255,255,255,255,255,255,255,255,255,255,255,255,255,255,255,255,255,255,255,255,255,255,255,255,255,255,255,255,255,255,255,255,255,255,255,255,255,255,255,255,255,255,255,255,255,255,255,255,255,255,255,255,255,255,255,255,255,255,255,255,255,255,255,255,255,255,255,255,255,255,255,255,255,255,255,255,255,255,255,255,255,255,255,255,255,255,255,255,255,255,255,255,255,255,255,255,255,255,255,255,255,255,255,255,255,255,255,255,255,255,255,255,255,255,255,255,255,255,255,255,255,255,255,255,255,255,255,255,255,255,255,255,255,255,255,255,255,255,255,255,255,255,255,255,255,255,255,255,255,255,255,255,255,255,255,255,255,255,255,255,255,255,255,255,255,255,255,255,255,255,255,255,255,255,255,255,255,255,255,255,255,255,255,255,255,255,255,255,255
253,253,253,250,250,250,250,250,250,254,254,254,255,255,255,254,254,254,253,253,253,255,255,255,250,250,250,254,254,254,255,255,255,250,250,250,254,254,254,252,252,252,251,251,251,200,200,200,159,159,159,104,104,104,130,130,130,146,146,146,133,133,133,85,85,85,73,73,73,110,110,110,138,140,137,138,140,137,119,121,118,129,131,128,151,153,150,184,186,183,189,191,188,199,201,198,209,211,208,215,217,214,221,223,220,211,213,210,210,212,209,205,207,204,205,207,204,202,204,201,204,206,203,205,207,204,209,211,208,214,216,213,217,219,216,217,219,216,216,218,215,216,218,215,211,213,210,206,208,205,209,211,208,218,220,217,219,221,218,214,216,213,207,209,206,203,205,202,205,207,204,208,210,207,216,218,215,215,217,214,208,210,207,195,197,194,200,202,199,211,213,210,220,222,219,227,229,226,233,235,232,235,237,234,220,222,219,204,206,203,183,185,182,169,171,168,158,158,156,127,127,125,81,81,79,25,25,25,67,67,67,128,128,128,195,195,195,167,167,167,127,127,127,81,81,81,63,63,63,35,35,35,1,1,1,121,121,121,203,203,203,229,229,229,246,246,246,254,254,254,246,246,246,250,250,250,254,254,254,255,255,255,251,251,251,250,250,250,253,253,253,255,255,255,255,255,255,255,255,255,254,254,254,255,255,255,255,255,255,255,255,255,255,255,255,255,255,255,255,255,255,254,254,254,255,255,255,255,255,255,255,255,255,255,255,255,255,255,255,255,255,255,255,255,255,255,255,255,255,255,255,255,255,255,255,255,255,255,255,255,255,255,255,255,255,255,255,255,255,255,255,255,255,255,255,255,255,255,255,255,255,255,255,255,255,255,255,255,255,255,255,255,255,255,255,255,255,255,255,255,255,255,255,255,255,255,255,255,255,255,255,255,255,255,255,255,255,255,255,255,255,255,255,255,255,255,255,255,255,255,255,255,255,255,255,255,255,255,255,255,255,255,255,255,255,255,255,255,255,255,255,255,255,255,255,255,255,255,255,255,255,255,255,255,255,255,255,255,255,255,255,255,255,255,255,255,255,255,255,255,255,255,255,255,255,255,255,255,255,255,255,255,255,255,255,255,255,255,255,255,255,255,255,255,255,255,255,255,255,255,255,255,255,255,255,255,255,255,255,255,255,255,255,255,255,255,255,255,255,255,255,255,255,255,255,255,255,255,255,255,255,255,255,255,255,255,255,255,255,255,255,255,255,255,255,255,255,255,255,255,255,255,255,255,255,255,255,255,255,255,255,255,255,255,255,255,255,255,255,255,255,255,255,255,255,255,255,255,255,255,255,255,255,255,255,255,255,255,255,255,255,255,255,255,255,255,255,255,255,255,255,255,255,255,255,255,255,255,255,255,255,255,255,255,255,255,255,255,255,255,255,255,255,255,255,255,255,255,255,255,255,255,255,255,255,255,255,255,255,255,255,255,255,255,255,255,255,255,255,255,255,255,255,255,255,255,255,255,255,255,255,255
255,255,255,255,255,255,255,255,255,255,255,255,255,255,255,255,255,255,254,254,254,255,255,255,255,255,255,255,255,255,254,254,254,255,255,255,247,247,247,244,244,244,250,250,250,232,232,232,198,198,198,153,153,153,169,169,169,171,171,171,158,158,158,88,88,88,55,55,55,76,76,76,112,114,111,135,137,134,121,123,120,124,126,123,131,133,130,149,151,148,178,180,177,206,208,205,221,223,220,221,223,220,218,220,217,208,210,207,210,212,209,220,222,219,213,215,212,210,212,209,208,210,207,207,209,206,209,211,208,212,214,211,215,217,214,215,217,214,214,216,213,214,216,213,211,213,210,210,212,209,216,218,215,224,226,223,223,225,222,215,217,214,205,207,204,199,201,198,203,205,202,207,209,206,209,211,208,213,215,212,210,212,209,215,217,214,216,218,215,218,220,217,215,217,214,217,219,216,218,220,217,216,218,215,197,199,196,173,175,172,141,143,140,119,121,118,104,104,102,81,81,79,53,53,51,24,24,24,63,63,63,118,118,118,178,178,178,146,146,146,102,102,102,38,38,38,38,38,38,51,51,51,84,84,84,189,189,189,254,254,254,255,255,255,253,253,253,255,255,255,255,255,255,255,255,255,255,255,255,253,253,253,253,253,253,254,254,254,255,255,255,255,255,255,255,255,255,255,255,255,255,255,255,255,255,255,255,255,255,255,255,255,255,255,255,255,255,255,255,255,255,255,255,255,255,255,255,255,255,255,255,255,255,255,255,255,255,255,255,255,255,255,255,255,255,255,255,255,255,255,255,255,255,255,255,255,255,255,255,255,255,255,255,255,255,255,255,255,255,255,255,255,255,255,255,255,255,255,255,255,255,255,255,255,255,255,255,255,255,255,255,255,255,255,255,255,255,255,255,255,255,255,255,255,255,255,255,255,255,255,255,255,255,255,255,255,255,255,255,255,255,255,255,255,255,255,255,255,255,255,255,255,255,255,255,255,255,255,255,255,255,255,255,255,255,255,255,255,255,255,255,255,255,255,255,255,255,255,255,255,255,255,255,255,255,255,255,255,255,255,255,255,255,255,255,255,255,255,255,255,255,255,255,255,255,255,255,255,255,255,255,255,255,255,255,255,255,255,255,255,255,255,255,255,255,255,255,255,255,255,255,255,255,255,255,255,255,255,255,255,255,255,255,255,255,255,255,255,255,255,255,255,255,255,255,255,255,255,255,255,255,255,255,255,255,255,255,255,255,255,255,255,255,255,255,255,255,255,255,255,255,255,255,255,255,255,255,255,255,255,255,255,255,255,255,255,255,255,255,255,255,255,255,255,255,255,255,255,255,255,255,255,255,255,255,255,255,255,255,255,255,255,255,255,255,255,255,255,255,255,255,255,255,255,255,255,255,255,255,255,255,255,255,255,255,255,255,255,255,255,255,255,255,255,255,255,255,255,255,255,255,255,255,255,255,255,255,255,255,255,255,255,255,255,255,255,255,255,255,255,255,255,255,255,255,255,255,255,255,255,255,255
254,254,254,255,255,255,255,255,255,255,255,255,255,255,255,255,255,255,255,255,255,255,255,255,250,250,250,254,254,254,255,255,255,255,255,255,235,235,235,235,235,235,242,242,242,252,252,252,243,243,243,225,225,225,231,231,231,225,225,225,215,215,215,139,139,139,73,73,73,28,28,28,63,65,62,105,107,104,133,135,132,136,138,135,126,128,125,118,120,117,151,153,150,195,197,194,234,236,233,235,237,234,214,216,213,207,209,206,214,216,213,232,234,231,225,227,224,220,222,219,214,216,213,211,213,210,208,210,207,207,209,206,206,208,205,205,207,204,203,205,202,202,204,201,208,210,207,214,216,213,222,224,221,224,226,223,220,222,219,218,220,217,214,216,213,208,210,207,204,206,203,205,207,204,204,206,203,211,213,210,221,223,220,240,242,239,238,240,237,226,228,225,200,202,199,193,195,192,186,188,185,181,183,180,161,163,160,130,132,129,87,89,86,56,58,55,32,32,30,29,29,27,24,24,22,43,43,43,94,94,94,126,126,126,130,130,130,70,70,70,31,31,31,13,13,13,62,62,62,129,129,129,192,192,192,232,232,232,250,250,250,255,255,255,255,255,255,255,255,255,253,253,253,255,255,255,255,255,255,255,255,255,255,255,255,255,255,255,255,255,255,255,255,255,255,255,255,255,255,255,255,255,255,255,255,255,255,255,255,254,254,254,255,255,255,255,255,255,255,255,255,255,255,255,255,255,255,255,255,255,255,255,255,255,255,255,255,255,255,255,255,255,255,255,255,255,255,255,255,255,255,255,255,255,255,255,255,255,255,255,255,255,255,255,255,255,255,255,255,255,255,255,255,255,255,255,255,255,255,255,255,255,255,255,255,255,255,255,255,255,255,255,255,255,255,255,255,255,255,255,255,255,255,255,255,255,255,255,255,255,255,255,255,255,255,255,255,255,255,255,255,255,255,255,255,255,255,255,255,255,255,255,255,255,255,255,255,255,255,255,255,255,255,255,255,255,255,255,255,255,255,255,255,255,255,255,255,255,255,255,255,255,255,255,255,255,255,255,255,255,255,255,255,255,255,255,255,255,255,255,255,255,255,255,255,255,255,255,255,255,255,255,255,255,255,255,255,255,255,255,255,255,255,255,255,255,255,255,255,255,255,255,255,255,255,255,255,255,255,255,255,255,255,255,255,255,255,255,255,255,255,255,255,255,255,255,255,255,255,255,255,255,255,255,255,255,255,255,255,255,255,255,255,255,255,255,255,255,255,255,255,255,255,255,255,255,255,255,255,255,255,255,255,255,255,255,255,255,255,255,255,255,255,255,255,255,255,255,255,255,255,255,255,255,255,255,255,255,255,255,255,255,255,255,255,255,255,255,255,255,255,255,255,255,255,255,255,255,255,255,255,255,255,255,255,255,255,255,255,255,255,255,255,255,255,255,255,255,255,255,255,255,255,255,255,255,255,255,255,255,255,255,255,255,255,255,255,255,255,255,255,255,255,255,255,255,255,255,255,255,255,255
254,254,254,255,255,255,255,255,255,254,254,254,255,255,255,255,255,255,255,255,255,254,254,254,255,255,255,255,255,255,254,254,254,251,251,251,246,246,246,247,247,247,245,245,245,251,251,251,250,250,250,239,239,239,240,240,240,244,244,244,245,245,245,204,204,204,167,167,167,114,114,114,63,65,62,40,42,39,72,74,71,111,113,110,146,148,145,163,165,162,157,159,156,146,148,145,126,128,125,141,143,140,167,169,166,216,218,215,224,226,223,224,226,223,229,231,228,228,230,227,227,229,226,226,228,225,222,224,221,217,219,216,214,216,213,212,214,211,210,212,209,209,211,208,203,205,202,198,200,197,198,200,197,203,205,202,207,209,206,210,212,209,215,217,214,218,220,217,224,226,223,223,225,222,231,233,230,231,233,230,226,228,225,213,215,212,202,204,201,189,191,188,171,173,170,163,165,162,156,158,155,151,153,150,128,130,127,95,97,94,55,57,54,31,33,30,19,19,17,80,80,78,103,103,101,107,107,107,108,108,108,94,94,94,69,69,69,32,32,32,25,25,25,51,51,51,120,120,120,184,184,184,234,234,234,249,249,249,255,255,255,253,253,253,255,255,255,255,255,255,255,255,255,254,254,254,252,252,252,254,254,254,255,255,255,254,254,254,255,255,255,255,255,255,255,255,255,255,255,255,255,255,255,255,255,255,255,255,255,255,255,255,255,255,255,255,255,255,255,255,255,255,255,255,255,255,255,255,255,255,255,255,255,255,255,255,255,255,255,255,255,255,255,255,255,255,255,255,255,255,255,255,255,255,255,255,255,255,255,255,255,255,255,255,255,255,255,255,255,255,255,255,255,255,255,255,255,255,255,255,255,255,255,255,255,255,255,255,255,255,255,255,255,255,255,255,255,255,255,255,255,255,255,255,255,255,255,255,255,255,255,255,255,255,255,255,255,255,255,255,255,255,255,255,255,255,255,255,255,255,255,255,255,255,255,255,255,255,255,255,255,255,255,255,255,255,255,255,255,255,255,255,255,255,255,255,255,255,255,255,255,255,255,255,255,255,255,255,255,255,255,255,255,255,255,255,255,255,255,255,255,255,255,255,255,255,255,255,255,255,255,255,255,255,255,255,255,255,255,255,255,255,255,255,255,255,255,255,255,255,255,255,255,255,255,255,255,255,255,255,255,255,255,255,255,255,255,255,255,255,255,255,255,255,255,255,255,255,255,255,255,255,255,255,255,255,255,255,255,255,255,255,255,255,255,255,255,255,255,255,255,255,255,255,255,255,255,255,255,255,255,255,255,255,255,255,255,255,255,255,255,255,255,255,255,255,255,255,255,255,255,255,255,255,255,255,255,255,255,255,255,255,255,255,255,255,255,255,255,255,255,255,255,255,255,255,255,255,255,255,255,255,255,255,255,255,255,255,255,255,255,255,255,255,255,255,255,255,255,255,255,255,255,255,255,255,255,255,255,255,255,255,255,255,255,255,255,255,255,255,255,255,255,255,255,255,255,255,255,255,255,255
255,255,255,255,255,255,255,255,255,255,255,255,255,255,255,255,255,255,255,255,255,254,254,254,254,254,254,255,255,255,255,255,255,255,255,255,252,252,252,248,248,248,249,249,249,251,251,251,249,249,249,245,245,245,242,242,242,244,244,244,250,250,250,241,241,241,225,225,225,190,190,190,121,123,120,67,69,66,58,60,57,79,81,78,102,104,101,131,133,130,134,136,133,127,129,126,123,125,122,133,135,132,156,158,155,182,184,181,189,191,188,197,199,196,204,206,203,202,204,201,212,214,211,217,219,216,221,223,220,220,222,219,219,221,218,220,222,219,222,224,221,222,224,221,222,224,221,211,213,210,208,210,207,214,216,213,217,219,216,217,219,216,219,221,218,222,224,221,223,225,222,217,219,216,221,223,220,219,221,218,211,213,210,192,194,191,176,178,175,159,161,158,145,147,144,134,136,133,126,128,125,126,128,125,113,115,112,92,94,91,66,68,65,53,55,52,53,53,51,110,110,108,123,123,121,101,101,101,78,78,78,55,55,55,35,35,35,40,40,40,72,72,72,125,125,125,187,187,187,228,228,228,247,247,247,251,251,251,255,255,255,254,254,254,255,255,255,255,255,255,255,255,255,255,255,255,255,255,255,255,255,255,255,255,255,254,254,254,255,255,255,255,255,255,255,255,255,255,255,255,255,255,255,255,255,255,255,255,255,255,255,255,255,255,255,255,255,255,255,255,255,255,255,255,255,255,255,255,255,255,255,255,255,255,255,255,255,255,255,255,255,255,255,255,255,255,255,255,255,255,255,255,255,255,255,255,255,255,255,255,255,255,255,255,255,255,255,255,255,255,255,255,255,255,255,255,255,255,255,255,255,255,255,255,255,255,255,255,255,255,255,255,255,255,255,255,255,255,255,255,255,255,255,255,255,255,255,255,255,255,255,255,255,255,255,255,255,255,255,255,255,255,255,255,255,255,255,255,255,255,255,255,255,255,255,255,255,255,255,255,255,255,255,255,255,255,255,255,255,255,255,255,255,255,255,255,255,255,255,255,255,255,255,255,255,255,255,255,255,255,255,255,255,255,255,255,255,255,255,255,255,255,255,255,255,255,255,255,255,255,255,255,255,255,255,255,255,255,255,255,255,255,255,255,255,255,255,255,255,255,255,255,255,255,255,255,255,255,255,255,255,255,255,255,255,255,255,255,255,255,255,255,255,255,255,255,255,255,255,255,255,255,255,255,255,255,255,255,255,255,255,255,255,255,255,255,255,255,255,255,255,255,255,255,255,255,255,255,255,255,255,255,255,255,255,255,255,255,255,255,255,255,255,255,255,255,255,255,255,255,255,255,255,255,255,255,255,255,255,255,255,255,255,255,255,255,255,255,255,255,255,255,255,255,255,255,255,255,255,255,255,255,255,255,255,255,255,255,255,255,255,255,255,255,255,255,255,255,255,255,255,255,255,255,255,255,255,255,255,255,255,255,255,255,255,255,255,255,255,255,255,255,255,255,255,255,255,255,255,255,255,255
255,255,255,255,255,255,254,254,254,254,254,254,255,255,255,255,255,255,255,255,255,255,255,255,255,255,255,255,255,255,252,252,252,255,255,255,254,254,254,254,254,254,253,253,253,245,245,245,235,235,235,234,234,234,234,234,234,237,237,237,248,248,248,251,251,251,250,250,250,254,254,254,227,229,226,177,179,176,91,93,90,36,38,35,5,7,4,27,29,26,81,83,80,144,146,143,195,197,194,199,201,198,174,176,173,112,114,111,110,112,109,134,136,133,139,141,138,163,165,162,179,181,178,193,195,192,207,209,206,216,218,215,224,226,223,234,236,233,242,244,241,245,247,244,248,250,247,253,255,252,254,255,253,249,251,248,239,241,238,232,234,231,224,226,223,213,215,212,206,208,205,200,202,199,185,187,184,172,174,171,166,168,165,176,178,175,165,167,164,140,142,139,111,113,110,104,106,103,103,105,102,114,116,113,115,117,114,113,115,112,111,113,110,115,117,114,123,123,121,124,124,122,97,97,95,53,53,53,19,19,19,10,10,10,32,32,32,97,97,97,164,164,164,231,231,231,245,245,245,252,252,252,249,249,249,255,255,255,252,252,252,255,255,255,254,254,254,254,254,254,255,255,255,255,255,255,255,255,255,254,254,254,254,254,254,255,255,255,255,255,255,255,255,255,255,255,255,255,255,255,255,255,255,254,254,254,255,255,255,255,255,255,255,255,255,255,255,255,255,255,255,255,255,255,255,255,255,255,255,255,255,255,255,255,255,255,255,255,255,255,255,255,255,255,255,255,255,255,255,255,255,255,255,255,255,255,255,255,255,255,255,255,255,255,255,255,255,255,255,255,255,255,255,255,255,255,255,255,255,255,255,255,255,255,255,255,255,255,255,255,255,255,255,255,255,255,255,255,255,255,255,255,255,255,255,255,255,255,255,255,255,255,255,255,255,255,255,255,255,255,255,255,255,255,255,255,255,255,255,255,255,255,255,255,255,255,255,255,255,255,255,255,255,255,255,255,255,255,255,255,255,255,255,255,255,255,255,255,255,255,255,255,255,255,255,255,255,255,255,255,255,255,255,255,255,255,255,255,255,255,255,255,255,255,255,255,255,255,255,255,255,255,255,255,255,255,255,255,255,255,255,255,255,255,255,255,255,255,255,255,255,255,255,255,255,255,255,255,255,255,255,255,255,255,255,255,255,255,255,255,255,255,255,255,255,255,255,255,255,255,255,255,255,255,255,255,255,255,255,255,255,255,255,255,255,255,255,255,255,255,255,255,255,255,255,255,255,255,255,255,255,255,255,255,255,255,255,255,255,255,255,255,255,255,255,255,255,255,255,255,255,255,255,255,255,255,255,255,255,255,255,255,255,255,255,255,255,255,255,255,255,255,255,255,255,255,255,255,255,255,255,255,255,255,255,255,255,255,255,255,255,255,255,255,255,255,255,255,255,255,255,255,255,255,255,255,255,255,255,255,255,255,255,255,255,255,255,255,255,255,255,255,255,255,255,255,255,255,255,255,255,255
255,255,255,255,255,255,255,255,255,255,255,255,255,255,255,255,255,255,255,255,255,255,255,255,254,254,254,255,255,255,253,253,253,255,255,255,252,252,252,251,251,251,255,255,255,241,241,241,237,237,237,244,244,244,245,245,245,246,246,246,243,243,243,240,240,240,244,244,244,249,249,249,241,243,240,224,226,223,198,200,197,140,142,139,90,92,89,39,41,38,37,39,36,54,56,53,89,91,88,119,121,118,145,147,144,156,158,155,150,152,149,141,143,140,148,150,147,153,155,152,160,162,159,168,170,167,171,173,170,168,170,167,170,172,169,171,173,170,174,176,173,178,180,177,176,178,175,169,171,168,173,175,172,176,178,175,175,177,174,166,168,165,159,161,158,158,160,157,165,167,164,163,165,162,158,160,157,142,144,141,120,122,119,90,92,89,73,75,72,68,70,67,69,71,68,88,90,87,118,120,117,149,151,148,156,158,155,151,153,150,135,137,134,124,126,123,111,111,109,68,68,66,42,42,40,33,33,33,47,47,47,77,77,77,122,122,122,176,176,176,218,218,218,245,245,245,252,252,252,254,254,254,248,248,248,255,255,255,254,254,254,255,255,255,255,255,255,255,255,255,255,255,255,255,255,255,255,255,255,255,255,255,255,255,255,255,255,255,255,255,255,255,255,255,255,255,255,255,255,255,255,255,255,255,255,255,255,255,255,255,255,255,255,255,255,255,255,255,255,255,255,255,255,255,255,255,255,255,255,255,255,255,255,255,255,255,255,255,255,255,255,255,255,255,255,255,255,255,255,255,255,255,255,255,255,255,255,255,255,255,255,255,255,255,255,255,255,255,255,255,255,255,255,255,255,255,255,255,255,255,255,255,255,255,255,255,255,255,255,255,255,255,255,255,255,255,255,255,255,255,255,255,255,255,255,255,255,255,255,255,255,255,255,255,255,255,255,255,255,255,255,255,255,255,255,255,255,255,255,255,255,255,255,255,255,255,255,255,255,255,255,255,255,255,255,255,255,255,255,255,255,255,255,255,255,255,255,255,255,255,255,255,255,255,255,255,255,255,255,255,255,255,255,255,255,255,255,255,255,255,255,255,255,255,255,255,255,255,255,255,255,255,255,255,255,255,255,255,255,255,255,255,255,255,255,255,255,255,255,255,255,255,255,255,255,255,255,255,255,255,255,255,255,255,255,255,255,255,255,255,255,255,255,255,255,255,255,255,255,255,255,255,255,255,255,255,255,255,255,255,255,255,255,255,255,255,255,255,255,255,255,255,255,255,255,255,255,255,255,255,255,255,255,255,255,255,255,255,255,255,255,255,255,255,255,255,255,255,255,255,255,255,255,255,255,255,255,255,255,255,255,255,255,255,255,255,255,255,255,255,255,255,255,255,255,255,255,255,255,255,255,255,255,255,255,255,255,255,255,255,255,255,255,255,255,255,255,255,255,255,255,255,255,255,255,255,255,255,255,255,255,255,255,255,255,255,255,255,255,255,255,255,255,255,255,255,255,255,255,255,255,255
255,255,255,255,255,255,255,255,255,255,255,255,255,255,255,255,255,255,255,255,255,255,255,255,254,254,254,255,255,255,254,254,254,254,254,254,253,253,253,252,252,252,252,252,252,240,240,240,241,241,241,249,249,249,252,252,252,251,251,251,247,247,247,243,243,243,245,245,245,246,246,246,250,252,249,250,252,249,248,250,247,215,217,214,170,172,169,110,112,109,75,77,74,54,56,53,49,51,48,64,66,63,93,95,92,128,130,127,134,136,133,132,134,131,132,134,131,146,148,145,147,149,146,147,149,146,143,145,142,140,142,139,139,141,138,137,139,136,136,138,135,139,141,138,135,137,134,133,135,132,145,147,144,150,152,149,146,148,145,131,133,130,124,126,123,125,127,124,135,137,134,137,139,136,132,134,131,115,117,114,86,88,85,60,62,59,52,54,51,58,60,57,65,67,64,91,93,90,123,125,122,142,144,141,144,146,143,130,132,129,109,111,108,92,94,91,84,84,82,42,42,40,44,44,42,75,75,75,110,110,110,152,152,152,201,201,201,229,229,229,245,245,245,249,249,249,242,242,242,243,243,243,250,250,250,254,254,254,254,254,254,254,254,254,255,255,255,255,255,255,255,255,255,255,255,255,255,255,255,255,255,255,255,255,255,255,255,255,255,255,255,255,255,255,255,255,255,255,255,255,255,255,255,255,255,255,255,255,255,255,255,255,255,255,255,255,255,255,255,255,255,255,255,255,255,255,255,255,255,255,255,255,255,255,255,255,255,255,255,255,255,255,255,255,255,255,255,255,255,255,255,255,255,255,255,255,255,255,255,255,255,255,255,255,255,255,255,255,255,255,255,255,255,255,255,255,255,255,255,255,255,255,255,255,255,255,255,255,255,255,255,255,255,255,255,255,255,255,255,255,255,255,255,255,255,255,255,255,255,255,255,255,255,255,255,255,255,255,255,255,255,255,255,255,255,255,255,255,255,255,255,255,255,255,255,255,255,255,255,255,255,255,255,255,255,255,255,255,255,255,255,255,255,255,255,255,255,255,255,255,255,255,255,255,255,255,255,255,255,255,255,255,255,255,255,255,255,255,255,255,255,255,255,255,255,255,255,255,255,255,255,255,255,255,255,255,255,255,255,255,255,255,255,255,255,255,255,255,255,255,255,255,255,255,255,255,255,255,255,255,255,255,255,255,255,255,255,255,255,255,255,255,255,255,255,255,255,255,255,255,255,255,255,255,255,255,255,255,255,255,255,255,255,255,255,255,255,255,255,255,255,255,255,255,255,255,255,255,255,255,255,255,255,255,255,255,255,255,255,255,255,255,255,255,255,255,255,255,255,255,255,255,255,255,255,255,255,255,255,255,255,255,255,255,255,255,255,255,255,255,255,255,255,255,255,255,255,255,255,255,255,255,255,255,255,255,255,255,255,255,255,255,255,255,255,255,255,255,255,255,255,255,255,255,255,255,255,255,255,255,255,255,255,255,255,255,255,255,255,255,255,255,255,255,255,255,255,255,255,255,255,255
255,255,255,255,255,255,255,255,255,255,255,255,255,255,255,255,255,255,255,255,255,255,255,255,254,254,254,255,255,255,255,255,255,254,254,254,254,254,254,253,253,253,249,249,249,244,244,244,248,248,248,254,254,254,251,251,251,248,248,248,249,249,249,250,250,250,251,251,251,248,248,248,245,247,244,248,250,247,247,249,246,244,246,243,248,250,247,240,242,239,210,212,209,160,162,159,88,90,87,40,42,39,4,6,3,10,12,9,54,56,53,105,107,104,118,120,117,115,117,114,127,129,126,131,133,130,133,135,132,136,138,135,138,140,137,138,140,137,137,139,136,140,142,139,151,153,150,159,161,158,174,176,173,172,174,171,160,162,159,141,143,140,123,125,122,110,112,109,116,118,115,122,124,121,107,109,106,86,88,85,80,82,79,101,103,100,112,114,111,113,115,112,115,117,114,119,121,118,117,119,116,96,98,95,68,70,67,32,34,31,12,14,11,7,9,6,18,18,16,78,78,76,137,137,135,177,177,177,217,217,217,241,241,241,250,250,250,253,253,253,241,241,241,228,228,228,218,218,218,223,223,223,246,246,246,251,251,251,255,255,255,255,255,255,255,255,255,255,255,255,255,255,255,255,255,255,255,255,255,255,255,255,255,255,255,255,255,255,255,255,255,255,255,255,255,255,255,255,255,255,255,255,255,255,255,255,255,255,255,255,255,255,255,255,255,255,255,255,255,255,255,255,255,255,255,255,255,255,255,255,255,255,255,255,255,255,255,255,255,255,255,255,255,255,255,255,255,255,255,255,255,255,255,255,255,255,255,255,255,255,255,255,255,255,255,255,255,255,255,255,255,255,255,255,255,255,255,255,255,255,255,255,255,255,255,255,255,255,255,255,255,255,255,255,255,255,255,255,255,255,255,255,255,255,255,255,255,255,255,255,255,255,255,255,255,255,255,255,255,255,255,255,255,255,255,255,255,255,255,255,255,255,255,255,255,255,255,255,255,255,255,255,255,255,255,255,255,255,255,255,255,255,255,255,255,255,255,255,255,255,255,255,255,255,255,255,255,255,255,255,255,255,255,255,255,255,255,255,255,255,255,255,255,255,255,255,255,255,255,255,255,255,255,255,255,255,255,255,255,255,255,255,255,255,255,255,255,255,255,255,255,255,255,255,255,255,255,255,255,255,255,255,255,255,255,255,255,255,255,255,255,255,255,255,255,255,255,255,255,255,255,255,255,255,255,255,255,255,255,255,255,255,255,255,255,255,255,255,255,255,255,255,255,255,255,255,255,255,255,255,255,255,255,255,255,255,255,255,255,255,255,255,255,255,255,255,255,255,255,255,255,255,255,255,255,255,255,255,255,255,255,255,255,255,255,255,255,255,255,255,255,255,255,255,255,255,255,255,255,255,255,255,255,255,255,255,255,255,255,255,255,255,255,255,255,255,255,255,255,255,255,255,255,255,255,255,255,255,255,255,255,255,255,255,255,255,255,255,255,255,255,255,255,255,255,255,255,255,255,255,255,255
255,255,255,255,255,255,255,255,255,255,255,255,255,255,255,255,255,255,255,255,255,255,255,255,255,255,255,255,255,255,255,255,255,254,254,254,255,255,255,253,253,253,247,247,247,252,252,252,251,251,251,250,250,250,239,239,239,234,234,234,241,241,241,249,249,249,250,250,250,244,244,244,246,248,245,247,249,246,243,245,242,249,251,248,250,252,249,244,246,243,234,236,233,212,214,211,183,185,182,154,156,153,125,127,124,82,84,81,56,58,55,42,44,41,50,52,49,52,54,51,63,65,62,76,78,75,93,95,92,109,111,108,124,126,123,138,140,137,151,153,150,159,161,158,158,160,157,152,154,151,162,164,161,170,172,169,166,168,165,148,150,147,137,139,136,136,138,135,146,148,145,152,154,151,146,148,145,132,134,131,117,119,116,109,111,108,96,98,95,87,89,86,73,75,72,60,62,59,47,49,46,37,39,36,33,35,32,33,35,32,66,68,65,110,112,109,149,149,147,171,171,169,197,197,195,227,227,227,245,245,245,248,248,248,240,240,240,245,245,245,246,246,246,235,235,235,230,230,230,235,235,235,254,254,254,253,253,253,255,255,255,254,254,254,255,255,255,255,255,255,255,255,255,255,255,255,255,255,255,255,255,255,255,255,255,255,255,255,255,255,255,255,255,255,255,255,255,255,255,255,255,255,255,255,255,255,255,255,255,255,255,255,255,255,255,255,255,255,255,255,255,255,255,255,255,255,255,255,255,255,255,255,255,255,255,255,255,255,255,255,255,255,255,255,255,255,255,255,255,255,255,255,255,255,255,255,255,255,255,255,255,255,255,255,255,255,255,255,255,255,255,255,255,255,255,255,255,255,255,255,255,255,255,255,255,255,255,255,255,255,255,255,255,255,255,255,255,255,255,255,255,255,255,255,255,255,255,255,255,255,255,255,255,255,255,255,255,255,255,255,255,255,255,255,255,255,255,255,255,255,255,255,255,255,255,255,255,255,255,255,255,255,255,255,255,255,255,255,255,255,255,255,255,255,255,255,255,255,255,255,255,255,255,255,255,255,255,255,255,255,255,255,255,255,255,255,255,255,255,255,255,255,255,255,255,255,255,255,255,255,255,255,255,255,255,255,255,255,255,255,255,255,255,255,255,255,255,255,255,255,255,255,255,255,255,255,255,255,255,255,255,255,255,255,255,255,255,255,255,255,255,255,255,255,255,255,255,255,255,255,255,255,255,255,255,255,255,255,255,255,255,255,255,255,255,255,255,255,255,255,255,255,255,255,255,255,255,255,255,255,255,255,255,255,255,255,255,255,255,255,255,255,255,255,255,255,255,255,255,255,255,255,255,255,255,255,255,255,255,255,255,255,255,255,255,255,255,255,255,255,255,255,255,255,255,255,255,255,255,255,255,255,255,255,255,255,255,255,255,255,255,255,255,255,255,255,255,255,255,255,255,255,255,255,255,255,255,255,255,255,255,255,255,255,255,255,255,255,255,255,255,255,255,255,255,255,255,255,255,255,255,255
255,255,255,255,255,255,255,255,255,255,255,255,255,255,255,255,255,255,255,255,255,255,255,255,255,255,255,254,254,254,255,255,255,255,255,255,255,255,255,249,249,249,241,241,241,252,252,252,253,253,253,251,251,251,239,239,239,234,234,234,240,240,240,247,247,247,247,247,247,239,239,239,242,244,241,246,248,245,240,242,239,248,250,247,248,250,247,241,243,240,242,244,241,244,246,243,254,254,252,239,239,237,214,214,212,163,163,161,107,107,105,58,58,56,52,52,50,48,48,46,48,48,46,50,50,48,59,59,57,73,73,71,89,89,87,105,105,103,119,119,117,128,128,126,126,127,122,116,117,112,121,122,117,129,130,125,130,131,126,118,119,114,114,115,110,118,119,114,130,131,126,135,136,131,140,141,136,133,134,129,113,114,109,82,83,78,62,63,58,56,57,52,37,39,36,35,37,34,36,38,35,51,53,50,66,68,65,91,93,90,140,142,139,196,198,195,247,247,245,236,236,234,242,242,240,255,255,255,247,247,247,241,241,241,225,225,225,237,237,237,242,242,242,243,243,243,243,243,243,247,247,247,253,253,253,254,254,254,255,255,255,255,255,255,255,255,255,255,255,255,255,255,255,255,255,255,255,255,255,255,255,255,255,255,255,255,255,255,255,255,255,255,255,255,255,255,255,255,255,255,255,255,255,255,255,255,255,255,255,255,255,255,255,255,255,255,255,255,255,255,255,255,255,255,255,255,255,255,255,255,255,255,255,255,255,255,255,255,255,255,255,255,255,255,255,255,255,255,255,255,255,255,255,255,255,255,255,255,255,255,255,255,255,255,255,255,255,255,255,255,255,255,255,255,255,255,255,255,255,255,255,255,255,255,255,255,255,255,255,255,255,255,255,255,255,255,255,255,255,255,255,255,255,255,255,255,255,255,255,255,255,255,255,255,255,255,255,255,255,255,255,255,255,255,255,255,255,255,255,255,255,255,255,255,255,255,255,255,255,255,255,255,255,255,255,255,255,255,255,255,255,255,255,255,255,255,255,255,255,255,255,255,255,255,255,255,255,255,255,255,255,255,255,255,255,255,255,255,255,255,255,255,255,255,255,255,255,255,255,255,255,255,255,255,255,255,255,255,255,255,255,255,255,255,255,255,255,255,255,255,255,255,255,255,255,255,255,255,255,255,255,255,255,255,255,255,255,255,255,255,255,255,255,255,255,255,255,255,255,255,255,255,255,255,255,255,255,255,255,255,255,255,255,255,255,255,255,255,255,255,255,255,255,255,255,255,255,255,255,255,255,255,255,255,255,255,255,255,255,255,255,255,255,255,255,255,255,255,255,255,255,255,255,255,255,255,255,255,255,255,255,255,255,255,255,255,255,255,255,255,255,255,255,255,255,255,255,255,255,255,255,255,255,255,255,255,255,255,255,255,255,255,255,255,255,255,255,255,255,255,255,255,255,255,255,255,255,255,255,255,255,255,255,255,255,255,255,255,255,255,255,255,255,255,255,255,255,255,255,255,255,255
255,255,255,255,255,255,255,255,255,255,255,255,255,255,255,255,255,255,255,255,255,255,255,255,255,255,255,254,254,254,255,255,255,255,255,255,254,254,254,245,245,245,237,237,237,246,246,246,253,253,253,255,255,255,251,251,251,249,249,249,251,251,251,252,252,252,250,250,250,244,244,244,248,250,247,254,255,253,250,252,249,242,244,241,237,239,236,235,237,234,242,244,241,251,253,250,249,249,247,249,249,247,240,240,238,239,239,237,233,233,231,220,220,218,192,192,190,156,156,154,108,108,106,76,76,74,43,43,41,26,26,24,18,18,16,17,17,15,21,21,19,25,25,23,25,26,21,24,25,20,31,32,27,30,31,26,28,29,24,23,24,19,20,21,16,18,19,14,22,23,18,27,28,23,28,29,24,19,20,15,20,21,16,20,21,16,23,24,19,23,24,19,42,44,41,85,87,84,139,141,138,189,191,188,214,216,213,227,229,226,232,234,231,243,245,242,251,251,249,242,242,240,240,240,238,252,252,252,244,244,244,228,228,228,204,204,204,233,233,233,248,248,248,253,253,253,251,251,251,251,251,251,248,248,248,252,252,252,255,255,255,254,254,254,255,255,255,255,255,255,255,255,255,255,255,255,255,255,255,255,255,255,255,255,255,255,255,255,255,255,255,255,255,255,255,255,255,255,255,255,255,255,255,255,255,255,255,255,255,255,255,255,255,255,255,255,255,255,255,255,255,255,255,255,255,255,255,255,255,255,255,255,255,255,255,255,255,255,255,255,255,255,255,255,255,255,255,255,255,255,255,255,255,255,255,255,255,255,255,255,255,255,255,255,255,255,255,255,255,255,255,255,255,255,255,255,255,255,255,255,255,255,255,255,255,255,255,255,255,255,255,255,255,255,255,255,255,255,255,255,255,255,255,255,255,255,255,255,255,255,255,255,255,255,255,255,255,255,255,255,255,255,255,255,255,255,255,255,255,255,255,255,255,255,255,255,255,255,255,255,255,255,255,255,255,255,255,255,255,255,255,255,255,255,255,255,255,255,255,255,255,255,255,255,255,255,255,255,255,255,255,255,255,255,255,255,255,255,255,255,255,255,255,255,255,255,255,255,255,255,255,255,255,255,255,255,255,255,255,255,255,255,255,255,255,255,255,255,255,255,255,255,255,255,255,255,255,255,255,255,255,255,255,255,255,255,255,255,255,255,255,255,255,255,255,255,255,255,255,255,255,255,255,255,255,255,255,255,255,255,255,255,255,255,255,255,255,255,255,255,255,255,255,255,255,255,255,255,255,255,255,255,255,255,255,255,255,255,255,255,255,255,255,255,255,255,255,255,255,255,255,255,255,255,255,255,255,255,255,255,255,255,255,255,255,255,255,255,255,255,255,255,255,255,255,255,255,255,255,255,255,255,255,255,255,255,255,255,255,255,255,255,255,255,255,255,255,255,255,255,255,255,255,255,255,255,255,255,255,255,255,255,255,255,255,255,255,255,255,255,255,255,255,255,255,255,255,255,255,255,255,255
255,255,255,255,255,255,255,255,255,255,255,255,255,255,255,255,255,255,255,255,255,255,255,255,255,255,255,255,255,255,255,255,255,255,255,255,254,254,254,248,248,248,244,244,244,248,248,248,251,251,251,255,255,255,255,255,255,255,255,255,255,255,255,254,254,254,253,253,253,251,251,251,249,251,248,248,250,247,249,251,248,251,253,250,250,252,249,245,247,244,247,249,246,253,255,252,251,251,249,251,251,249,245,245,243,251,251,249,251,251,249,251,251,249,234,234,232,218,218,216,193,193,191,171,171,169,151,151,149,143,143,141,137,137,135,131,131,129,123,123,121,115,115,113,107,108,103,92,93,88,86,87,82,78,79,74,70,71,66,61,62,57,67,68,63,79,80,75,86,87,82,97,98,93,109,110,105,118,119,114,127,128,123,133,134,129,138,139,134,142,143,138,153,155,152,178,180,177,209,211,208,233,235,232,245,247,244,252,254,251,251,253,250,248,250,247,251,251,249,246,246,244,248,248,246,254,254,254,249,249,249,243,243,243,231,231,231,242,242,242,250,250,250,253,253,253,251,251,251,253,253,253,250,250,250,254,254,254,255,255,255,255,255,255,255,255,255,255,255,255,255,255,255,255,255,255,255,255,255,255,255,255,255,255,255,255,255,255,255,255,255,255,255,255,255,255,255,255,255,255,255,255,255,255,255,255,255,255,255,255,255,255,255,255,255,255,255,255,255,255,255,255,255,255,255,255,255,255,255,255,255,255,255,255,255,255,255,255,255,255,255,255,255,255,255,255,255,255,255,255,255,255,255,255,255,255,255,255,255,255,255,255,255,255,255,255,255,255,255,255,255,255,255,255,255,255,255,255,255,255,255,255,255,255,255,255,255,255,255,255,255,255,255,255,255,255,255,255,255,255,255,255,255,255,255,255,255,255,255,255,255,255,255,255,255,255,255,255,255,255,255,255,255,255,255,255,255,255,255,255,255,255,255,255,255,255,255,255,255,255,255,255,255,255,255,255,255,255,255,255,255,255,255,255,255,255,255,255,255,255,255,255,255,255,255,255,255,255,255,255,255,255,255,255,255,255,255,255,255,255,255,255,255,255,255,255,255,255,255,255,255,255,255,255,255,255,255,255,255,255,255,255,255,255,255,255,255,255,255,255,255,255,255,255,255,255,255,255,255,255,255,255,255,255,255,255,255,255,255,255,255,255,255,255,255,255,255,255,255,255,255,255,255,255,255,255,255,255,255,255,255,255,255,255,255,255,255,255,255,255,255,255,255,255,255,255,255,255,255,255,255,255,255,255,255,255,255,255,255,255,255,255,255,255,255,255,255,255,255,255,255,255,255,255,255,255,255,255,255,255,255,255,255,255,255,255,255,255,255,255,255,255,255,255,255,255,255,255,255,255,255,255,255,255,255,255,255,255,255,255,255,255,255,255,255,255,255,255,255,255,255,255,255,255,255,255,255,255,255,255,255,255,255,255,255,255,255,255,255,255,255,255,255,255,255,255,255,255,255,255,255,255
255,255,255,255,255,255,255,255,255,255,255,255,255,255,255,255,255,255,255,255,255,255,255,255,255,255,255,255,255,255,255,255,255,254,254,254,255,255,255,255,255,255,255,255,255,255,255,255,255,255,255,255,255,255,254,254,254,255,255,255,255,255,255,253,253,253,255,255,255,255,255,255,251,253,250,248,250,247,252,254,251,249,251,248,249,251,248,253,255,252,254,255,253,254,255,253,254,254,252,252,252,250,253,253,251,248,248,246,251,251,249,255,255,253,253,253,251,255,255,253,254,254,252,255,255,253,255,255,253,255,255,253,252,252,250,247,247,245,236,236,234,220,220,218,197,198,193,172,173,168,151,152,147,130,131,126,118,119,114,114,115,110,127,128,123,144,145,140,163,164,159,175,176,171,192,193,188,219,220,215,239,240,235,254,255,250,255,255,251,255,255,251,254,255,253,251,253,250,253,255,252,253,255,252,254,255,253,251,253,250,253,255,252,252,254,251,253,253,251,255,255,253,255,255,253,254,254,254,254,254,254,253,253,253,252,252,252,253,253,253,254,254,254,254,254,254,253,253,253,255,255,255,255,255,255,254,254,254,255,255,255,254,254,254,255,255,255,255,255,255,255,255,255,255,255,255,255,255,255,255,255,255,255,255,255,255,255,255,255,255,255,255,255,255,255,255,255,255,255,255,255,255,255,255,255,255,255,255,255,255,255,255,255,255,255,255,255,255,255,255,255,255,255,255,255,255,255,255,255,255,255,255,255,255,255,255,255,255,255,255,255,255,255,255,255,255,255,255,255,255,255,255,255,255,255,255,255,255,255,255,255,255,255,255,255,255,255,255,255,255,255,255,255,255,255,255,255,255,255,255,255,255,255,255,255,255,255,255,255,255,255,255,255,255,255,255,255,255,255,255,255,255,255,255,255,255,255,255,255,255,255,255,255,255,255,255,255,255,255,255,255,255,255,255,255,255,255,255,255,255,255,255,255,255,255,255,255,255,255,255,255,255,255,255,255,255,255,255,255,255,255,255,255,255,255,255,255,255,255,255,255,255,255,255,255,255,255,255,255,255,255,255,255,255,255,255,255,255,255,255,255,255,255,255,255,255,255,255,255,255,255,255,255,255,255,255,255,255,255,255,255,255,255,255,255,255,255,255,255,255,255,255,255,255,255,255,255,255,255,255,255,255,255,255,255,255,255,255,255,255,255,255,255,255,255,255,255,255,255,255,255,255,255,255,255,255,255,255,255,255,255,255,255,255,255,255,255,255,255,255,255,255,255,255,255,255,255,255,255,255,255,255,255,255,255,255,255,255,255,255,255,255,255,255,255,255,255,255,255,255,255,255,255,255,255,255,255,255,255,255,255,255,255,255,255,255,255,255,255,255,255,255,255,255,255,255,255,255,255,255,255,255,255,255,255,255,255,255,255,255,255,255,255,255,255,255,255,255,255,255,255,255,255,255,255,255,255,255,255,255,255,255,255,255,255,255,255,255,255,255,255,255,255,255,255,255,255,255,255,255,255,255
